solid exported
	facet normal 0.999999999999533 -6.833235266050688e-7 6.833235266050688e-7
		outer loop
			vertex -1.5666942596435547 -123.95953369140625 -93.09001159667969
			vertex -1.5666942596435547 -123.53683471679688 -92.66731262207031
			vertex -1.5666955709457397 -124.67913818359375 -91.89060974121094
		endloop
	endfacet
	facet normal 0.9999999999974439 -0.0000019388625061767177 -0.000001163208222419966
		outer loop
			vertex -1.5666942596435547 -123.53683471679688 -92.66731262207031
			vertex -1.5666942596435547 -124.12153625488281 -91.69271850585938
			vertex -1.5666955709457397 -124.67913818359375 -91.89060974121094
		endloop
	endfacet
	facet normal 0.9999999999974096 -0.0000022621731889180726 -2.5220951169282523e-7
		outer loop
			vertex -1.5666955709457397 -124.67913818359375 -91.89060974121094
			vertex -1.5666942596435547 -124.12153625488281 -91.69271850585938
			vertex -1.5666956901550293 -124.91903686523438 -90.21151733398438
		endloop
	endfacet
	facet normal 0.9999999999996362 -4.61997464602122e-7 7.170317137025712e-7
		outer loop
			vertex -1.5666942596435547 -124.12153625488281 -91.69271850585938
			vertex -1.5666954517364502 -124.33903503417969 -90.17031860351562
			vertex -1.5666956901550293 -124.91903686523438 -90.21151733398438
		endloop
	endfacet
	facet normal 0.9999999999998962 -4.2310540727019456e-7 1.6950356879592126e-7
		outer loop
			vertex -1.5666956901550293 -124.91903686523438 -90.21151733398438
			vertex -1.5666954517364502 -124.33903503417969 -90.17031860351562
			vertex -1.5666980743408203 -124.91903686523438 -76.14582061767578
		endloop
	endfacet
	facet normal 0.9999999999998967 -4.2188231871806864e-7 1.6955415125530717e-7
		outer loop
			vertex -1.5666954517364502 -124.33903503417969 -90.17031860351562
			vertex -1.5666978359222412 -124.33903503417969 -76.10881805419922
			vertex -1.5666980743408203 -124.91903686523438 -76.14582061767578
		endloop
	endfacet
	facet normal 0.9999999999990243 -4.944166394493227e-7 0.0000013065034565457524
		outer loop
			vertex -1.5666980743408203 -124.91903686523438 -76.14582061767578
			vertex -1.5666978359222412 -124.33903503417969 -76.10881805419922
			vertex -1.5667099952697754 -124.33903503417969 -66.80203247070312
		endloop
	endfacet
	facet normal 0.9999999999991392 -1.2055121063230967e-7 0.0000013065034565459025
		outer loop
			vertex -1.5666978359222412 -124.33903503417969 -76.10881805419922
			vertex -1.5667085647583008 -112.49626159667969 -66.80421447753906
			vertex -1.5667099952697754 -124.33903503417969 -66.80203247070312
		endloop
	endfacet
	facet normal 0 0 0
		outer loop
			vertex -1.5667099952697754 -124.33903503417969 -66.80203247070312
			vertex -1.5667085647583008 -112.49626159667969 -66.80421447753906
			vertex -1.5667099952697754 -124.33903503417969 -66.80203247070312
		endloop
	endfacet
	facet normal 0.9999999999999832 -1.2076639489135028e-7 1.3859766268901408e-7
		outer loop
			vertex -1.5667085647583008 -112.49626159667969 -66.80421447753906
			vertex -1.5667121410369873 -124.33903503417969 -51.320045471191406
			vertex -1.5667099952697754 -124.33903503417969 -66.80203247070312
		endloop
	endfacet
	facet normal 0.999999999999905 -4.133577985429014e-7 1.3859766268900325e-7
		outer loop
			vertex -1.5667099952697754 -124.33903503417969 -66.80203247070312
			vertex -1.5667121410369873 -124.33903503417969 -51.320045471191406
			vertex -1.5667123794555664 -124.91903686523438 -51.32963943481445
		endloop
	endfacet
	facet normal 0.9999999999999053 -4.1332888739736147e-7 1.368498431214091e-7
		outer loop
			vertex -1.5667121410369873 -124.33903503417969 -51.320045471191406
			vertex -1.5667166709899902 -124.91903686523438 -19.970199584960938
			vertex -1.5667123794555664 -124.91903686523438 -51.32963943481445
		endloop
	endfacet
	facet normal 0 0 0
		outer loop
			vertex -1.5667123794555664 -124.91903686523438 -51.32963943481445
			vertex -1.5667166709899902 -124.91903686523438 -19.970199584960938
			vertex -1.5667166709899902 -124.91903686523438 -19.970199584960938
		endloop
	endfacet
	facet normal 0 0 0
		outer loop
			vertex -1.5667166709899902 -124.91903686523438 -19.970199584960938
			vertex -1.5666954517364502 -124.33903503417969 -90.17031860351562
			vertex -1.5667166709899902 -124.91903686523438 -19.970199584960938
		endloop
	endfacet
	facet normal 0 0 0
		outer loop
			vertex -1.5667166709899902 -124.91903686523438 -19.970199584960938
			vertex -1.5666954517364502 -124.33903503417969 -90.17031860351562
			vertex -1.5666954517364502 -124.33903503417969 -90.17031860351562
		endloop
	endfacet
	facet normal 0 0 0
		outer loop
			vertex -1.5666954517364502 -124.33903503417969 -90.17031860351562
			vertex -1.5666942596435547 -124.12153625488281 -91.69271850585938
			vertex -1.5666954517364502 -124.33903503417969 -90.17031860351562
		endloop
	endfacet
	facet normal 0.9999999999980045 0.0000017131331797360684 0.0000010277833494748227
		outer loop
			vertex -1.5666954517364502 -124.33903503417969 -90.17031860351562
			vertex -1.5666942596435547 -124.12153625488281 -91.69271850585938
			vertex -1.5666942596435547 -123.53683471679688 -92.66731262207031
		endloop
	endfacet
	facet normal 0 0 0
		outer loop
			vertex -1.5666942596435547 -124.12153625488281 -91.69271850585938
			vertex -1.5666942596435547 -123.53683471679688 -92.66731262207031
			vertex -1.5666942596435547 -123.53683471679688 -92.66731262207031
		endloop
	endfacet
	facet normal 0 0 0
		outer loop
			vertex -1.5666942596435547 -123.53683471679688 -92.66731262207031
			vertex -1.5666942596435547 -123.53683471679688 -92.66731262207031
			vertex -1.5666980743408203 -124.91903686523438 -76.14582061767578
		endloop
	endfacet
	facet normal 0 0 0
		outer loop
			vertex -1.5666942596435547 -123.53683471679688 -92.66731262207031
			vertex -1.5666980743408203 -124.91903686523438 -76.14582061767578
			vertex -1.5666980743408203 -124.91903686523438 -76.14582061767578
		endloop
	endfacet
	facet normal 0 0 0
		outer loop
			vertex -1.5666980743408203 -124.91903686523438 -76.14582061767578
			vertex -1.5666980743408203 -124.91903686523438 -76.14582061767578
			vertex -1.5667102336883545 -124.91903686523438 -66.81562805175781
		endloop
	endfacet
	facet normal 0.9999999999990533 -4.416135901378663e-7 0.000001303225785348178
		outer loop
			vertex -1.5666980743408203 -124.91903686523438 -76.14582061767578
			vertex -1.5667099952697754 -124.33903503417969 -66.80203247070312
			vertex -1.5667102336883545 -124.91903686523438 -66.81562805175781
		endloop
	endfacet
	facet normal 0.9999999999999047 -4.1431318847706963e-7 1.3856184871311058e-7
		outer loop
			vertex -1.5667102336883545 -124.91903686523438 -66.81562805175781
			vertex -1.5667099952697754 -124.33903503417969 -66.80203247070312
			vertex -1.5667123794555664 -124.91903686523438 -51.32963943481445
		endloop
	endfacet
	facet normal 0 0 0
		outer loop
			vertex -1.5667099952697754 -124.33903503417969 -66.80203247070312
			vertex -1.5667123794555664 -124.91903686523438 -51.32963943481445
			vertex -1.5667123794555664 -124.91903686523438 -51.32963943481445
		endloop
	endfacet
	facet normal 0 0 0
		outer loop
			vertex -1.5667123794555664 -124.91903686523438 -51.32963943481445
			vertex -1.5667123794555664 -124.91903686523438 -51.32963943481445
			vertex -1.5667085647583008 -112.49626159667969 -66.80421447753906
		endloop
	endfacet
	facet normal 0 0 0
		outer loop
			vertex -1.5667123794555664 -124.91903686523438 -51.32963943481445
			vertex -1.5667085647583008 -112.49626159667969 -66.80421447753906
			vertex -1.5667085647583008 -112.49626159667969 -66.80421447753906
		endloop
	endfacet
	facet normal 0 0 0
		outer loop
			vertex -1.5667085647583008 -112.49626159667969 -66.80421447753906
			vertex -1.5667085647583008 -112.49626159667969 -66.80421447753906
			vertex -1.5666956901550293 -112.34819030761719 -76.11483001708984
		endloop
	endfacet
	facet normal 0.999999999999032 -1.7825858283728408e-7 0.0000013799526184650774
		outer loop
			vertex -1.5667085647583008 -112.49626159667969 -66.80421447753906
			vertex -1.5666978359222412 -124.33903503417969 -76.10881805419922
			vertex -1.5666956901550293 -112.34819030761719 -76.11483001708984
		endloop
	endfacet
	facet normal 0 0 0
		outer loop
			vertex -1.5666956901550293 -112.34819030761719 -76.11483001708984
			vertex -1.5666978359222412 -124.33903503417969 -76.10881805419922
			vertex -1.5666956901550293 -112.34819030761719 -76.11483001708984
		endloop
	endfacet
	facet normal 0.9999999999999697 -1.7886545173065126e-7 1.6955415125531953e-7
		outer loop
			vertex -1.5666978359222412 -124.33903503417969 -76.10881805419922
			vertex -1.5666954517364502 -124.33903503417969 -90.17031860351562
			vertex -1.5666956901550293 -112.34819030761719 -76.11483001708984
		endloop
	endfacet
	facet normal 0 0 0
		outer loop
			vertex -1.5666956901550293 -112.34819030761719 -76.11483001708984
			vertex -1.5666954517364502 -124.33903503417969 -90.17031860351562
			vertex -1.5666956901550293 -112.34819030761719 -76.11483001708984
		endloop
	endfacet
	facet normal 0.9999999999999695 -1.7930434622715556e-7 1.6992857550436403e-7
		outer loop
			vertex -1.5666954517364502 -124.33903503417969 -90.17031860351562
			vertex -1.5666933059692383 -112.37820434570312 -90.17701721191406
			vertex -1.5666956901550293 -112.34819030761719 -76.11483001708984
		endloop
	endfacet
	facet normal 0 0 0
		outer loop
			vertex -1.5666956901550293 -112.34819030761719 -76.11483001708984
			vertex -1.5666933059692383 -112.37820434570312 -90.17701721191406
			vertex -1.5666956901550293 -112.34819030761719 -76.11483001708984
		endloop
	endfacet
	facet normal 0.9999999999999727 -1.6055426188613746e-7 1.6988855571670784e-7
		outer loop
			vertex -1.5666933059692383 -112.37820434570312 -90.17701721191406
			vertex -1.566685676574707 -50.07807540893555 -76.20811462402344
			vertex -1.5666956901550293 -112.34819030761719 -76.11483001708984
		endloop
	endfacet
	facet normal 0.9999999999990349 -1.5874104368485917e-7 0.0000013802630154704513
		outer loop
			vertex -1.5666956901550293 -112.34819030761719 -76.11483001708984
			vertex -1.566685676574707 -50.07807540893555 -76.20811462402344
			vertex -1.5667085647583008 -112.49626159667969 -66.80421447753906
		endloop
	endfacet
	facet normal 0.9999999999990752 -1.6327590511071002e-7 0.0000013501629697017526
		outer loop
			vertex -1.566685676574707 -50.07807540893555 -76.20811462402344
			vertex -1.5666980743408203 -48.53002166748047 -66.83848571777344
			vertex -1.5667085647583008 -112.49626159667969 -66.80421447753906
		endloop
	endfacet
	facet normal 0 0 0
		outer loop
			vertex -1.5667085647583008 -112.49626159667969 -66.80421447753906
			vertex -1.5666980743408203 -48.53002166748047 -66.83848571777344
			vertex -1.5667085647583008 -112.49626159667969 -66.80421447753906
		endloop
	endfacet
	facet normal 0.999999999999977 -1.639251728464469e-7 1.3832425394624465e-7
		outer loop
			vertex -1.5666980743408203 -48.53002166748047 -66.83848571777344
			vertex -1.5667107105255127 -112.52153015136719 -51.321571350097656
			vertex -1.5667085647583008 -112.49626159667969 -66.80421447753906
		endloop
	endfacet
	facet normal 0.9999999999999832 -1.2103234277578767e-7 1.3839425748591384e-7
		outer loop
			vertex -1.5667085647583008 -112.49626159667969 -66.80421447753906
			vertex -1.5667107105255127 -112.52153015136719 -51.321571350097656
			vertex -1.5667121410369873 -124.33903503417969 -51.320045471191406
		endloop
	endfacet
	facet normal 0.9999999999999835 -1.210325376285779e-7 1.3688517718477945e-7
		outer loop
			vertex -1.5667107105255127 -112.52153015136719 -51.321571350097656
			vertex -1.5667164325714111 -124.33903503417969 -19.968700408935547
			vertex -1.5667121410369873 -124.33903503417969 -51.320045471191406
		endloop
	endfacet
	facet normal 0.999999999999906 -4.114190357700912e-7 1.3688517718476886e-7
		outer loop
			vertex -1.5667121410369873 -124.33903503417969 -51.320045471191406
			vertex -1.5667164325714111 -124.33903503417969 -19.968700408935547
			vertex -1.5667166709899902 -124.91903686523438 -19.970199584960938
		endloop
	endfacet
	facet normal 0.9999999999999041 -4.114560592968911e-7 1.5120885430662533e-7
		outer loop
			vertex -1.5667164325714111 -124.33903503417969 -19.968700408935547
			vertex -1.5667178630828857 -124.33903503417969 -10.508199691772461
			vertex -1.5667166709899902 -124.91903686523438 -19.970199584960938
		endloop
	endfacet
	facet normal 0.9999999999999042 -4.107788785140314e-7 1.5116734446743203e-7
		outer loop
			vertex -1.5667166709899902 -124.91903686523438 -19.970199584960938
			vertex -1.5667178630828857 -124.33903503417969 -10.508199691772461
			vertex -1.5667181015014648 -124.91903686523438 -10.507101058959961
		endloop
	endfacet
	facet normal 0.999999999999911 -4.1088294729755704e-7 9.622625376621827e-8
		outer loop
			vertex -1.5667178630828857 -124.33903503417969 -10.508199691772461
			vertex -1.5667212009429932 -124.33903503417969 24.179424285888672
			vertex -1.5667181015014648 -124.91903686523438 -10.507101058959961
		endloop
	endfacet
	facet normal 0.9999999999996577 -8.211527538275268e-7 1.030864750379459e-7
		outer loop
			vertex -1.5667181015014648 -124.91903686523438 -10.507101058959961
			vertex -1.5667212009429932 -124.33903503417969 24.179424285888672
			vertex -1.5667216777801514 -124.91903686523438 24.184925079345703
		endloop
	endfacet
	facet normal 0 0 0
		outer loop
			vertex -1.5667212009429932 -124.33903503417969 24.179424285888672
			vertex -1.5667212009429932 -124.33903503417969 24.179424285888672
			vertex -1.5667216777801514 -124.91903686523438 24.184925079345703
		endloop
	endfacet
	facet normal 0.9999999999996512 -8.206493429607911e-7 1.5616594925511425e-7
		outer loop
			vertex -1.5667216777801514 -124.91903686523438 24.184925079345703
			vertex -1.5667212009429932 -124.33903503417969 24.179424285888672
			vertex -1.566723346710205 -124.91903686523438 34.871826171875
		endloop
	endfacet
	facet normal 0.9999999999999006 -4.085713741194449e-7 1.785188292734999e-7
		outer loop
			vertex -1.5667212009429932 -124.33903503417969 24.179424285888672
			vertex -1.566723108291626 -124.33903503417969 34.86372375488281
			vertex -1.566723346710205 -124.91903686523438 34.871826171875
		endloop
	endfacet
	facet normal 0 0 0
		outer loop
			vertex -1.566723346710205 -124.91903686523438 34.871826171875
			vertex -1.566723108291626 -124.33903503417969 34.86372375488281
			vertex -1.566723346710205 -124.91903686523438 34.871826171875
		endloop
	endfacet
	facet normal 0.9999999999999032 -4.087906916848777e-7 1.6281924362448277e-7
		outer loop
			vertex -1.566723108291626 -124.33903503417969 34.86372375488281
			vertex -1.5667340755462646 -124.33901977539062 102.22222900390625
			vertex -1.566723346710205 -124.91903686523438 34.871826171875
		endloop
	endfacet
	facet normal 0.9999999999999052 -4.0424756126794085e-7 1.627801184942328e-7
		outer loop
			vertex -1.566723346710205 -124.91903686523438 34.871826171875
			vertex -1.5667340755462646 -124.33901977539062 102.22222900390625
			vertex -1.5667343139648438 -124.91902160644531 102.24652099609375
		endloop
	endfacet
	facet normal 0.9999999999999055 -4.0437703258781324e-7 1.5968882807987159e-7
		outer loop
			vertex -1.5667340755462646 -124.33901977539062 102.22222900390625
			vertex -1.5667355060577393 -124.33902740478516 111.18032836914062
			vertex -1.5667343139648438 -124.91902160644531 102.24652099609375
		endloop
	endfacet
	facet normal 0.9999999999999059 -4.03798985821385e-7 1.5965130054443043e-7
		outer loop
			vertex -1.5667343139648438 -124.91902160644531 102.24652099609375
			vertex -1.5667355060577393 -124.33902740478516 111.18032836914062
			vertex -1.5667357444763184 -124.91902923583984 111.20672607421875
		endloop
	endfacet
	facet normal 0 0 0
		outer loop
			vertex -1.5667355060577393 -124.33902740478516 111.18032836914062
			vertex -1.5667355060577393 -124.33902740478516 111.18032836914062
			vertex -1.5667357444763184 -124.91902923583984 111.20672607421875
		endloop
	endfacet
	facet normal 0.9999999999998922 -4.0031526245469633e-7 2.3619454267795004e-7
		outer loop
			vertex -1.5667357444763184 -124.91902923583984 111.20672607421875
			vertex -1.5667355060577393 -124.33902740478516 111.18032836914062
			vertex -1.5667428970336914 -124.91903686523438 141.48919677734375
		endloop
	endfacet
	facet normal 0.9999999999998938 -3.9599135980661645e-7 2.3627728758311056e-7
		outer loop
			vertex -1.5667355060577393 -124.33902740478516 111.18032836914062
			vertex -1.5667426586151123 -124.33903503417969 141.4521942138672
			vertex -1.5667428970336914 -124.91903686523438 141.48919677734375
		endloop
	endfacet
	facet normal 0 0 0
		outer loop
			vertex -1.5667428970336914 -124.91903686523438 141.48919677734375
			vertex -1.5667426586151123 -124.33903503417969 141.4521942138672
			vertex -1.5667428970336914 -124.91903686523438 141.48919677734375
		endloop
	endfacet
	facet normal 0.9999999999999009 -3.98334325116057e-7 1.9955215175752915e-7
		outer loop
			vertex -1.5667426586151123 -124.33903503417969 141.4521942138672
			vertex -1.566744089126587 -124.33903503417969 148.6208038330078
			vertex -1.5667428970336914 -124.91903686523438 141.48919677734375
		endloop
	endfacet
	facet normal 0.9999999999999015 -3.968989079097139e-7 1.9943541164530657e-7
		outer loop
			vertex -1.5667428970336914 -124.91903686523438 141.48919677734375
			vertex -1.566744089126587 -124.33903503417969 148.6208038330078
			vertex -1.566744327545166 -124.91903686523438 148.66200256347656
		endloop
	endfacet
	facet normal 0.9999999999999155 -4.0693561549452456e-7 5.813715534678019e-8
		outer loop
			vertex -1.566744089126587 -124.33903503417969 148.6208038330078
			vertex -1.566744089126587 -124.12153625488281 150.14320373535156
			vertex -1.566744327545166 -124.91903686523438 148.66200256347656
		endloop
	endfacet
	facet normal 0.999999999999816 -5.864357911100432e-7 1.5478270379068403e-7
		outer loop
			vertex -1.566744327545166 -124.91903686523438 148.66200256347656
			vertex -1.566744089126587 -124.12153625488281 150.14320373535156
			vertex -1.5667444467544556 -124.67913818359375 150.34109497070312
		endloop
	endfacet
	facet normal 0.99999999999981 -5.287806835039924e-7 3.1723860611528677e-7
		outer loop
			vertex -1.566744089126587 -124.12153625488281 150.14320373535156
			vertex -1.566744089126587 -123.53683471679688 151.1177978515625
			vertex -1.5667444467544556 -124.67913818359375 150.34109497070312
		endloop
	endfacet
	facet normal 0.9999999999996758 -6.429415060516591e-7 4.851358890819005e-7
		outer loop
			vertex -1.5667444467544556 -124.67913818359375 150.34109497070312
			vertex -1.566744089126587 -123.53683471679688 151.1177978515625
			vertex -1.5667445659637451 -123.95953369140625 151.54049682617188
		endloop
	endfacet
	facet normal 0 0 0
		outer loop
			vertex -1.566744089126587 -123.53683471679688 151.1177978515625
			vertex -1.566744089126587 -123.53683471679688 151.1177978515625
			vertex -1.5667445659637451 -123.95953369140625 151.54049682617188
		endloop
	endfacet
	facet normal 0.9999999999996799 -6.093789529910617e-7 5.186984421425026e-7
		outer loop
			vertex -1.5667445659637451 -123.95953369140625 151.54049682617188
			vertex -1.566744089126587 -123.53683471679688 151.1177978515625
			vertex -1.5667442083358765 -122.76013946533203 152.26010131835938
		endloop
	endfacet
	facet normal 0.9999999999999789 -1.0574548637869849e-7 1.762590349563885e-7
		outer loop
			vertex -1.566744089126587 -123.53683471679688 151.1177978515625
			vertex -1.566744089126587 -122.56224060058594 151.70249938964844
			vertex -1.5667442083358765 -122.76013946533203 152.26010131835938
		endloop
	endfacet
	facet normal 0.9999999999999793 -9.664036099884353e-8 1.7949054095244885e-7
		outer loop
			vertex -1.5667442083358765 -122.76013946533203 152.26010131835938
			vertex -1.566744089126587 -122.56224060058594 151.70249938964844
			vertex -1.566744089126587 -121.08103942871094 152.5
		endloop
	endfacet
	facet normal 0.999999999999899 -2.131694750275651e-7 3.9592054491295893e-7
		outer loop
			vertex -1.566744089126587 -122.56224060058594 151.70249938964844
			vertex -1.5667438507080078 -121.03983306884766 151.9199981689453
			vertex -1.566744089126587 -121.08103942871094 152.5
		endloop
	endfacet
	facet normal 0.9999999999999127 -1.1001303434429952e-7 4.0324931732266595e-7
		outer loop
			vertex -1.566744089126587 -121.08103942871094 152.5
			vertex -1.5667438507080078 -121.03983306884766 151.9199981689453
			vertex -1.5667431354522705 -112.41230010986328 152.5
		endloop
	endfacet
	facet normal 0.9999999999999127 -1.1002959355947416e-7 4.034956358117548e-7
		outer loop
			vertex -1.5667438507080078 -121.03983306884766 151.9199981689453
			vertex -1.5667428970336914 -112.37239837646484 151.9199981689453
			vertex -1.5667431354522705 -112.41230010986328 152.5
		endloop
	endfacet
	facet normal 0.9999999999999064 -1.670652945846995e-7 3.9957181486042325e-7
		outer loop
			vertex -1.5667431354522705 -112.41230010986328 152.5
			vertex -1.5667428970336914 -112.37239837646484 151.9199981689453
			vertex -1.56673264503479 -49.61997985839844 152.5
		endloop
	endfacet
	facet normal 0.9999999999999019 -1.6716459427145356e-7 4.10315393877435e-7
		outer loop
			vertex -1.5667428970336914 -112.37239837646484 151.9199981689453
			vertex -1.566732406616211 -49.61737823486328 151.9199981689453
			vertex -1.56673264503479 -49.61997985839844 152.5
		endloop
	endfacet
	facet normal 0.9999999999999063 -1.3777065044278197e-7 4.104472416957734e-7
		outer loop
			vertex -1.56673264503479 -49.61997985839844 152.5
			vertex -1.566732406616211 -49.61737823486328 151.9199981689453
			vertex -1.5667312145233154 -39.236698150634766 152.5
		endloop
	endfacet
	facet normal 0.9999999999999061 -1.3781849855013644e-7 4.113036112251244e-7
		outer loop
			vertex -1.566732406616211 -49.61737823486328 151.9199981689453
			vertex -1.5667309761047363 -39.237701416015625 151.9199981689453
			vertex -1.5667312145233154 -39.236698150634766 152.5
		endloop
	endfacet
	facet normal 0.9999999999999005 -1.7280440786716998e-7 4.1136412853688965e-7
		outer loop
			vertex -1.5667312145233154 -39.236698150634766 152.5
			vertex -1.5667309761047363 -39.237701416015625 151.9199981689453
			vertex -1.5667204856872559 22.849889755249023 152.5
		endloop
	endfacet
	facet normal 0.9999999999998984 -1.728522842482964e-7 4.1648916266437524e-7
		outer loop
			vertex -1.5667309761047363 -39.237701416015625 151.9199981689453
			vertex -1.5667202472686768 22.831689834594727 151.9199981689453
			vertex -1.5667204856872559 22.849889755249023 152.5
		endloop
	endfacet
	facet normal 0 0 0
		outer loop
			vertex -1.5667204856872559 22.849889755249023 152.5
			vertex -1.5667202472686768 22.831689834594727 151.9199981689453
			vertex -1.5667204856872559 22.849889755249023 152.5
		endloop
	endfacet
	facet normal 0.9999999999999033 -1.4412519752356928e-7 4.1558773327049347e-7
		outer loop
			vertex -1.5667202472686768 22.831689834594727 151.9199981689453
			vertex -1.5667188167572021 32.75716781616211 151.9199981689453
			vertex -1.5667204856872559 22.849889755249023 152.5
		endloop
	endfacet
	facet normal 0.999999999999986 -1.681037455627792e-7 5.999124749570125e-9
		outer loop
			vertex -1.5667204856872559 22.849889755249023 152.5
			vertex -1.5667188167572021 32.75716781616211 151.9199981689453
			vertex -1.5667188167572021 32.77786636352539 152.5
		endloop
	endfacet
	facet normal 0 0 0
		outer loop
			vertex -1.5667188167572021 32.75716781616211 151.9199981689453
			vertex -1.5667188167572021 32.75716781616211 151.9199981689453
			vertex -1.5667188167572021 32.77786636352539 152.5
		endloop
	endfacet
	facet normal 0.9999999999999749 -2.2371014759344511e-7 7.983552529807379e-9
		outer loop
			vertex -1.5667188167572021 32.77786636352539 152.5
			vertex -1.5667188167572021 32.75716781616211 151.9199981689453
			vertex -1.5667078495025635 81.80226135253906 152.5
		endloop
	endfacet
	facet normal 0.9999999999999749 -2.2379781070472241e-7 1.5396366183285077e-8
		outer loop
			vertex -1.5667188167572021 32.75716781616211 151.9199981689453
			vertex -1.5667078495025635 81.76235961914062 151.9199981689453
			vertex -1.5667078495025635 81.80226135253906 152.5
		endloop
	endfacet
	facet normal 0.9999999999999993 -3.73058157677656e-8 2.566486233793035e-9
		outer loop
			vertex -1.5667078495025635 81.80226135253906 152.5
			vertex -1.5667078495025635 81.76235961914062 151.9199981689453
			vertex -1.5667073726654053 94.5841064453125 152.5
		endloop
	endfacet
	facet normal 0.999999999999914 -5.578680218148231e-8 4.1111438420119796e-7
		outer loop
			vertex -1.5667078495025635 81.76235961914062 151.9199981689453
			vertex -1.5667071342468262 94.5835952758789 151.9199981689453
			vertex -1.5667073726654053 94.5841064453125 152.5
		endloop
	endfacet
	facet normal 0.9999999999999122 -8.0895624582167e-8 4.111365132046547e-7
		outer loop
			vertex -1.5667073726654053 94.5841064453125 152.5
			vertex -1.5667071342468262 94.5835952758789 151.9199981689453
			vertex -1.5667054653167725 118.16200256347656 152.5
		endloop
	endfacet
	facet normal 0.9999999999999976 -7.09060545829134e-8 5.03753651314508e-9
		outer loop
			vertex -1.5667071342468262 94.5835952758789 151.9199981689453
			vertex -1.5667054653167725 118.12079620361328 151.9199981689453
			vertex -1.5667054653167725 118.16200256347656 152.5
		endloop
	endfacet
	facet normal 0.9999999999999517 -3.100654325178687e-7 2.20286680306886e-8
		outer loop
			vertex -1.5667054653167725 118.16200256347656 152.5
			vertex -1.5667054653167725 118.12079620361328 151.9199981689453
			vertex -1.5667049884796143 119.64320373535156 151.70249938964844
		endloop
	endfacet
	facet normal 0.9999999999996809 -4.111106355815557e-7 -6.852487644570458e-7
		outer loop
			vertex -1.5667054653167725 118.12079620361328 151.9199981689453
			vertex -1.5667049884796143 120.6177978515625 151.1177978515625
			vertex -1.5667049884796143 119.64320373535156 151.70249938964844
		endloop
	endfacet
	facet normal 1 0 0
		outer loop
			vertex -1.5667049884796143 119.64320373535156 151.70249938964844
			vertex -1.5667049884796143 120.6177978515625 151.1177978515625
			vertex -1.5667049884796143 119.84110260009766 152.26010131835938
		endloop
	endfacet
	facet normal 0 0 0
		outer loop
			vertex -1.5667049884796143 120.6177978515625 151.1177978515625
			vertex -1.5667049884796143 120.6177978515625 151.1177978515625
			vertex -1.5667049884796143 119.84110260009766 152.26010131835938
		endloop
	endfacet
	facet normal 1 0 0
		outer loop
			vertex -1.5667049884796143 119.84110260009766 152.26010131835938
			vertex -1.5667049884796143 120.6177978515625 151.1177978515625
			vertex -1.5667049884796143 121.04049682617188 151.54049682617188
		endloop
	endfacet
	facet normal 0 0 0
		outer loop
			vertex -1.5667049884796143 120.6177978515625 151.1177978515625
			vertex -1.5667049884796143 120.6177978515625 151.1177978515625
			vertex -1.5667049884796143 121.04049682617188 151.54049682617188
		endloop
	endfacet
	facet normal 0.9999999999999654 -1.8636096180146297e-7 1.8636096180146297e-7
		outer loop
			vertex -1.5667049884796143 121.04049682617188 151.54049682617188
			vertex -1.5667049884796143 120.6177978515625 151.1177978515625
			vertex -1.5667046308517456 121.76010131835938 150.34109497070312
		endloop
	endfacet
	facet normal 0.99999999999987 3.310174308961693e-8 5.091266097829527e-7
		outer loop
			vertex -1.5667049884796143 120.6177978515625 151.1177978515625
			vertex -1.566704511642456 121.20249938964844 150.14320373535156
			vertex -1.5667046308517456 121.76010131835938 150.34109497070312
		endloop
	endfacet
	facet normal 0.9999999999999293 8.356997551666543e-8 3.6692130346934553e-7
		outer loop
			vertex -1.5667046308517456 121.76010131835938 150.34109497070312
			vertex -1.566704511642456 121.20249938964844 150.14320373535156
			vertex -1.5667040348052979 122 148.66200256347656
		endloop
	endfacet
	facet normal 0 0 0
		outer loop
			vertex -1.566704511642456 121.20249938964844 150.14320373535156
			vertex -1.566704511642456 121.20249938964844 150.14320373535156
			vertex -1.5667040348052979 122 148.66200256347656
		endloop
	endfacet
	facet normal 0.999999999999908 -4.179479853160667e-7 9.68966184631294e-8
		outer loop
			vertex -1.5667040348052979 122 148.66200256347656
			vertex -1.566704511642456 121.20249938964844 150.14320373535156
			vertex -1.566704273223877 121.41999816894531 148.6208038330078
		endloop
	endfacet
	facet normal 0.9999999999997338 -7.27797961186559e-7 5.262967426976134e-8
		outer loop
			vertex -1.566704511642456 121.20249938964844 150.14320373535156
			vertex -1.5667049884796143 120.6177978515625 151.1177978515625
			vertex -1.566704273223877 121.41999816894531 148.6208038330078
		endloop
	endfacet
	facet normal 0 0 0
		outer loop
			vertex -1.566704273223877 121.41999816894531 148.6208038330078
			vertex -1.5667049884796143 120.6177978515625 151.1177978515625
			vertex -1.566704273223877 121.41999816894531 148.6208038330078
		endloop
	endfacet
	facet normal 0.9999999999999625 -1.1032534202219126e-7 2.51002889178673e-7
		outer loop
			vertex -1.5667049884796143 120.6177978515625 151.1177978515625
			vertex -1.5667054653167725 118.12079620361328 151.9199981689453
			vertex -1.566704273223877 121.41999816894531 148.6208038330078
		endloop
	endfacet
	facet normal 0 0 0
		outer loop
			vertex -1.566704273223877 121.41999816894531 148.6208038330078
			vertex -1.5667054653167725 118.12079620361328 151.9199981689453
			vertex -1.566704273223877 121.41999816894531 148.6208038330078
		endloop
	endfacet
	facet normal 0.9999999999999554 -7.09060545829104e-8 2.9042226777514457e-7
		outer loop
			vertex -1.5667054653167725 118.12079620361328 151.9199981689453
			vertex -1.5667071342468262 94.5835952758789 151.9199981689453
			vertex -1.566704273223877 121.41999816894531 148.6208038330078
		endloop
	endfacet
	facet normal 0 0 0
		outer loop
			vertex -1.566704273223877 121.41999816894531 148.6208038330078
			vertex -1.5667071342468262 94.5835952758789 151.9199981689453
			vertex -1.566704273223877 121.41999816894531 148.6208038330078
		endloop
	endfacet
	facet normal 0.9999999999999826 -8.616611241692451e-8 1.6629345979795452e-7
		outer loop
			vertex -1.5667071342468262 94.5835952758789 151.9199981689453
			vertex -1.5667030811309814 121.41999816894531 141.4521942138672
			vertex -1.566704273223877 121.41999816894531 148.6208038330078
		endloop
	endfacet
	facet normal 0.9999999999999861 -1.060907737260375e-8 1.6629345979795513e-7
		outer loop
			vertex -1.566704273223877 121.41999816894531 148.6208038330078
			vertex -1.5667030811309814 121.41999816894531 141.4521942138672
			vertex -1.5667030811309814 122 141.48919677734375
		endloop
	endfacet
	facet normal 0 0 0
		outer loop
			vertex -1.5667030811309814 121.41999816894531 141.4521942138672
			vertex -1.5667030811309814 121.41999816894531 141.4521942138672
			vertex -1.5667030811309814 122 141.48919677734375
		endloop
	endfacet
	facet normal 0.9999999999999721 -1.506858544534887e-8 2.361946397373839e-7
		outer loop
			vertex -1.5667030811309814 122 141.48919677734375
			vertex -1.5667030811309814 121.41999816894531 141.4521942138672
			vertex -1.5666959285736084 122.00000762939453 111.20672607421875
		endloop
	endfacet
	facet normal 0.999999999999972 -1.0753725907934062e-8 2.3627738467426682e-7
		outer loop
			vertex -1.5667030811309814 121.41999816894531 141.4521942138672
			vertex -1.5666959285736084 121.42000579833984 111.18032836914062
			vertex -1.5666959285736084 122.00000762939453 111.20672607421875
		endloop
	endfacet
	facet normal 0.9999999999999872 -7.2662477903500265e-9 1.596516443693612e-7
		outer loop
			vertex -1.5666959285736084 122.00000762939453 111.20672607421875
			vertex -1.5666959285736084 121.42000579833984 111.18032836914062
			vertex -1.5666944980621338 122.00000762939453 102.24652099609375
		endloop
	endfacet
	facet normal 0.9999999999999872 -6.690294666962814e-9 1.5968903647467723e-7
		outer loop
			vertex -1.5666959285736084 121.42000579833984 111.18032836914062
			vertex -1.5666944980621338 121.42000579833984 102.22222137451172
			vertex -1.5666944980621338 122.00000762939453 102.24652099609375
		endloop
	endfacet
	facet normal 0.9999999999999869 -6.819794148121078e-9 1.6278002848617285e-7
		outer loop
			vertex -1.5666944980621338 122.00000762939453 102.24652099609375
			vertex -1.5666944980621338 121.42000579833984 102.22222137451172
			vertex -1.5666835308074951 121.99999237060547 34.871826171875
		endloop
	endfacet
	facet normal 0.9999999999999868 -2.274585082467851e-9 1.6281916946252922e-7
		outer loop
			vertex -1.5666944980621338 121.42000579833984 102.22222137451172
			vertex -1.5666835308074951 121.42000579833984 34.86372375488281
			vertex -1.5666835308074951 121.99999237060547 34.871826171875
		endloop
	endfacet
	facet normal 0.9999999999999841 -2.493909453939394e-9 1.785188292735148e-7
		outer loop
			vertex -1.5666835308074951 121.99999237060547 34.871826171875
			vertex -1.5666835308074951 121.42000579833984 34.86372375488281
			vertex -1.5666816234588623 121.42000579833984 24.179424285888672
		endloop
	endfacet
	facet normal 0 0 0
		outer loop
			vertex -1.5666835308074951 121.42000579833984 34.86372375488281
			vertex -1.5666835308074951 121.42000579833984 34.86372375488281
			vertex -1.5666816234588623 121.42000579833984 24.179424285888672
		endloop
	endfacet
	facet normal 0.999999999999972 -1.5563586395246294e-7 1.7851882927351263e-7
		outer loop
			vertex -1.5666816234588623 121.42000579833984 24.179424285888672
			vertex -1.5666835308074951 121.42000579833984 34.86372375488281
			vertex -1.566685438156128 109.16629791259766 34.86502456665039
		endloop
	endfacet
	facet normal 0.9999999999999747 -1.5563753057471513e-7 1.6281916946252724e-7
		outer loop
			vertex -1.5666835308074951 121.42000579833984 34.86372375488281
			vertex -1.5666944980621338 121.42000579833984 102.22222137451172
			vertex -1.566685438156128 109.16629791259766 34.86502456665039
		endloop
	endfacet
	facet normal 0.999999999999975 -1.543161904564611e-7 1.6257878956855717e-7
		outer loop
			vertex -1.566685438156128 109.16629791259766 34.86502456665039
			vertex -1.5666944980621338 121.42000579833984 102.22222137451172
			vertex -1.5666964054107666 109.0641098022461 102.22611999511719
		endloop
	endfacet
	facet normal 0 0 0
		outer loop
			vertex -1.5666944980621338 121.42000579833984 102.22222137451172
			vertex -1.5666944980621338 121.42000579833984 102.22222137451172
			vertex -1.5666964054107666 109.0641098022461 102.22611999511719
		endloop
	endfacet
	facet normal 0.9999999999999756 -1.543171783766922e-7 1.5944777456034177e-7
		outer loop
			vertex -1.5666964054107666 109.0641098022461 102.22611999511719
			vertex -1.5666944980621338 121.42000579833984 102.22222137451172
			vertex -1.5666978359222412 109.05050659179688 111.18461608886719
		endloop
	endfacet
	facet normal 0.9999999999999755 -1.5414237061206942e-7 1.5968903647467535e-7
		outer loop
			vertex -1.5666944980621338 121.42000579833984 102.22222137451172
			vertex -1.5666959285736084 121.42000579833984 111.18032836914062
			vertex -1.5666978359222412 109.05050659179688 111.18461608886719
		endloop
	endfacet
	facet normal 0.9999999999999778 -1.5414774246242504e-7 1.4419196508373032e-7
		outer loop
			vertex -1.5666978359222412 109.05050659179688 111.18461608886719
			vertex -1.5666959285736084 121.42000579833984 111.18032836914062
			vertex -1.5667064189910889 81.73816680908203 141.51177978515625
		endloop
	endfacet
	facet normal 0.9999999999999686 -8.376078602389105e-8 2.362773662743541e-7
		outer loop
			vertex -1.5666959285736084 121.42000579833984 111.18032836914062
			vertex -1.5667030811309814 121.41999816894531 141.4521942138672
			vertex -1.5667064189910889 81.73816680908203 141.51177978515625
		endloop
	endfacet
	facet normal 0 0 0
		outer loop
			vertex -1.5667064189910889 81.73816680908203 141.51177978515625
			vertex -1.5667030811309814 121.41999816894531 141.4521942138672
			vertex -1.5667030811309814 121.41999816894531 141.4521942138672
		endloop
	endfacet
	facet normal 0 0 0
		outer loop
			vertex -1.5667030811309814 121.41999816894531 141.4521942138672
			vertex -1.566744089126587 -124.12153625488281 150.14320373535156
			vertex -1.5667030811309814 121.41999816894531 141.4521942138672
		endloop
	endfacet
	facet normal 0 0 0
		outer loop
			vertex -1.5667030811309814 121.41999816894531 141.4521942138672
			vertex -1.566744089126587 -124.12153625488281 150.14320373535156
			vertex -1.566744089126587 -124.12153625488281 150.14320373535156
		endloop
	endfacet
	facet normal 0 0 0
		outer loop
			vertex -1.566744089126587 -124.12153625488281 150.14320373535156
			vertex -1.566744089126587 -124.33903503417969 148.6208038330078
			vertex -1.566744089126587 -124.12153625488281 150.14320373535156
		endloop
	endfacet
	facet normal 1 0 0
		outer loop
			vertex -1.566744089126587 -124.12153625488281 150.14320373535156
			vertex -1.566744089126587 -124.33903503417969 148.6208038330078
			vertex -1.566744089126587 -123.53683471679688 151.1177978515625
		endloop
	endfacet
	facet normal 0.9999999999999939 -1.0647101113151739e-7 3.420556008028002e-8
		outer loop
			vertex -1.566744089126587 -124.33903503417969 148.6208038330078
			vertex -1.5667438507080078 -121.03983306884766 151.9199981689453
			vertex -1.566744089126587 -123.53683471679688 151.1177978515625
		endloop
	endfacet
	facet normal 0.9999999999999202 -2.05555317790827e-7 3.426243822286049e-7
		outer loop
			vertex -1.566744089126587 -123.53683471679688 151.1177978515625
			vertex -1.5667438507080078 -121.03983306884766 151.9199981689453
			vertex -1.566744089126587 -122.56224060058594 151.70249938964844
		endloop
	endfacet
	facet normal 0 0 0
		outer loop
			vertex -1.5667438507080078 -121.03983306884766 151.9199981689453
			vertex -1.566744089126587 -122.56224060058594 151.70249938964844
			vertex -1.566744089126587 -122.56224060058594 151.70249938964844
		endloop
	endfacet
	facet normal 0 0 0
		outer loop
			vertex -1.566744089126587 -122.56224060058594 151.70249938964844
			vertex -1.566744089126587 -122.56224060058594 151.70249938964844
			vertex -1.5667049884796143 119.64320373535156 151.70249938964844
		endloop
	endfacet
	facet normal 0 0 0
		outer loop
			vertex -1.566744089126587 -122.56224060058594 151.70249938964844
			vertex -1.5667049884796143 119.64320373535156 151.70249938964844
			vertex -1.5667049884796143 119.64320373535156 151.70249938964844
		endloop
	endfacet
	facet normal 0 0 0
		outer loop
			vertex -1.5667049884796143 119.64320373535156 151.70249938964844
			vertex -1.5667049884796143 119.64320373535156 151.70249938964844
			vertex -1.5667054653167725 118.16200256347656 152.5
		endloop
	endfacet
	facet normal 0.999999999999959 -2.7027867306845245e-7 9.592478040558505e-8
		outer loop
			vertex -1.5667049884796143 119.64320373535156 151.70249938964844
			vertex -1.5667049884796143 119.84110260009766 152.26010131835938
			vertex -1.5667054653167725 118.16200256347656 152.5
		endloop
	endfacet
	facet normal 0 0 0
		outer loop
			vertex -1.5667054653167725 118.16200256347656 152.5
			vertex -1.5667049884796143 119.84110260009766 152.26010131835938
			vertex -1.5667049884796143 119.84110260009766 152.26010131835938
		endloop
	endfacet
	facet normal 0 0 0
		outer loop
			vertex -1.5667049884796143 119.84110260009766 152.26010131835938
			vertex -1.5667030811309814 122 141.48919677734375
			vertex -1.5667049884796143 119.84110260009766 152.26010131835938
		endloop
	endfacet
	facet normal 0 0 0
		outer loop
			vertex -1.5667049884796143 119.84110260009766 152.26010131835938
			vertex -1.5667030811309814 122 141.48919677734375
			vertex -1.5667030811309814 122 141.48919677734375
		endloop
	endfacet
	facet normal 0 0 0
		outer loop
			vertex -1.5667030811309814 122 141.48919677734375
			vertex -1.5667040348052979 122 148.66200256347656
			vertex -1.5667030811309814 122 141.48919677734375
		endloop
	endfacet
	facet normal 0.9999999999999029 -4.205094246654925e-7 1.329569410968712e-7
		outer loop
			vertex -1.5667030811309814 122 141.48919677734375
			vertex -1.5667040348052979 122 148.66200256347656
			vertex -1.566704273223877 121.41999816894531 148.6208038330078
		endloop
	endfacet
	facet normal 0 0 0
		outer loop
			vertex -1.5667040348052979 122 148.66200256347656
			vertex -1.566704273223877 121.41999816894531 148.6208038330078
			vertex -1.566704273223877 121.41999816894531 148.6208038330078
		endloop
	endfacet
	facet normal 0 0 0
		outer loop
			vertex -1.566704273223877 121.41999816894531 148.6208038330078
			vertex -1.566704273223877 121.41999816894531 148.6208038330078
			vertex -1.5666835308074951 121.99999237060547 34.871826171875
		endloop
	endfacet
	facet normal 0 0 0
		outer loop
			vertex -1.566704273223877 121.41999816894531 148.6208038330078
			vertex -1.5666835308074951 121.99999237060547 34.871826171875
			vertex -1.5666835308074951 121.99999237060547 34.871826171875
		endloop
	endfacet
	facet normal 0 0 0
		outer loop
			vertex -1.5666835308074951 121.99999237060547 34.871826171875
			vertex -1.5666835308074951 121.99999237060547 34.871826171875
			vertex -1.5666816234588623 121.99999237060547 24.184925079345703
		endloop
	endfacet
	facet normal 0.9999999999999841 -1.6927222071330834e-9 1.7847537057733287e-7
		outer loop
			vertex -1.5666835308074951 121.99999237060547 34.871826171875
			vertex -1.5666816234588623 121.42000579833984 24.179424285888672
			vertex -1.5666816234588623 121.99999237060547 24.184925079345703
		endloop
	endfacet
	facet normal 0 0 0
		outer loop
			vertex -1.5666816234588623 121.99999237060547 24.184925079345703
			vertex -1.5666816234588623 121.42000579833984 24.179424285888672
			vertex -1.5666816234588623 121.42000579833984 24.179424285888672
		endloop
	endfacet
	facet normal 0 0 0
		outer loop
			vertex -1.5666816234588623 121.42000579833984 24.179424285888672
			vertex -1.5667064189910889 81.73816680908203 141.51177978515625
			vertex -1.5666816234588623 121.42000579833984 24.179424285888672
		endloop
	endfacet
	facet normal 0 0 0
		outer loop
			vertex -1.5666816234588623 121.42000579833984 24.179424285888672
			vertex -1.5667064189910889 81.73816680908203 141.51177978515625
			vertex -1.5667064189910889 81.73816680908203 141.51177978515625
		endloop
	endfacet
	facet normal 0 0 0
		outer loop
			vertex -1.5667064189910889 81.73816680908203 141.51177978515625
			vertex -1.5667099952697754 38.14164733886719 112.20556640625
			vertex -1.5667064189910889 81.73816680908203 141.51177978515625
		endloop
	endfacet
	facet normal 0.9999999999999771 -1.6960285569544578e-7 1.3027324494795142e-7
		outer loop
			vertex -1.5667064189910889 81.73816680908203 141.51177978515625
			vertex -1.5667099952697754 38.14164733886719 112.20556640625
			vertex -1.5666978359222412 109.05050659179688 111.18461608886719
		endloop
	endfacet
	facet normal 0.9999999999999731 -1.6918207825035565e-7 1.5949782926184907e-7
		outer loop
			vertex -1.5667099952697754 38.14164733886719 112.20556640625
			vertex -1.5667085647583008 38.14875793457031 103.2442626953125
			vertex -1.5666978359222412 109.05050659179688 111.18461608886719
		endloop
	endfacet
	facet normal 0.9999999999999731 -1.6917394611094093e-7 1.5942521499945422e-7
		outer loop
			vertex -1.5666978359222412 109.05050659179688 111.18461608886719
			vertex -1.5667085647583008 38.14875793457031 103.2442626953125
			vertex -1.5666964054107666 109.0641098022461 102.22611999511719
		endloop
	endfacet
	facet normal 0.9999999999999726 -1.6912794308958851e-7 1.6262940282651595e-7
		outer loop
			vertex -1.5667085647583008 38.14875793457031 103.2442626953125
			vertex -1.566697597503662 38.20165252685547 35.86217498779297
			vertex -1.5666964054107666 109.0641098022461 102.22611999511719
		endloop
	endfacet
	facet normal 0.9999999999999726 -1.6905959668766118e-7 1.625564235305147e-7
		outer loop
			vertex -1.5666964054107666 109.0641098022461 102.22611999511719
			vertex -1.566697597503662 38.20165252685547 35.86217498779297
			vertex -1.566685438156128 109.16629791259766 34.86502456665039
		endloop
	endfacet
	facet normal 0.9999999999999736 -1.6915150706177098e-7 1.5601539725437275e-7
		outer loop
			vertex -1.566697597503662 38.20165252685547 35.86217498779297
			vertex -1.5666959285736084 38.210052490234375 25.174068450927734
			vertex -1.566685438156128 109.16629791259766 34.86502456665039
		endloop
	endfacet
	facet normal 0.9999999999999736 -1.691412166000226e-7 1.5594005148656543e-7
		outer loop
			vertex -1.566685438156128 109.16629791259766 34.86502456665039
			vertex -1.5666959285736084 38.210052490234375 25.174068450927734
			vertex -1.5666837692260742 109.18260192871094 24.180326461791992
		endloop
	endfacet
	facet normal 0.9999999999999793 -1.6974924316774916e-7 1.1251510204335911e-7
		outer loop
			vertex -1.5666959285736084 38.210052490234375 25.174068450927734
			vertex -1.5666923522949219 35.62779998779297 -10.506600379943848
			vertex -1.5666837692260742 109.18260192871094 24.180326461791992
		endloop
	endfacet
	facet normal 0 0 0
		outer loop
			vertex -1.5666837692260742 109.18260192871094 24.180326461791992
			vertex -1.5666923522949219 35.62779998779297 -10.506600379943848
			vertex -1.5666837692260742 109.18260192871094 24.180326461791992
		endloop
	endfacet
	facet normal 0.9999999999999826 -1.6127327460448038e-7 9.454152393500481e-8
		outer loop
			vertex -1.5666923522949219 35.62779998779297 -10.506600379943848
			vertex -1.566680669784546 108.06620025634766 -10.508000373840332
			vertex -1.5666837692260742 109.18260192871094 24.180326461791992
		endloop
	endfacet
	facet normal 0.9999999999999802 -1.7533796655841424e-7 9.499417896483778e-8
		outer loop
			vertex -1.5666837692260742 109.18260192871094 24.180326461791992
			vertex -1.566680669784546 108.06620025634766 -10.508000373840332
			vertex -1.5666816234588623 121.42000579833984 24.179424285888672
		endloop
	endfacet
	facet normal 0.9999999999999796 -1.7853846725811734e-7 9.622629303499712e-8
		outer loop
			vertex -1.566680669784546 108.06620025634766 -10.508000373840332
			vertex -1.5666782855987549 121.41999816894531 -10.508199691772461
			vertex -1.5666816234588623 121.42000579833984 24.179424285888672
		endloop
	endfacet
	facet normal 0.9999999999999954 -9.126431085264006e-10 9.622625396695834e-8
		outer loop
			vertex -1.5666816234588623 121.42000579833984 24.179424285888672
			vertex -1.5666782855987549 121.41999816894531 -10.508199691772461
			vertex -1.5666816234588623 121.99999237060547 24.184925079345703
		endloop
	endfacet
	facet normal 0 0 0
		outer loop
			vertex -1.5666782855987549 121.41999816894531 -10.508199691772461
			vertex -1.5666782855987549 121.41999816894531 -10.508199691772461
			vertex -1.5666816234588623 121.99999237060547 24.184925079345703
		endloop
	endfacet
	facet normal 0.9999999999999956 -1.824057427578877e-10 9.621404597356557e-8
		outer loop
			vertex -1.5666816234588623 121.99999237060547 24.184925079345703
			vertex -1.5666782855987549 121.41999816894531 -10.508199691772461
			vertex -1.5666782855987549 122 -10.507100105285645
		endloop
	endfacet
	facet normal 0 0 0
		outer loop
			vertex -1.5666782855987549 121.41999816894531 -10.508199691772461
			vertex -1.5666782855987549 121.41999816894531 -10.508199691772461
			vertex -1.5666782855987549 122 -10.507100105285645
		endloop
	endfacet
	facet normal 0.9999999999999886 -2.8658797881818507e-10 1.5116732923306897e-7
		outer loop
			vertex -1.5666782855987549 122 -10.507100105285645
			vertex -1.5666782855987549 121.41999816894531 -10.508199691772461
			vertex -1.5666768550872803 122 -19.970199584960938
		endloop
	endfacet
	facet normal 0.9999999999999887 3.9084133370937885e-10 1.5120885430663814e-7
		outer loop
			vertex -1.5666782855987549 121.41999816894531 -10.508199691772461
			vertex -1.5666768550872803 121.41999816894531 -19.968700408935547
			vertex -1.5666768550872803 122 -19.970199584960938
		endloop
	endfacet
	facet normal 0 0 0
		outer loop
			vertex -1.5666768550872803 122 -19.970199584960938
			vertex -1.5666768550872803 121.41999816894531 -19.968700408935547
			vertex -1.5666768550872803 122 -19.970199584960938
		endloop
	endfacet
	facet normal 0.9999999999999907 3.538178069086496e-10 1.3688517718478045e-7
		outer loop
			vertex -1.5666768550872803 121.41999816894531 -19.968700408935547
			vertex -1.5666725635528564 121.41999816894531 -51.320045471191406
			vertex -1.5666768550872803 122 -19.970199584960938
		endloop
	endfacet
	facet normal 0.9999999999999908 2.261869849727666e-9 1.36849876415437e-7
		outer loop
			vertex -1.5666768550872803 122 -19.970199584960938
			vertex -1.5666725635528564 121.41999816894531 -51.320045471191406
			vertex -1.5666725635528564 122 -51.32963180541992
		endloop
	endfacet
	facet normal 0 0 0
		outer loop
			vertex -1.5666725635528564 121.41999816894531 -51.320045471191406
			vertex -1.5666725635528564 121.41999816894531 -51.320045471191406
			vertex -1.5666725635528564 122 -51.32963180541992
		endloop
	endfacet
	facet normal 0.9999999999999906 2.2901655166667327e-9 1.3856184871312246e-7
		outer loop
			vertex -1.5666725635528564 122 -51.32963180541992
			vertex -1.5666725635528564 121.41999816894531 -51.320045471191406
			vertex -1.5666704177856445 122 -66.81562042236328
		endloop
	endfacet
	facet normal 0.9999999999999905 3.246986888652441e-9 1.3859766268901509e-7
		outer loop
			vertex -1.5666725635528564 121.41999816894531 -51.320045471191406
			vertex -1.5666704177856445 121.41999816894531 -66.80203247070312
			vertex -1.5666704177856445 122 -66.81562042236328
		endloop
	endfacet
	facet normal 0.9999999999990119 3.29258625833023e-8 0.0000014054407216776009
		outer loop
			vertex -1.5666704177856445 122 -66.81562042236328
			vertex -1.5666704177856445 121.41999816894531 -66.80203247070312
			vertex -1.566657304763794 122 -76.14580535888672
		endloop
	endfacet
	facet normal 0.999999999998991 -3.2281915353529684e-7 0.0000013833583398381862
		outer loop
			vertex -1.5666704177856445 121.41999816894531 -66.80203247070312
			vertex -1.566657543182373 121.42001342773438 -76.10880279541016
			vertex -1.566657304763794 122 -76.14580535888672
		endloop
	endfacet
	facet normal 0.9999999999999079 -4.013432954949188e-7 1.5255312916977147e-7
		outer loop
			vertex -1.566657304763794 122 -76.14580535888672
			vertex -1.566657543182373 121.42001342773438 -76.10880279541016
			vertex -1.566655158996582 122 -90.21150970458984
		endloop
	endfacet
	facet normal 0.9999999999999857 1.2044092607248425e-8 1.6955405925981948e-7
		outer loop
			vertex -1.566657543182373 121.42001342773438 -76.10880279541016
			vertex -1.566655158996582 121.42001342773438 -90.1703109741211
			vertex -1.566655158996582 122 -90.21150970458984
		endloop
	endfacet
	facet normal 0 0 0
		outer loop
			vertex -1.566655158996582 122 -90.21150970458984
			vertex -1.566655158996582 121.42001342773438 -90.1703109741211
			vertex -1.566655158996582 122 -90.21150970458984
		endloop
	endfacet
	facet normal 0.9999999999999881 1.1012656633847239e-8 1.550337328342717e-7
		outer loop
			vertex -1.566655158996582 121.42001342773438 -90.1703109741211
			vertex -1.566654920578003 121.2025146484375 -91.69271087646484
			vertex -1.566655158996582 122 -90.21150970458984
		endloop
	endfacet
	facet normal 0.9999999999998977 -3.11030565028438e-7 3.284232471839942e-7
		outer loop
			vertex -1.566655158996582 122 -90.21150970458984
			vertex -1.566654920578003 121.2025146484375 -91.69271087646484
			vertex -1.5666546821594238 121.76010131835938 -91.8906021118164
		endloop
	endfacet
	facet normal 0.9999999999997619 -5.672683824072022e-7 -3.9356320687236534e-7
		outer loop
			vertex -1.566654920578003 121.2025146484375 -91.69271087646484
			vertex -1.5666556358337402 120.6177978515625 -92.66730499267578
			vertex -1.5666546821594238 121.76010131835938 -91.8906021118164
		endloop
	endfacet
	facet normal 0.9999999999997593 -6.111077008663709e-7 -3.290883520829574e-7
		outer loop
			vertex -1.5666546821594238 121.76010131835938 -91.8906021118164
			vertex -1.5666556358337402 120.6177978515625 -92.66730499267578
			vertex -1.5666555166244507 121.04049682617188 -93.09000396728516
		endloop
	endfacet
	facet normal 0 0 0
		outer loop
			vertex -1.5666556358337402 120.6177978515625 -92.66730499267578
			vertex -1.5666556358337402 120.6177978515625 -92.66730499267578
			vertex -1.5666555166244507 121.04049682617188 -93.09000396728516
		endloop
	endfacet
	facet normal 0.9999999999999789 -1.0575389212038977e-7 1.7626545666308562e-7
		outer loop
			vertex -1.5666555166244507 121.04049682617188 -93.09000396728516
			vertex -1.5666556358337402 120.6177978515625 -92.66730499267578
			vertex -1.5666555166244507 119.84109497070312 -93.80960845947266
		endloop
	endfacet
	facet normal 0.999999999999979 -1.0574899843185225e-7 1.7626212922681706e-7
		outer loop
			vertex -1.5666556358337402 120.6177978515625 -92.66730499267578
			vertex -1.5666556358337402 119.64321899414062 -93.25200653076172
			vertex -1.5666555166244507 119.84109497070312 -93.80960845947266
		endloop
	endfacet
	facet normal 0.9999999999999495 -2.9935538545045587e-7 1.0755710701031917e-7
		outer loop
			vertex -1.5666555166244507 119.84109497070312 -93.80960845947266
			vertex -1.5666556358337402 119.64321899414062 -93.25200653076172
			vertex -1.5666559934616089 118.16201782226562 -94.04951477050781
		endloop
	endfacet
	facet normal 0 0 0
		outer loop
			vertex -1.5666556358337402 119.64321899414062 -93.25200653076172
			vertex -1.5666559934616089 118.16201782226562 -94.04951477050781
			vertex -1.5666559934616089 118.16201782226562 -94.04951477050781
		endloop
	endfacet
	facet normal 0 0 0
		outer loop
			vertex -1.5666559934616089 118.16201782226562 -94.04951477050781
			vertex -1.5666559934616089 118.16201782226562 -94.04951477050781
			vertex -1.566685438156128 109.16629791259766 34.86502456665039
		endloop
	endfacet
	facet normal 0 0 0
		outer loop
			vertex -1.5666559934616089 118.16201782226562 -94.04951477050781
			vertex -1.566685438156128 109.16629791259766 34.86502456665039
			vertex -1.566685438156128 109.16629791259766 34.86502456665039
		endloop
	endfacet
	facet normal 0 0 0
		outer loop
			vertex -1.566685438156128 109.16629791259766 34.86502456665039
			vertex -1.566685438156128 109.16629791259766 34.86502456665039
			vertex -1.5666816234588623 121.42000579833984 24.179424285888672
		endloop
	endfacet
	facet normal 0.9999999999999726 -1.753334741535197e-7 1.5593060258441203e-7
		outer loop
			vertex -1.566685438156128 109.16629791259766 34.86502456665039
			vertex -1.5666837692260742 109.18260192871094 24.180326461791992
			vertex -1.5666816234588623 121.42000579833984 24.179424285888672
		endloop
	endfacet
	facet normal 0 0 0
		outer loop
			vertex -1.5666816234588623 121.42000579833984 24.179424285888672
			vertex -1.5666837692260742 109.18260192871094 24.180326461791992
			vertex -1.5666837692260742 109.18260192871094 24.180326461791992
		endloop
	endfacet
	facet normal 0 0 0
		outer loop
			vertex -1.5666837692260742 109.18260192871094 24.180326461791992
			vertex -1.566654920578003 121.2025146484375 -91.69271087646484
			vertex -1.5666837692260742 109.18260192871094 24.180326461791992
		endloop
	endfacet
	facet normal 0 0 0
		outer loop
			vertex -1.5666837692260742 109.18260192871094 24.180326461791992
			vertex -1.566654920578003 121.2025146484375 -91.69271087646484
			vertex -1.566654920578003 121.2025146484375 -91.69271087646484
		endloop
	endfacet
	facet normal 0 0 0
		outer loop
			vertex -1.566654920578003 121.2025146484375 -91.69271087646484
			vertex -1.566655158996582 121.42001342773438 -90.1703109741211
			vertex -1.566654920578003 121.2025146484375 -91.69271087646484
		endloop
	endfacet
	facet normal 0.9999999999980078 -0.0000019481967989172353 4.349376295126403e-7
		outer loop
			vertex -1.566654920578003 121.2025146484375 -91.69271087646484
			vertex -1.566655158996582 121.42001342773438 -90.1703109741211
			vertex -1.5666556358337402 120.6177978515625 -92.66730499267578
		endloop
	endfacet
	facet normal 0.9999999999999835 -3.8059235647784456e-8 -1.787370907710862e-7
		outer loop
			vertex -1.566655158996582 121.42001342773438 -90.1703109741211
			vertex -1.5666558742523193 118.12078857421875 -93.46951293945312
			vertex -1.5666556358337402 120.6177978515625 -92.66730499267578
		endloop
	endfacet
	facet normal 0.9999999999999202 -2.0555250929942952e-7 3.4261433672472046e-7
		outer loop
			vertex -1.5666556358337402 120.6177978515625 -92.66730499267578
			vertex -1.5666558742523193 118.12078857421875 -93.46951293945312
			vertex -1.5666556358337402 119.64321899414062 -93.25200653076172
		endloop
	endfacet
	facet normal 0 0 0
		outer loop
			vertex -1.5666558742523193 118.12078857421875 -93.46951293945312
			vertex -1.5666558742523193 118.12078857421875 -93.46951293945312
			vertex -1.5666556358337402 119.64321899414062 -93.25200653076172
		endloop
	endfacet
	facet normal 0.9999999999999692 -1.2596069510347358e-7 -2.1448648544288088e-7
		outer loop
			vertex -1.5666556358337402 119.64321899414062 -93.25200653076172
			vertex -1.5666558742523193 118.12078857421875 -93.46951293945312
			vertex -1.5666559934616089 118.16201782226562 -94.04951477050781
		endloop
	endfacet
	facet normal 0 0 0
		outer loop
			vertex -1.5666558742523193 118.12078857421875 -93.46951293945312
			vertex -1.5666558742523193 118.12078857421875 -93.46951293945312
			vertex -1.5666559934616089 118.16201782226562 -94.04951477050781
		endloop
	endfacet
	facet normal 0.9999999999999711 -1.1167879132845945e-7 -2.134712607973816e-7
		outer loop
			vertex -1.5666559934616089 118.16201782226562 -94.04951477050781
			vertex -1.5666558742523193 118.12078857421875 -93.46951293945312
			vertex -1.566657304763794 106.4202880859375 -94.04951477050781
		endloop
	endfacet
	facet normal 0.9999999999999927 -1.2223233400522998e-7 -5.723962919399894e-10
		outer loop
			vertex -1.5666558742523193 118.12078857421875 -93.46951293945312
			vertex -1.566657304763794 106.41757202148438 -93.46951293945312
			vertex -1.566657304763794 106.4202880859375 -94.04951477050781
		endloop
	endfacet
	facet normal 0 0 0
		outer loop
			vertex -1.566657304763794 106.4202880859375 -94.04951477050781
			vertex -1.566657304763794 106.41757202148438 -93.46951293945312
			vertex -1.566657304763794 106.4202880859375 -94.04951477050781
		endloop
	endfacet
	facet normal 0.999999999999986 -1.681496117223662e-7 -7.874202437868298e-10
		outer loop
			vertex -1.566657304763794 106.41757202148438 -93.46951293945312
			vertex -1.566669225692749 35.522796630859375 -93.46951293945312
			vertex -1.566657304763794 106.4202880859375 -94.04951477050781
		endloop
	endfacet
	facet normal 0.999999999999986 -1.681922737474819e-7 -6.002284058258378e-9
		outer loop
			vertex -1.566657304763794 106.4202880859375 -94.04951477050781
			vertex -1.566669225692749 35.522796630859375 -93.46951293945312
			vertex -1.566669225692749 35.543495178222656 -94.04951477050781
		endloop
	endfacet
	facet normal 0 0 0
		outer loop
			vertex -1.566669225692749 35.522796630859375 -93.46951293945312
			vertex -1.566669225692749 35.522796630859375 -93.46951293945312
			vertex -1.566669225692749 35.543495178222656 -94.04951477050781
		endloop
	endfacet
	facet normal 0.9999999999999888 -1.4958194837069192e-7 -5.338136670038767e-9
		outer loop
			vertex -1.566669225692749 35.543495178222656 -94.04951477050781
			vertex -1.566669225692749 35.522796630859375 -93.46951293945312
			vertex -1.5666706562042236 25.980098724365234 -94.04951477050781
		endloop
	endfacet
	facet normal 0.9999999999999025 -1.7455787980202038e-7 4.0558775325207486e-7
		outer loop
			vertex -1.566669225692749 35.522796630859375 -93.46951293945312
			vertex -1.5666708946228027 25.961898803710938 -93.46951293945312
			vertex -1.5666706562042236 25.980098724365234 -94.04951477050781
		endloop
	endfacet
	facet normal 0.9999999999999041 -1.6451030940044548e-7 4.0590303671203385e-7
		outer loop
			vertex -1.5666706562042236 25.980098724365234 -94.04951477050781
			vertex -1.5666708946228027 25.961898803710938 -93.46951293945312
			vertex -1.5666813850402832 -39.23670196533203 -94.04951477050781
		endloop
	endfacet
	facet normal 0.9999999999999021 -1.6455369964984286e-7 4.107805791546261e-7
		outer loop
			vertex -1.5666708946228027 25.961898803710938 -93.46951293945312
			vertex -1.5666816234588623 -39.23770523071289 -93.46951293945312
			vertex -1.5666813850402832 -39.23670196533203 -94.04951477050781
		endloop
	endfacet
	facet normal 0.9999999999999071 -1.3191034317793655e-7 4.1083704440647704e-7
		outer loop
			vertex -1.5666813850402832 -39.23670196533203 -94.04951477050781
			vertex -1.5666816234588623 -39.23770523071289 -93.46951293945312
			vertex -1.5666828155517578 -50.081275939941406 -94.04951477050781
		endloop
	endfacet
	facet normal 0.9999999999999067 -1.31954206612125e-7 4.11657104317853e-7
		outer loop
			vertex -1.5666816234588623 -39.23770523071289 -93.46951293945312
			vertex -1.566683053970337 -50.07867431640625 -93.46951293945312
			vertex -1.5666828155517578 -50.081275939941406 -94.04951477050781
		endloop
	endfacet
	facet normal 0.999999999999903 -1.5682656713650486e-7 4.1176867037687136e-7
		outer loop
			vertex -1.5666828155517578 -50.081275939941406 -94.04951477050781
			vertex -1.566683053970337 -50.07867431640625 -93.46951293945312
			vertex -1.566692590713501 -112.41230773925781 -94.04951477050781
		endloop
	endfacet
	facet normal 0.9999999999998987 -1.569204714190865e-7 4.2186069908077474e-7
		outer loop
			vertex -1.566683053970337 -50.07867431640625 -93.46951293945312
			vertex -1.56669282913208 -112.37240600585938 -93.46951293945312
			vertex -1.566692590713501 -112.41230773925781 -94.04951477050781
		endloop
	endfacet
	facet normal 0 0 0
		outer loop
			vertex -1.566692590713501 -112.41230773925781 -94.04951477050781
			vertex -1.56669282913208 -112.37240600585938 -93.46951293945312
			vertex -1.566692590713501 -112.41230773925781 -94.04951477050781
		endloop
	endfacet
	facet normal 0.9999999999998915 -1.925517887290757e-7 4.243119867281797e-7
		outer loop
			vertex -1.56669282913208 -112.37240600585938 -93.46951293945312
			vertex -1.5666944980621338 -121.03984069824219 -93.46951293945312
			vertex -1.566692590713501 -112.41230773925781 -94.04951477050781
		endloop
	endfacet
	facet normal 0.9999999999998914 -1.9252297954281734e-7 4.2474052365799136e-7
		outer loop
			vertex -1.566692590713501 -112.41230773925781 -94.04951477050781
			vertex -1.5666944980621338 -121.03984069824219 -93.46951293945312
			vertex -1.5666942596435547 -121.08103942871094 -94.04951477050781
		endloop
	endfacet
	facet normal 0.9999999999999155 5.813715534678019e-8 4.0693561549452456e-7
		outer loop
			vertex -1.5666944980621338 -121.03984069824219 -93.46951293945312
			vertex -1.5666944980621338 -122.56224060058594 -93.25201416015625
			vertex -1.5666942596435547 -121.08103942871094 -94.04951477050781
		endloop
	endfacet
	facet normal 0.9999999999992686 4.4470007899604115e-7 0.0000011249005274713915
		outer loop
			vertex -1.5666942596435547 -121.08103942871094 -94.04951477050781
			vertex -1.5666944980621338 -122.56224060058594 -93.25201416015625
			vertex -1.5666937828063965 -122.76014709472656 -93.80961608886719
		endloop
	endfacet
	facet normal 0 0 0
		outer loop
			vertex -1.5666944980621338 -122.56224060058594 -93.25201416015625
			vertex -1.5666944980621338 -122.56224060058594 -93.25201416015625
			vertex -1.5666937828063965 -122.76014709472656 -93.80961608886719
		endloop
	endfacet
	facet normal 0.9999999999991646 8.361560982998221e-7 9.859632598585816e-7
		outer loop
			vertex -1.5666937828063965 -122.76014709472656 -93.80961608886719
			vertex -1.5666944980621338 -122.56224060058594 -93.25201416015625
			vertex -1.5666942596435547 -123.53683471679688 -92.66731262207031
		endloop
	endfacet
	facet normal 0.9999999999998539 -7.646349781278853e-8 -5.352122985672469e-7
		outer loop
			vertex -1.5666944980621338 -122.56224060058594 -93.25201416015625
			vertex -1.5666944980621338 -121.03984069824219 -93.46951293945312
			vertex -1.5666942596435547 -123.53683471679688 -92.66731262207031
		endloop
	endfacet
	facet normal 0 0 0
		outer loop
			vertex -1.5666942596435547 -123.53683471679688 -92.66731262207031
			vertex -1.5666944980621338 -121.03984069824219 -93.46951293945312
			vertex -1.5666944980621338 -121.03984069824219 -93.46951293945312
		endloop
	endfacet
	facet normal 0 0 0
		outer loop
			vertex -1.5666944980621338 -121.03984069824219 -93.46951293945312
			vertex -1.5666558742523193 118.12078857421875 -93.46951293945312
			vertex -1.5666944980621338 -121.03984069824219 -93.46951293945312
		endloop
	endfacet
	facet normal 0 0 0
		outer loop
			vertex -1.5666944980621338 -121.03984069824219 -93.46951293945312
			vertex -1.5666558742523193 118.12078857421875 -93.46951293945312
			vertex -1.5666558742523193 118.12078857421875 -93.46951293945312
		endloop
	endfacet
	facet normal 0 0 0
		outer loop
			vertex -1.5666558742523193 118.12078857421875 -93.46951293945312
			vertex -1.566655158996582 121.42001342773438 -90.1703109741211
			vertex -1.5666558742523193 118.12078857421875 -93.46951293945312
		endloop
	endfacet
	facet normal 0.999999999999988 -1.2223233400522942e-7 -9.456340846353882e-8
		outer loop
			vertex -1.5666558742523193 118.12078857421875 -93.46951293945312
			vertex -1.566655158996582 121.42001342773438 -90.1703109741211
			vertex -1.566657304763794 106.41757202148438 -93.46951293945312
		endloop
	endfacet
	facet normal 0 0 0
		outer loop
			vertex -1.566655158996582 121.42001342773438 -90.1703109741211
			vertex -1.566655158996582 121.42001342773438 -90.1703109741211
			vertex -1.566657304763794 106.41757202148438 -93.46951293945312
		endloop
	endfacet
	facet normal 0.9999999999999742 -1.7489244092175966e-7 1.4489758142545882e-7
		outer loop
			vertex -1.566657304763794 106.41757202148438 -93.46951293945312
			vertex -1.566655158996582 121.42001342773438 -90.1703109741211
			vertex -1.5666577816009521 106.41893005371094 -90.17701721191406
		endloop
	endfacet
	facet normal 0.9999999999999705 -1.749034636058793e-7 1.6955405925981691e-7
		outer loop
			vertex -1.566655158996582 121.42001342773438 -90.1703109741211
			vertex -1.566657543182373 121.42001342773438 -76.10880279541016
			vertex -1.5666577816009521 106.41893005371094 -90.17701721191406
		endloop
	endfacet
	facet normal 0.9999999999999705 -1.7454641037390029e-7 1.6917332968438492e-7
		outer loop
			vertex -1.5666577816009521 106.41893005371094 -90.17701721191406
			vertex -1.566657543182373 121.42001342773438 -76.10880279541016
			vertex -1.5666601657867432 106.38893127441406 -76.11481475830078
		endloop
	endfacet
	facet normal 0 0 0
		outer loop
			vertex -1.566657543182373 121.42001342773438 -76.10880279541016
			vertex -1.566657543182373 121.42001342773438 -76.10880279541016
			vertex -1.5666601657867432 106.38893127441406 -76.11481475830078
		endloop
	endfacet
	facet normal 0.9999999999990637 -1.7502157510107783e-7 0.0000013571780101658988
		outer loop
			vertex -1.5666601657867432 106.38893127441406 -76.11481475830078
			vertex -1.566657543182373 121.42001342773438 -76.10880279541016
			vertex -1.5666728019714355 106.38868713378906 -66.80421447753906
		endloop
	endfacet
	facet normal 0.9999999999990306 -1.5881544087343787e-7 0.0000013833586087283037
		outer loop
			vertex -1.566657543182373 121.42001342773438 -76.10880279541016
			vertex -1.5666704177856445 121.41999816894531 -66.80203247070312
			vertex -1.5666728019714355 106.38868713378906 -66.80421447753906
		endloop
	endfacet
	facet normal 0 0 0
		outer loop
			vertex -1.5666728019714355 106.38868713378906 -66.80421447753906
			vertex -1.5666704177856445 121.41999816894531 -66.80203247070312
			vertex -1.5666704177856445 121.41999816894531 -66.80203247070312
		endloop
	endfacet
	facet normal 0 0 0
		outer loop
			vertex -1.5666704177856445 121.41999816894531 -66.80203247070312
			vertex -1.5666942596435547 -123.53683471679688 -92.66731262207031
			vertex -1.5666704177856445 121.41999816894531 -66.80203247070312
		endloop
	endfacet
	facet normal 0 0 0
		outer loop
			vertex -1.5666704177856445 121.41999816894531 -66.80203247070312
			vertex -1.5666942596435547 -123.53683471679688 -92.66731262207031
			vertex -1.5666942596435547 -123.53683471679688 -92.66731262207031
		endloop
	endfacet
	facet normal 0 0 0
		outer loop
			vertex -1.5666942596435547 -123.53683471679688 -92.66731262207031
			vertex -1.5666942596435547 -123.95953369140625 -93.09001159667969
			vertex -1.5666942596435547 -123.53683471679688 -92.66731262207031
		endloop
	endfacet
	facet normal 0.9999999999999383 -2.4848325819198073e-7 2.4848325819198073e-7
		outer loop
			vertex -1.5666942596435547 -123.53683471679688 -92.66731262207031
			vertex -1.5666942596435547 -123.95953369140625 -93.09001159667969
			vertex -1.5666937828063965 -122.76014709472656 -93.80961608886719
		endloop
	endfacet
	facet normal 0 0 0
		outer loop
			vertex -1.5666942596435547 -123.95953369140625 -93.09001159667969
			vertex -1.5666937828063965 -122.76014709472656 -93.80961608886719
			vertex -1.5666937828063965 -122.76014709472656 -93.80961608886719
		endloop
	endfacet
	facet normal 0 0 0
		outer loop
			vertex -1.5666937828063965 -122.76014709472656 -93.80961608886719
			vertex -1.5666937828063965 -122.76014709472656 -93.80961608886719
			vertex -1.5666942596435547 -123.53683471679688 -92.66731262207031
		endloop
	endfacet
	facet normal 0 0 0
		outer loop
			vertex -1.5666937828063965 -122.76014709472656 -93.80961608886719
			vertex -1.5666942596435547 -123.53683471679688 -92.66731262207031
			vertex -1.5666942596435547 -123.53683471679688 -92.66731262207031
		endloop
	endfacet
	facet normal 0 0 0
		outer loop
			vertex -1.5666942596435547 -123.53683471679688 -92.66731262207031
			vertex -1.5666942596435547 -123.53683471679688 -92.66731262207031
			vertex -1.5666954517364502 -124.33903503417969 -90.17031860351562
		endloop
	endfacet
	facet normal 0.9999999999998012 2.7749975699461494e-7 5.665625460573465e-7
		outer loop
			vertex -1.5666942596435547 -123.53683471679688 -92.66731262207031
			vertex -1.5666944980621338 -121.03984069824219 -93.46951293945312
			vertex -1.5666954517364502 -124.33903503417969 -90.17031860351562
		endloop
	endfacet
	facet normal 0 0 0
		outer loop
			vertex -1.5666954517364502 -124.33903503417969 -90.17031860351562
			vertex -1.5666944980621338 -121.03984069824219 -93.46951293945312
			vertex -1.5666954517364502 -124.33903503417969 -90.17031860351562
		endloop
	endfacet
	facet normal 0.9999999999999769 -1.9255178872909215e-7 9.651100033369027e-8
		outer loop
			vertex -1.5666944980621338 -121.03984069824219 -93.46951293945312
			vertex -1.56669282913208 -112.37240600585938 -93.46951293945312
			vertex -1.5666954517364502 -124.33903503417969 -90.17031860351562
		endloop
	endfacet
	facet normal 0.9999999999999735 -1.7931858197936902e-7 1.445096508842324e-7
		outer loop
			vertex -1.5666954517364502 -124.33903503417969 -90.17031860351562
			vertex -1.56669282913208 -112.37240600585938 -93.46951293945312
			vertex -1.5666933059692383 -112.37820434570312 -90.17701721191406
		endloop
	endfacet
	facet normal 0 0 0
		outer loop
			vertex -1.56669282913208 -112.37240600585938 -93.46951293945312
			vertex -1.56669282913208 -112.37240600585938 -93.46951293945312
			vertex -1.5666933059692383 -112.37820434570312 -90.17701721191406
		endloop
	endfacet
	facet normal 0.9999999999999775 -1.5666782425247872e-7 1.4454954062195393e-7
		outer loop
			vertex -1.5666933059692383 -112.37820434570312 -90.17701721191406
			vertex -1.56669282913208 -112.37240600585938 -93.46951293945312
			vertex -1.5666835308074951 -50.07997512817383 -90.28102111816406
		endloop
	endfacet
	facet normal 0.9999999999999767 -1.5692047141909874e-7 1.494854184743124e-7
		outer loop
			vertex -1.56669282913208 -112.37240600585938 -93.46951293945312
			vertex -1.566683053970337 -50.07867431640625 -93.46951293945312
			vertex -1.5666835308074951 -50.07997512817383 -90.28102111816406
		endloop
	endfacet
	facet normal 0 0 0
		outer loop
			vertex -1.5666835308074951 -50.07997512817383 -90.28102111816406
			vertex -1.566683053970337 -50.07867431640625 -93.46951293945312
			vertex -1.5666835308074951 -50.07997512817383 -90.28102111816406
		endloop
	endfacet
	facet normal 0.9999999999999802 -1.3195420661213472e-7 1.4949560398297146e-7
		outer loop
			vertex -1.566683053970337 -50.07867431640625 -93.46951293945312
			vertex -1.5666816234588623 -39.23770523071289 -93.46951293945312
			vertex -1.5666835308074951 -50.07997512817383 -90.28102111816406
		endloop
	endfacet
	facet normal 0.9999999999999802 -1.3187789985994752e-7 1.4975508039018322e-7
		outer loop
			vertex -1.5666835308074951 -50.07997512817383 -90.28102111816406
			vertex -1.5666816234588623 -39.23770523071289 -93.46951293945312
			vertex -1.5666821002960205 -39.23760223388672 -90.28530883789062
		endloop
	endfacet
	facet normal 0 0 0
		outer loop
			vertex -1.5666816234588623 -39.23770523071289 -93.46951293945312
			vertex -1.5666816234588623 -39.23770523071289 -93.46951293945312
			vertex -1.5666821002960205 -39.23760223388672 -90.28530883789062
		endloop
	endfacet
	facet normal 0.9999999999999754 -1.6465646255569062e-7 1.4975614065133929e-7
		outer loop
			vertex -1.5666821002960205 -39.23760223388672 -90.28530883789062
			vertex -1.5666816234588623 -39.23770523071289 -93.46951293945312
			vertex -1.566671371459961 25.964595794677734 -90.23771667480469
		endloop
	endfacet
	facet normal 0.9999999999999756 -1.6455369964985495e-7 1.4768287322608863e-7
		outer loop
			vertex -1.5666816234588623 -39.23770523071289 -93.46951293945312
			vertex -1.5666708946228027 25.961898803710938 -93.46951293945312
			vertex -1.566671371459961 25.964595794677734 -90.23771667480469
		endloop
	endfacet
	facet normal 0 0 0
		outer loop
			vertex -1.566671371459961 25.964595794677734 -90.23771667480469
			vertex -1.5666708946228027 25.961898803710938 -93.46951293945312
			vertex -1.566671371459961 25.964595794677734 -90.23771667480469
		endloop
	endfacet
	facet normal 0.9999999999999739 -1.7455787980203284e-7 1.4769122189082193e-7
		outer loop
			vertex -1.5666708946228027 25.961898803710938 -93.46951293945312
			vertex -1.566669225692749 35.522796630859375 -93.46951293945312
			vertex -1.566671371459961 25.964595794677734 -90.23771667480469
		endloop
	endfacet
	facet normal 0.9999999999999739 -1.746603428976072e-7 1.4738818210563824e-7
		outer loop
			vertex -1.566671371459961 25.964595794677734 -90.23771667480469
			vertex -1.566669225692749 35.522796630859375 -93.46951293945312
			vertex -1.5666697025299072 35.525794982910156 -90.230712890625
		endloop
	endfacet
	facet normal 0.999999999999975 -1.681496117223644e-7 1.4738215473010518e-7
		outer loop
			vertex -1.566669225692749 35.522796630859375 -93.46951293945312
			vertex -1.566657304763794 106.41757202148438 -93.46951293945312
			vertex -1.5666697025299072 35.525794982910156 -90.230712890625
		endloop
	endfacet
	facet normal 0 0 0
		outer loop
			vertex -1.5666697025299072 35.525794982910156 -90.230712890625
			vertex -1.566657304763794 106.41757202148438 -93.46951293945312
			vertex -1.5666697025299072 35.525794982910156 -90.230712890625
		endloop
	endfacet
	facet normal 0.9999999999999755 -1.6826324820200158e-7 1.4489484712962556e-7
		outer loop
			vertex -1.566657304763794 106.41757202148438 -93.46951293945312
			vertex -1.5666577816009521 106.41893005371094 -90.17701721191406
			vertex -1.5666697025299072 35.525794982910156 -90.230712890625
		endloop
	endfacet
	facet normal 0.9999999999999716 -1.6828172852994287e-7 1.6929398717948465e-7
		outer loop
			vertex -1.5666697025299072 35.525794982910156 -90.230712890625
			vertex -1.5666577816009521 106.41893005371094 -90.17701721191406
			vertex -1.5666720867156982 35.51029586791992 -76.16300964355469
		endloop
	endfacet
	facet normal 0.9999999999999717 -1.6830294231527077e-7 1.6918664882276017e-7
		outer loop
			vertex -1.5666577816009521 106.41893005371094 -90.17701721191406
			vertex -1.5666601657867432 106.38893127441406 -76.11481475830078
			vertex -1.5666720867156982 35.51029586791992 -76.16300964355469
		endloop
	endfacet
	facet normal 0.999999999999034 -1.6912602366648124e-7 0.0000013796653688396227
		outer loop
			vertex -1.5666720867156982 35.51029586791992 -76.16300964355469
			vertex -1.5666601657867432 106.38893127441406 -76.11481475830078
			vertex -1.5666849613189697 35.58686828613281 -66.82193756103516
		endloop
	endfacet
	facet normal 0.9999999999990643 -1.720775131631106e-7 0.0000013571780873644797
		outer loop
			vertex -1.5666601657867432 106.38893127441406 -76.11481475830078
			vertex -1.5666728019714355 106.38868713378906 -66.80421447753906
			vertex -1.5666849613189697 35.58686828613281 -66.82193756103516
		endloop
	endfacet
	facet normal 0 0 0
		outer loop
			vertex -1.5666849613189697 35.58686828613281 -66.82193756103516
			vertex -1.5666728019714355 106.38868713378906 -66.80421447753906
			vertex -1.5666728019714355 106.38868713378906 -66.80421447753906
		endloop
	endfacet
	facet normal 0 0 0
		outer loop
			vertex -1.5666728019714355 106.38868713378906 -66.80421447753906
			vertex -1.5666849613189697 35.58686828613281 -66.82193756103516
			vertex -1.5666728019714355 106.38868713378906 -66.80421447753906
		endloop
	endfacet
	facet normal 0 0 0
		outer loop
			vertex -1.5666728019714355 106.38868713378906 -66.80421447753906
			vertex -1.5666849613189697 35.58686828613281 -66.82193756103516
			vertex -1.5666849613189697 35.58686828613281 -66.82193756103516
		endloop
	endfacet
	facet normal 0 0 0
		outer loop
			vertex -1.5666849613189697 35.58686828613281 -66.82193756103516
			vertex -1.566673755645752 25.950897216796875 -76.1693115234375
			vertex -1.5666849613189697 35.58686828613281 -66.82193756103516
		endloop
	endfacet
	facet normal 0.9999999999990329 -1.7549481189909278e-7 0.0000013797175762855919
		outer loop
			vertex -1.5666849613189697 35.58686828613281 -66.82193756103516
			vertex -1.566673755645752 25.950897216796875 -76.1693115234375
			vertex -1.5666720867156982 35.51029586791992 -76.16300964355469
		endloop
	endfacet
	facet normal 0 0 0
		outer loop
			vertex -1.566673755645752 25.950897216796875 -76.1693115234375
			vertex -1.566673755645752 25.950897216796875 -76.1693115234375
			vertex -1.5666720867156982 35.51029586791992 -76.16300964355469
		endloop
	endfacet
	facet normal 0.9999999999999705 -1.7469685494765693e-7 1.6928691930349373e-7
		outer loop
			vertex -1.5666720867156982 35.51029586791992 -76.16300964355469
			vertex -1.566673755645752 25.950897216796875 -76.1693115234375
			vertex -1.5666697025299072 35.525794982910156 -90.230712890625
		endloop
	endfacet
	facet normal 0 0 0
		outer loop
			vertex -1.566673755645752 25.950897216796875 -76.1693115234375
			vertex -1.566673755645752 25.950897216796875 -76.1693115234375
			vertex -1.5666697025299072 35.525794982910156 -90.230712890625
		endloop
	endfacet
	facet normal 0.9999999999999706 -1.7467639439961375e-7 1.6930085160303037e-7
		outer loop
			vertex -1.5666697025299072 35.525794982910156 -90.230712890625
			vertex -1.566673755645752 25.950897216796875 -76.1693115234375
			vertex -1.566671371459961 25.964595794677734 -90.23771667480469
		endloop
	endfacet
	facet normal 0 0 0
		outer loop
			vertex -1.566673755645752 25.950897216796875 -76.1693115234375
			vertex -1.566673755645752 25.950897216796875 -76.1693115234375
			vertex -1.566671371459961 25.964595794677734 -90.23771667480469
		endloop
	endfacet
	facet normal 0.9999999999999721 -1.6467073567488168e-7 1.6931059423510692e-7
		outer loop
			vertex -1.566671371459961 25.964595794677734 -90.23771667480469
			vertex -1.566673755645752 25.950897216796875 -76.1693115234375
			vertex -1.5666821002960205 -39.23760223388672 -90.28530883789062
		endloop
	endfacet
	facet normal 0 0 0
		outer loop
			vertex -1.566673755645752 25.950897216796875 -76.1693115234375
			vertex -1.566673755645752 25.950897216796875 -76.1693115234375
			vertex -1.5666821002960205 -39.23760223388672 -90.28530883789062
		endloop
	endfacet
	facet normal 0.9999999999999722 -1.6469094524805623e-7 1.6940392322351912e-7
		outer loop
			vertex -1.5666821002960205 -39.23760223388672 -90.28530883789062
			vertex -1.566673755645752 25.950897216796875 -76.1693115234375
			vertex -1.5666844844818115 -39.238304138183594 -76.21202087402344
		endloop
	endfacet
	facet normal 0 0 0
		outer loop
			vertex -1.566673755645752 25.950897216796875 -76.1693115234375
			vertex -1.566673755645752 25.950897216796875 -76.1693115234375
			vertex -1.5666844844818115 -39.238304138183594 -76.21202087402344
		endloop
	endfacet
	facet normal 0.9999999999991113 -1.6544667576947485e-7 0.0000013229093843044963
		outer loop
			vertex -1.5666844844818115 -39.238304138183594 -76.21202087402344
			vertex -1.566673755645752 25.950897216796875 -76.1693115234375
			vertex -1.5666968822479248 -39.234474182128906 -66.83995056152344
		endloop
	endfacet
	facet normal 0 0 0
		outer loop
			vertex -1.566673755645752 25.950897216796875 -76.1693115234375
			vertex -1.566673755645752 25.950897216796875 -76.1693115234375
			vertex -1.5666968822479248 -39.234474182128906 -66.83995056152344
		endloop
	endfacet
	facet normal 0.9999999999991379 -1.6838617318451475e-7 0.0000013023707609725044
		outer loop
			vertex -1.5666968822479248 -39.234474182128906 -66.83995056152344
			vertex -1.566673755645752 25.950897216796875 -76.1693115234375
			vertex -1.5666859149932861 26.018234252929688 -66.82428741455078
		endloop
	endfacet
	facet normal 0.9999999999991476 -9.998642809790193e-8 0.0000013018778958870228
		outer loop
			vertex -1.566673755645752 25.950897216796875 -76.1693115234375
			vertex -1.5666849613189697 35.58686828613281 -66.82193756103516
			vertex -1.5666859149932861 26.018234252929688 -66.82428741455078
		endloop
	endfacet
	facet normal 0.9999999999999856 -9.970075496155336e-8 1.3861317429478406e-7
		outer loop
			vertex -1.5666859149932861 26.018234252929688 -66.82428741455078
			vertex -1.5666849613189697 35.58686828613281 -66.82193756103516
			vertex -1.566688060760498 26.029727935791016 -51.33576583862305
		endloop
	endfacet
	facet normal 0.9999999999999847 -1.2458440294721267e-7 1.2325647281359923e-7
		outer loop
			vertex -1.5666849613189697 35.58686828613281 -66.82193756103516
			vertex -1.5666868686676025 35.599937438964844 -51.3340950012207
			vertex -1.566688060760498 26.029727935791016 -51.33576583862305
		endloop
	endfacet
	facet normal 0 0 0
		outer loop
			vertex -1.566688060760498 26.029727935791016 -51.33576583862305
			vertex -1.5666868686676025 35.599937438964844 -51.3340950012207
			vertex -1.566688060760498 26.029727935791016 -51.33576583862305
		endloop
	endfacet
	facet normal 0.999999999999983 -1.245867884122893e-7 1.3691992116337292e-7
		outer loop
			vertex -1.5666868686676025 35.599937438964844 -51.3340950012207
			vertex -1.5666923522949219 26.05299949645996 -19.971200942993164
			vertex -1.566688060760498 26.029727935791016 -51.33576583862305
		endloop
	endfacet
	facet normal 0 0 0
		outer loop
			vertex -1.566688060760498 26.029727935791016 -51.33576583862305
			vertex -1.5666923522949219 26.05299949645996 -19.971200942993164
			vertex -1.566688060760498 26.029727935791016 -51.33576583862305
		endloop
	endfacet
	facet normal 0.9999999999999766 -1.6806883468006288e-7 1.3695218352955176e-7
		outer loop
			vertex -1.5666923522949219 26.05299949645996 -19.971200942993164
			vertex -1.5666990280151367 -39.23381805419922 -51.34681701660156
			vertex -1.566688060760498 26.029727935791016 -51.33576583862305
		endloop
	endfacet
	facet normal 0.9999999999999765 -1.6806912452919174e-7 1.3866390892130634e-7
		outer loop
			vertex -1.566688060760498 26.029727935791016 -51.33576583862305
			vertex -1.5666990280151367 -39.23381805419922 -51.34681701660156
			vertex -1.5666859149932861 26.018234252929688 -66.82428741455078
		endloop
	endfacet
	facet normal 0 0 0
		outer loop
			vertex -1.5666990280151367 -39.23381805419922 -51.34681701660156
			vertex -1.5666990280151367 -39.23381805419922 -51.34681701660156
			vertex -1.5666859149932861 26.018234252929688 -66.82428741455078
		endloop
	endfacet
	facet normal 0.9999999999999762 -1.6810680088201268e-7 1.3850506776174963e-7
		outer loop
			vertex -1.5666859149932861 26.018234252929688 -66.82428741455078
			vertex -1.5666990280151367 -39.23381805419922 -51.34681701660156
			vertex -1.5666968822479248 -39.234474182128906 -66.83995056152344
		endloop
	endfacet
	facet normal 0.9999999999999817 -1.319693757941708e-7 1.3850353735643644e-7
		outer loop
			vertex -1.5666990280151367 -39.23381805419922 -51.34681701660156
			vertex -1.5667002201080322 -48.26581954956055 -51.345767974853516
			vertex -1.5666968822479248 -39.234474182128906 -66.83995056152344
		endloop
	endfacet
	facet normal 0.999999999999982 -1.282212598089615e-7 1.4068826247828572e-7
		outer loop
			vertex -1.5666968822479248 -39.234474182128906 -66.83995056152344
			vertex -1.5667002201080322 -48.26581954956055 -51.345767974853516
			vertex -1.5666980743408203 -48.53002166748047 -66.83848571777344
		endloop
	endfacet
	facet normal 0.9999999999999767 -1.6320726616809313e-7 1.4128488968927682e-7
		outer loop
			vertex -1.5667002201080322 -48.26581954956055 -51.345767974853516
			vertex -1.5667107105255127 -112.52153015136719 -51.321571350097656
			vertex -1.5666980743408203 -48.53002166748047 -66.83848571777344
		endloop
	endfacet
	facet normal 0 0 0
		outer loop
			vertex -1.5666980743408203 -48.53002166748047 -66.83848571777344
			vertex -1.5667107105255127 -112.52153015136719 -51.321571350097656
			vertex -1.5667107105255127 -112.52153015136719 -51.321571350097656
		endloop
	endfacet
	facet normal 0 0 0
		outer loop
			vertex -1.5667107105255127 -112.52153015136719 -51.321571350097656
			vertex -1.5666868686676025 35.599937438964844 -51.3340950012207
			vertex -1.5667107105255127 -112.52153015136719 -51.321571350097656
		endloop
	endfacet
	facet normal 0 0 0
		outer loop
			vertex -1.5667107105255127 -112.52153015136719 -51.321571350097656
			vertex -1.5666868686676025 35.599937438964844 -51.3340950012207
			vertex -1.5666868686676025 35.599937438964844 -51.3340950012207
		endloop
	endfacet
	facet normal 0 0 0
		outer loop
			vertex -1.5666868686676025 35.599937438964844 -51.3340950012207
			vertex -1.5666849613189697 35.58686828613281 -66.82193756103516
			vertex -1.5666868686676025 35.599937438964844 -51.3340950012207
		endloop
	endfacet
	facet normal 0.9999999999999777 -1.7176864835580045e-7 1.2329628843750642e-7
		outer loop
			vertex -1.5666868686676025 35.599937438964844 -51.3340950012207
			vertex -1.5666849613189697 35.58686828613281 -66.82193756103516
			vertex -1.5666728019714355 106.38868713378906 -66.80421447753906
		endloop
	endfacet
	facet normal 0 0 0
		outer loop
			vertex -1.5666849613189697 35.58686828613281 -66.82193756103516
			vertex -1.5666728019714355 106.38868713378906 -66.80421447753906
			vertex -1.5666728019714355 106.38868713378906 -66.80421447753906
		endloop
	endfacet
	facet normal 0 0 0
		outer loop
			vertex -1.5666728019714355 106.38868713378906 -66.80421447753906
			vertex -1.5666728019714355 106.38868713378906 -66.80421447753906
			vertex -1.5666968822479248 -39.234474182128906 -66.83995056152344
		endloop
	endfacet
	facet normal 0 0 0
		outer loop
			vertex -1.5666728019714355 106.38868713378906 -66.80421447753906
			vertex -1.5666968822479248 -39.234474182128906 -66.83995056152344
			vertex -1.5666968822479248 -39.234474182128906 -66.83995056152344
		endloop
	endfacet
	facet normal 0 0 0
		outer loop
			vertex -1.5666968822479248 -39.234474182128906 -66.83995056152344
			vertex -1.5666968822479248 -39.234474182128906 -66.83995056152344
			vertex -1.5666844844818115 -39.238304138183594 -76.21202087402344
		endloop
	endfacet
	facet normal 0.9999999999991169 -1.2803496127949124e-7 0.0000013228940957697775
		outer loop
			vertex -1.5666968822479248 -39.234474182128906 -66.83995056152344
			vertex -1.5666980743408203 -48.53002166748047 -66.83848571777344
			vertex -1.5666844844818115 -39.238304138183594 -76.21202087402344
		endloop
	endfacet
	facet normal 0 0 0
		outer loop
			vertex -1.5666844844818115 -39.238304138183594 -76.21202087402344
			vertex -1.5666980743408203 -48.53002166748047 -66.83848571777344
			vertex -1.5666844844818115 -39.238304138183594 -76.21202087402344
		endloop
	endfacet
	facet normal 0.9999999999990946 -1.094906436996624e-7 0.0000013412765478385846
		outer loop
			vertex -1.5666980743408203 -48.53002166748047 -66.83848571777344
			vertex -1.566685676574707 -50.07807540893555 -76.20811462402344
			vertex -1.5666844844818115 -39.238304138183594 -76.21202087402344
		endloop
	endfacet
	facet normal 0.9999999999999893 -1.099390098837015e-7 9.706870669753307e-8
		outer loop
			vertex -1.5666844844818115 -39.238304138183594 -76.21202087402344
			vertex -1.566685676574707 -50.07807540893555 -76.20811462402344
			vertex -1.5666849613189697 -45.741912841796875 -78.66557312011719
		endloop
	endfacet
	facet normal 0.9999999999995335 3.4617653159899535e-7 9.018803201636101e-7
		outer loop
			vertex -1.566685676574707 -50.07807540893555 -76.20811462402344
			vertex -1.5666842460632324 -46.468868255615234 -79.17961120605469
			vertex -1.5666849613189697 -45.741912841796875 -78.66557312011719
		endloop
	endfacet
	facet normal 0.9999999999969068 0.000002015006574046905 -0.0000014581880624924046
		outer loop
			vertex -1.5666849613189697 -45.741912841796875 -78.66557312011719
			vertex -1.5666842460632324 -46.468868255615234 -79.17961120605469
			vertex -1.5666849613189697 -46.256690979003906 -79.37692260742188
		endloop
	endfacet
	facet normal 0 0 0
		outer loop
			vertex -1.5666842460632324 -46.468868255615234 -79.17961120605469
			vertex -1.5666842460632324 -46.468868255615234 -79.17961120605469
			vertex -1.5666849613189697 -46.256690979003906 -79.37692260742188
		endloop
	endfacet
	facet normal 0.9999999999958532 0.0000028177623241707653 -5.949509273551996e-7
		outer loop
			vertex -1.5666849613189697 -46.256690979003906 -79.37692260742188
			vertex -1.5666842460632324 -46.468868255615234 -79.17961120605469
			vertex -1.5666842460632324 -46.65156936645508 -80.04490661621094
		endloop
	endfacet
	facet normal 0 0 0
		outer loop
			vertex -1.5666842460632324 -46.468868255615234 -79.17961120605469
			vertex -1.5666842460632324 -46.468868255615234 -79.17961120605469
			vertex -1.5666842460632324 -46.65156936645508 -80.04490661621094
		endloop
	endfacet
	facet normal 1 0 0
		outer loop
			vertex -1.5666842460632324 -46.65156936645508 -80.04490661621094
			vertex -1.5666842460632324 -46.468868255615234 -79.17961120605469
			vertex -1.5666842460632324 -46.92949676513672 -79.94148254394531
		endloop
	endfacet
	facet normal 0.9999999999999523 -2.646263688023606e-7 1.59993484174113e-7
		outer loop
			vertex -1.5666842460632324 -46.468868255615234 -79.17961120605469
			vertex -1.566685676574707 -50.07807540893555 -76.20811462402344
			vertex -1.5666842460632324 -46.92949676513672 -79.94148254394531
		endloop
	endfacet
	facet normal 0.9999999999999518 -1.098159154269513e-7 2.905546551569149e-7
		outer loop
			vertex -1.5666842460632324 -46.92949676513672 -79.94148254394531
			vertex -1.566685676574707 -50.07807540893555 -76.20811462402344
			vertex -1.5666840076446533 -47.0800666809082 -80.81895446777344
		endloop
	endfacet
	facet normal 0 0 0
		outer loop
			vertex -1.566685676574707 -50.07807540893555 -76.20811462402344
			vertex -1.5666840076446533 -47.0800666809082 -80.81895446777344
			vertex -1.5666840076446533 -47.0800666809082 -80.81895446777344
		endloop
	endfacet
	facet normal 0 0 0
		outer loop
			vertex -1.5666840076446533 -47.0800666809082 -80.81895446777344
			vertex -1.5666840076446533 -47.0800666809082 -80.81895446777344
			vertex -1.5666849613189697 -46.256690979003906 -79.37692260742188
		endloop
	endfacet
	facet normal 0 0 0
		outer loop
			vertex -1.5666840076446533 -47.0800666809082 -80.81895446777344
			vertex -1.5666849613189697 -46.256690979003906 -79.37692260742188
			vertex -1.5666849613189697 -46.256690979003906 -79.37692260742188
		endloop
	endfacet
	facet normal 0 0 0
		outer loop
			vertex -1.5666849613189697 -46.256690979003906 -79.37692260742188
			vertex -1.5666849613189697 -46.256690979003906 -79.37692260742188
			vertex -1.5666849613189697 -45.741912841796875 -78.66557312011719
		endloop
	endfacet
	facet normal 0.9999999999995732 -7.485661822777554e-7 5.417105259317766e-7
		outer loop
			vertex -1.5666849613189697 -46.256690979003906 -79.37692260742188
			vertex -1.5666847229003906 -45.618595123291016 -78.93528747558594
			vertex -1.5666849613189697 -45.741912841796875 -78.66557312011719
		endloop
	endfacet
	facet normal 0.9999999999996654 -1.957570465841112e-7 7.944637072167702e-7
		outer loop
			vertex -1.5666849613189697 -45.741912841796875 -78.66557312011719
			vertex -1.5666847229003906 -45.618595123291016 -78.93528747558594
			vertex -1.5666849613189697 -44.877418518066406 -78.45256042480469
		endloop
	endfacet
	facet normal 0.9999999999984182 -7.336652801346147e-7 0.000001620365213709509
		outer loop
			vertex -1.5666847229003906 -45.618595123291016 -78.93528747558594
			vertex -1.5666844844818115 -44.86704635620117 -78.74214172363281
			vertex -1.5666849613189697 -44.877418518066406 -78.45256042480469
		endloop
	endfacet
	facet normal 0.9999999999986438 1.0919701723161466e-8 0.0000016470346014966772
		outer loop
			vertex -1.5666849613189697 -44.877418518066406 -78.45256042480469
			vertex -1.5666844844818115 -44.86704635620117 -78.74214172363281
			vertex -1.5666847229003906 -43.999961853027344 -78.60313415527344
		endloop
	endfacet
	facet normal 0.9999999999996666 1.4613184228175305e-7 8.03624756242986e-7
		outer loop
			vertex -1.5666844844818115 -44.86704635620117 -78.74214172363281
			vertex -1.5666844844818115 -44.10352325439453 -78.8809814453125
			vertex -1.5666847229003906 -43.999961853027344 -78.60313415527344
		endloop
	endfacet
	facet normal 0.9999999999996696 1.6801614417261762e-7 7.954678691578495e-7
		outer loop
			vertex -1.5666847229003906 -43.999961853027344 -78.60313415527344
			vertex -1.5666844844818115 -44.10352325439453 -78.8809814453125
			vertex -1.5666844844818115 -43.23813247680664 -79.06376647949219
		endloop
	endfacet
	facet normal 1 0 0
		outer loop
			vertex -1.5666844844818115 -44.10352325439453 -78.8809814453125
			vertex -1.5666844844818115 -43.43552780151367 -79.27572631835938
			vertex -1.5666844844818115 -43.23813247680664 -79.06376647949219
		endloop
	endfacet
	facet normal 0.9999999999999626 -2.0017864243521427e-7 1.8642365617040884e-7
		outer loop
			vertex -1.5666844844818115 -43.23813247680664 -79.06376647949219
			vertex -1.5666844844818115 -43.43552780151367 -79.27572631835938
			vertex -1.5666842460632324 -42.724124908447266 -79.79074096679688
		endloop
	endfacet
	facet normal 0.9999999999999514 -1.295620371811673e-7 2.8396817733823976e-7
		outer loop
			vertex -1.5666844844818115 -43.43552780151367 -79.27572631835938
			vertex -1.5666842460632324 -42.99384689331055 -79.91380310058594
			vertex -1.5666842460632324 -42.724124908447266 -79.79074096679688
		endloop
	endfacet
	facet normal 0.999999999999963 -1.1311769441775962e-7 2.4792621517365505e-7
		outer loop
			vertex -1.5666842460632324 -42.724124908447266 -79.79074096679688
			vertex -1.5666842460632324 -42.99384689331055 -79.91380310058594
			vertex -1.5666840076446533 -42.5110969543457 -80.65519714355469
		endloop
	endfacet
	facet normal 0.9999999999999506 -1.126334995311147e-8 3.1424746369181e-7
		outer loop
			vertex -1.5666842460632324 -42.99384689331055 -79.91380310058594
			vertex -1.5666840076446533 -42.80058670043945 -80.66557312011719
			vertex -1.5666840076446533 -42.5110969543457 -80.65519714355469
		endloop
	endfacet
	facet normal 0 0 0
		outer loop
			vertex -1.5666840076446533 -42.5110969543457 -80.65519714355469
			vertex -1.5666840076446533 -42.80058670043945 -80.66557312011719
			vertex -1.5666840076446533 -42.5110969543457 -80.65519714355469
		endloop
	endfacet
	facet normal 0.9999999999999627 -9.799000395346185e-9 2.733921110301585e-7
		outer loop
			vertex -1.5666840076446533 -42.80058670043945 -80.66557312011719
			vertex -1.5666837692260742 -42.66165542602539 -81.53266906738281
			vertex -1.5666840076446533 -42.5110969543457 -80.65519714355469
		endloop
	endfacet
	facet normal 0.9999999999999061 -2.9095559980460684e-7 3.2163354959953025e-7
		outer loop
			vertex -1.5666840076446533 -42.5110969543457 -80.65519714355469
			vertex -1.5666837692260742 -42.66165542602539 -81.53266906738281
			vertex -1.5666844844818115 -39.238304138183594 -76.21202087402344
		endloop
	endfacet
	facet normal 0 0 0
		outer loop
			vertex -1.5666837692260742 -42.66165542602539 -81.53266906738281
			vertex -1.5666837692260742 -42.66165542602539 -81.53266906738281
			vertex -1.5666844844818115 -39.238304138183594 -76.21202087402344
		endloop
	endfacet
	facet normal 0.9999999999999842 -5.436550380674755e-8 1.6940942569754152e-7
		outer loop
			vertex -1.5666844844818115 -39.238304138183594 -76.21202087402344
			vertex -1.5666837692260742 -42.66165542602539 -81.53266906738281
			vertex -1.5666821002960205 -39.23760223388672 -90.28530883789062
		endloop
	endfacet
	facet normal 0 0 0
		outer loop
			vertex -1.5666837692260742 -42.66165542602539 -81.53266906738281
			vertex -1.5666837692260742 -42.66165542602539 -81.53266906738281
			vertex -1.5666821002960205 -39.23760223388672 -90.28530883789062
		endloop
	endfacet
	facet normal 0.999999999999964 1.2278865857975787e-7 2.387125492265177e-7
		outer loop
			vertex -1.5666821002960205 -39.23760223388672 -90.28530883789062
			vertex -1.5666837692260742 -42.66165542602539 -81.53266906738281
			vertex -1.5666835308074951 -43.12226486206055 -82.29450988769531
		endloop
	endfacet
	facet normal 0.9999999999995871 -6.045862677839693e-7 6.784838842423958e-7
		outer loop
			vertex -1.5666837692260742 -42.66165542602539 -81.53266906738281
			vertex -1.5666840076446533 -42.93935775756836 -81.42872619628906
			vertex -1.5666835308074951 -43.12226486206055 -82.29450988769531
		endloop
	endfacet
	facet normal 0 0 0
		outer loop
			vertex -1.5666835308074951 -43.12226486206055 -82.29450988769531
			vertex -1.5666840076446533 -42.93935775756836 -81.42872619628906
			vertex -1.5666835308074951 -43.12226486206055 -82.29450988769531
		endloop
	endfacet
	facet normal 0.9999999999996526 -5.10935320025691e-7 6.58699007422226e-7
		outer loop
			vertex -1.5666840076446533 -42.93935775756836 -81.42872619628906
			vertex -1.5666837692260742 -43.33414840698242 -82.09690856933594
			vertex -1.5666835308074951 -43.12226486206055 -82.29450988769531
		endloop
	endfacet
	facet normal 0 0 0
		outer loop
			vertex -1.5666835308074951 -43.12226486206055 -82.29450988769531
			vertex -1.5666837692260742 -43.33414840698242 -82.09690856933594
			vertex -1.5666835308074951 -43.12226486206055 -82.29450988769531
		endloop
	endfacet
	facet normal 0.9999999999996563 -6.717503474562334e-7 4.862605926808781e-7
		outer loop
			vertex -1.5666837692260742 -43.33414840698242 -82.09690856933594
			vertex -1.5666837692260742 -43.849239349365234 -82.80848693847656
			vertex -1.5666835308074951 -43.12226486206055 -82.29450988769531
		endloop
	endfacet
	facet normal 0.9999999999999428 -3.38264775796002e-7 1.4575131019172821e-8
		outer loop
			vertex -1.5666835308074951 -43.12226486206055 -82.29450988769531
			vertex -1.5666837692260742 -43.849239349365234 -82.80848693847656
			vertex -1.5666821002960205 -39.23760223388672 -90.28530883789062
		endloop
	endfacet
	facet normal 0 0 0
		outer loop
			vertex -1.5666837692260742 -43.849239349365234 -82.80848693847656
			vertex -1.5666821002960205 -39.23760223388672 -90.28530883789062
			vertex -1.5666821002960205 -39.23760223388672 -90.28530883789062
		endloop
	endfacet
	facet normal 0 0 0
		outer loop
			vertex -1.5666821002960205 -39.23760223388672 -90.28530883789062
			vertex -1.5666821002960205 -39.23760223388672 -90.28530883789062
			vertex -1.5666849613189697 -45.741912841796875 -78.66557312011719
		endloop
	endfacet
	facet normal 0 0 0
		outer loop
			vertex -1.5666821002960205 -39.23760223388672 -90.28530883789062
			vertex -1.5666849613189697 -45.741912841796875 -78.66557312011719
			vertex -1.5666849613189697 -45.741912841796875 -78.66557312011719
		endloop
	endfacet
	facet normal 0 0 0
		outer loop
			vertex -1.5666849613189697 -45.741912841796875 -78.66557312011719
			vertex -1.5666849613189697 -45.741912841796875 -78.66557312011719
			vertex -1.5666844844818115 -39.238304138183594 -76.21202087402344
		endloop
	endfacet
	facet normal 0.9999999999998335 1.3805643635594815e-7 -5.60290575212351e-7
		outer loop
			vertex -1.5666849613189697 -45.741912841796875 -78.66557312011719
			vertex -1.5666849613189697 -44.877418518066406 -78.45256042480469
			vertex -1.5666844844818115 -39.238304138183594 -76.21202087402344
		endloop
	endfacet
	facet normal 0 0 0
		outer loop
			vertex -1.5666844844818115 -39.238304138183594 -76.21202087402344
			vertex -1.5666849613189697 -44.877418518066406 -78.45256042480469
			vertex -1.5666844844818115 -39.238304138183594 -76.21202087402344
		endloop
	endfacet
	facet normal 0.9999999999999228 -2.1526409666108202e-7 3.289661655353945e-7
		outer loop
			vertex -1.5666849613189697 -44.877418518066406 -78.45256042480469
			vertex -1.5666847229003906 -43.999961853027344 -78.60313415527344
			vertex -1.5666844844818115 -39.238304138183594 -76.21202087402344
		endloop
	endfacet
	facet normal 0 0 0
		outer loop
			vertex -1.5666844844818115 -39.238304138183594 -76.21202087402344
			vertex -1.5666847229003906 -43.999961853027344 -78.60313415527344
			vertex -1.5666844844818115 -39.238304138183594 -76.21202087402344
		endloop
	endfacet
	facet normal 0.9999999999999576 -1.693425118714501e-7 2.3751802286224592e-7
		outer loop
			vertex -1.5666847229003906 -43.999961853027344 -78.60313415527344
			vertex -1.5666844844818115 -43.23813247680664 -79.06376647949219
			vertex -1.5666844844818115 -39.238304138183594 -76.21202087402344
		endloop
	endfacet
	facet normal 0 0 0
		outer loop
			vertex -1.5666844844818115 -39.238304138183594 -76.21202087402344
			vertex -1.5666844844818115 -43.23813247680664 -79.06376647949219
			vertex -1.5666844844818115 -39.238304138183594 -76.21202087402344
		endloop
	endfacet
	facet normal 0.9999999999999643 -1.554578338172424e-7 2.1804351972024884e-7
		outer loop
			vertex -1.5666844844818115 -43.23813247680664 -79.06376647949219
			vertex -1.5666842460632324 -42.724124908447266 -79.79074096679688
			vertex -1.5666844844818115 -39.238304138183594 -76.21202087402344
		endloop
	endfacet
	facet normal 0.9999999999999581 -1.7139332975490502e-7 2.3356534911286458e-7
		outer loop
			vertex -1.5666844844818115 -39.238304138183594 -76.21202087402344
			vertex -1.5666842460632324 -42.724124908447266 -79.79074096679688
			vertex -1.5666840076446533 -42.5110969543457 -80.65519714355469
		endloop
	endfacet
	facet normal 0 0 0
		outer loop
			vertex -1.5666842460632324 -42.724124908447266 -79.79074096679688
			vertex -1.5666840076446533 -42.5110969543457 -80.65519714355469
			vertex -1.5666840076446533 -42.5110969543457 -80.65519714355469
		endloop
	endfacet
	facet normal 0 0 0
		outer loop
			vertex -1.5666840076446533 -42.5110969543457 -80.65519714355469
			vertex -1.5666840076446533 -42.5110969543457 -80.65519714355469
			vertex -1.5666837692260742 -42.66165542602539 -81.53266906738281
		endloop
	endfacet
	facet normal 0 0 0
		outer loop
			vertex -1.5666840076446533 -42.5110969543457 -80.65519714355469
			vertex -1.5666837692260742 -42.66165542602539 -81.53266906738281
			vertex -1.5666837692260742 -42.66165542602539 -81.53266906738281
		endloop
	endfacet
	facet normal 0 0 0
		outer loop
			vertex -1.5666837692260742 -42.66165542602539 -81.53266906738281
			vertex -1.5666837692260742 -42.66165542602539 -81.53266906738281
			vertex -1.5666840076446533 -42.93935775756836 -81.42872619628906
		endloop
	endfacet
	facet normal 0.9999999999996663 -8.038300752445168e-7 1.4616772542310667e-7
		outer loop
			vertex -1.5666837692260742 -42.66165542602539 -81.53266906738281
			vertex -1.5666840076446533 -42.80058670043945 -80.66557312011719
			vertex -1.5666840076446533 -42.93935775756836 -81.42872619628906
		endloop
	endfacet
	facet normal 0 0 0
		outer loop
			vertex -1.5666840076446533 -42.93935775756836 -81.42872619628906
			vertex -1.5666840076446533 -42.80058670043945 -80.66557312011719
			vertex -1.5666840076446533 -42.80058670043945 -80.66557312011719
		endloop
	endfacet
	facet normal 0 0 0
		outer loop
			vertex -1.5666840076446533 -42.80058670043945 -80.66557312011719
			vertex -1.5666837692260742 -43.33414840698242 -82.09690856933594
			vertex -1.5666840076446533 -42.80058670043945 -80.66557312011719
		endloop
	endfacet
	facet normal 0 0 0
		outer loop
			vertex -1.5666840076446533 -42.80058670043945 -80.66557312011719
			vertex -1.5666837692260742 -43.33414840698242 -82.09690856933594
			vertex -1.5666837692260742 -43.33414840698242 -82.09690856933594
		endloop
	endfacet
	facet normal 0 0 0
		outer loop
			vertex -1.5666837692260742 -43.33414840698242 -82.09690856933594
			vertex -1.5666840076446533 -43.97217559814453 -82.53871154785156
			vertex -1.5666837692260742 -43.33414840698242 -82.09690856933594
		endloop
	endfacet
	facet normal 0.9999999999995723 -7.492283835140185e-7 5.42344695764522e-7
		outer loop
			vertex -1.5666837692260742 -43.33414840698242 -82.09690856933594
			vertex -1.5666840076446533 -43.97217559814453 -82.53871154785156
			vertex -1.5666837692260742 -43.849239349365234 -82.80848693847656
		endloop
	endfacet
	facet normal 0.9999999999996694 -4.4377685938073094e-7 6.81538506118729e-7
		outer loop
			vertex -1.5666840076446533 -43.97217559814453 -82.53871154785156
			vertex -1.5666840076446533 -44.71364974975586 -83.02151489257812
			vertex -1.5666837692260742 -43.849239349365234 -82.80848693847656
		endloop
	endfacet
	facet normal 0.9999999999999577 -2.87174306704901e-7 4.60872770455772e-8
		outer loop
			vertex -1.5666837692260742 -43.849239349365234 -82.80848693847656
			vertex -1.5666840076446533 -44.71364974975586 -83.02151489257812
			vertex -1.5666821002960205 -39.23760223388672 -90.28530883789062
		endloop
	endfacet
	facet normal 0.999999999999964 -2.6032686212528687e-7 6.632709707688698e-8
		outer loop
			vertex -1.5666840076446533 -44.71364974975586 -83.02151489257812
			vertex -1.5666842460632324 -45.59113693237305 -82.8709716796875
			vertex -1.5666821002960205 -39.23760223388672 -90.28530883789062
		endloop
	endfacet
	facet normal 0.9999999999999758 -1.3186735997679538e-7 1.7640732229941318e-7
		outer loop
			vertex -1.5666821002960205 -39.23760223388672 -90.28530883789062
			vertex -1.5666842460632324 -45.59113693237305 -82.8709716796875
			vertex -1.5666835308074951 -50.07997512817383 -90.28102111816406
		endloop
	endfacet
	facet normal 0.9999999999999607 -1.8633618902079694e-7 2.09403291128403e-7
		outer loop
			vertex -1.5666842460632324 -45.59113693237305 -82.8709716796875
			vertex -1.5666844844818115 -46.353023529052734 -82.41036987304688
			vertex -1.5666835308074951 -50.07997512817383 -90.28102111816406
		endloop
	endfacet
	facet normal 0.9999999999995102 9.360184995327315e-7 -3.2205992214522475e-7
		outer loop
			vertex -1.5666835308074951 -50.07997512817383 -90.28102111816406
			vertex -1.5666844844818115 -46.353023529052734 -82.41036987304688
			vertex -1.5666837692260742 -46.867042541503906 -81.68341064453125
		endloop
	endfacet
	facet normal 0.9999999999995046 9.437257824194306e-7 -3.166102493400576e-7
		outer loop
			vertex -1.5666844844818115 -46.353023529052734 -82.41036987304688
			vertex -1.566684603691101 -46.15554428100586 -82.19825744628906
			vertex -1.5666837692260742 -46.867042541503906 -81.68341064453125
		endloop
	endfacet
	facet normal 0.9999999999994034 4.537087538883914e-7 -9.93794728730448e-7
		outer loop
			vertex -1.5666837692260742 -46.867042541503906 -81.68341064453125
			vertex -1.566684603691101 -46.15554428100586 -82.19825744628906
			vertex -1.5666837692260742 -46.59725570678711 -81.56024169921875
		endloop
	endfacet
	facet normal 0 0 0
		outer loop
			vertex -1.566684603691101 -46.15554428100586 -82.19825744628906
			vertex -1.5666837692260742 -46.59725570678711 -81.56024169921875
			vertex -1.5666837692260742 -46.59725570678711 -81.56024169921875
		endloop
	endfacet
	facet normal 0 0 0
		outer loop
			vertex -1.5666837692260742 -46.59725570678711 -81.56024169921875
			vertex -1.5666837692260742 -46.59725570678711 -81.56024169921875
			vertex -1.5666840076446533 -43.97217559814453 -82.53871154785156
		endloop
	endfacet
	facet normal 0 0 0
		outer loop
			vertex -1.5666837692260742 -46.59725570678711 -81.56024169921875
			vertex -1.5666840076446533 -43.97217559814453 -82.53871154785156
			vertex -1.5666840076446533 -43.97217559814453 -82.53871154785156
		endloop
	endfacet
	facet normal 0 0 0
		outer loop
			vertex -1.5666840076446533 -43.97217559814453 -82.53871154785156
			vertex -1.5666840076446533 -43.97217559814453 -82.53871154785156
			vertex -1.5666840076446533 -44.71364974975586 -83.02151489257812
		endloop
	endfacet
	facet normal 1 0 0
		outer loop
			vertex -1.5666840076446533 -43.97217559814453 -82.53871154785156
			vertex -1.5666840076446533 -44.72404861450195 -82.73202514648438
			vertex -1.5666840076446533 -44.71364974975586 -83.02151489257812
		endloop
	endfacet
	facet normal 0.9999999999999626 -2.733908874084805e-7 -9.820571883242644e-9
		outer loop
			vertex -1.5666840076446533 -44.71364974975586 -83.02151489257812
			vertex -1.5666840076446533 -44.72404861450195 -82.73202514648438
			vertex -1.5666842460632324 -45.59113693237305 -82.8709716796875
		endloop
	endfacet
	facet normal 0.9999999999996665 -1.4618312060412906e-7 -8.0365375358059e-7
		outer loop
			vertex -1.5666840076446533 -44.72404861450195 -82.73202514648438
			vertex -1.5666840076446533 -45.4874153137207 -82.59317016601562
			vertex -1.5666842460632324 -45.59113693237305 -82.8709716796875
		endloop
	endfacet
	facet normal 0.999999999999587 -6.78605747530716e-7 -6.048652878805616e-7
		outer loop
			vertex -1.5666842460632324 -45.59113693237305 -82.8709716796875
			vertex -1.5666840076446533 -45.4874153137207 -82.59317016601562
			vertex -1.5666844844818115 -46.353023529052734 -82.41036987304688
		endloop
	endfacet
	facet normal 0.9999999999995315 -3.611725023999913e-7 8.982659179956138e-7
		outer loop
			vertex -1.5666840076446533 -45.4874153137207 -82.59317016601562
			vertex -1.566684603691101 -46.15554428100586 -82.19825744628906
			vertex -1.5666844844818115 -46.353023529052734 -82.41036987304688
		endloop
	endfacet
	facet normal 0 0 0
		outer loop
			vertex -1.5666844844818115 -46.353023529052734 -82.41036987304688
			vertex -1.566684603691101 -46.15554428100586 -82.19825744628906
			vertex -1.566684603691101 -46.15554428100586 -82.19825744628906
		endloop
	endfacet
	facet normal 0 0 0
		outer loop
			vertex -1.566684603691101 -46.15554428100586 -82.19825744628906
			vertex -1.5666933059692383 -112.37820434570312 -90.17701721191406
			vertex -1.566684603691101 -46.15554428100586 -82.19825744628906
		endloop
	endfacet
	facet normal 0 0 0
		outer loop
			vertex -1.566684603691101 -46.15554428100586 -82.19825744628906
			vertex -1.5666933059692383 -112.37820434570312 -90.17701721191406
			vertex -1.5666933059692383 -112.37820434570312 -90.17701721191406
		endloop
	endfacet
	facet normal 0 0 0
		outer loop
			vertex -1.5666933059692383 -112.37820434570312 -90.17701721191406
			vertex -1.5666835308074951 -50.07997512817383 -90.28102111816406
			vertex -1.5666933059692383 -112.37820434570312 -90.17701721191406
		endloop
	endfacet
	facet normal 0.9999999999999762 -1.5665455767999107e-7 1.5249620343065118e-7
		outer loop
			vertex -1.5666933059692383 -112.37820434570312 -90.17701721191406
			vertex -1.5666835308074951 -50.07997512817383 -90.28102111816406
			vertex -1.566685676574707 -50.07807540893555 -76.20811462402344
		endloop
	endfacet
	facet normal 0.9999999999999326 -3.339286126978868e-7 1.525201338769177e-7
		outer loop
			vertex -1.5666835308074951 -50.07997512817383 -90.28102111816406
			vertex -1.5666837692260742 -46.867042541503906 -81.68341064453125
			vertex -1.566685676574707 -50.07807540893555 -76.20811462402344
		endloop
	endfacet
	facet normal 0.9999999999999525 -2.1337222203839807e-7 2.2322143136597696e-7
		outer loop
			vertex -1.566685676574707 -50.07807540893555 -76.20811462402344
			vertex -1.5666837692260742 -46.867042541503906 -81.68341064453125
			vertex -1.5666840076446533 -47.0800666809082 -80.81895446777344
		endloop
	endfacet
	facet normal 0.999999999999963 -1.1318168878258321e-7 2.4791094449240067e-7
		outer loop
			vertex -1.5666837692260742 -46.867042541503906 -81.68341064453125
			vertex -1.5666837692260742 -46.59725570678711 -81.56024169921875
			vertex -1.5666840076446533 -47.0800666809082 -80.81895446777344
		endloop
	endfacet
	facet normal 0 0 0
		outer loop
			vertex -1.5666840076446533 -47.0800666809082 -80.81895446777344
			vertex -1.5666837692260742 -46.59725570678711 -81.56024169921875
			vertex -1.5666840076446533 -47.0800666809082 -80.81895446777344
		endloop
	endfacet
	facet normal 0.9999999999996454 -8.157232968013932e-7 -2.0966445103531882e-7
		outer loop
			vertex -1.5666837692260742 -46.59725570678711 -81.56024169921875
			vertex -1.5666837692260742 -46.79045486450195 -80.80857849121094
			vertex -1.5666840076446533 -47.0800666809082 -80.81895446777344
		endloop
	endfacet
	facet normal 0.9999999999995626 -8.381222002802667e-7 4.1552847253867016e-7
		outer loop
			vertex -1.5666840076446533 -47.0800666809082 -80.81895446777344
			vertex -1.5666837692260742 -46.79045486450195 -80.80857849121094
			vertex -1.5666842460632324 -46.92949676513672 -79.94148254394531
		endloop
	endfacet
	facet normal 0.9999999999998054 2.176274756823444e-7 5.848216655277577e-7
		outer loop
			vertex -1.5666837692260742 -46.79045486450195 -80.80857849121094
			vertex -1.5666842460632324 -46.65156936645508 -80.04490661621094
			vertex -1.5666842460632324 -46.92949676513672 -79.94148254394531
		endloop
	endfacet
	facet normal 0 0 0
		outer loop
			vertex -1.5666842460632324 -46.92949676513672 -79.94148254394531
			vertex -1.5666842460632324 -46.65156936645508 -80.04490661621094
			vertex -1.5666842460632324 -46.65156936645508 -80.04490661621094
		endloop
	endfacet
	facet normal 0 0 0
		outer loop
			vertex -1.5666842460632324 -46.65156936645508 -80.04490661621094
			vertex -1.5667431354522705 -118.54087829589844 149.1353759765625
			vertex -1.5666842460632324 -46.65156936645508 -80.04490661621094
		endloop
	endfacet
	facet normal 0 0 0
		outer loop
			vertex -1.5666842460632324 -46.65156936645508 -80.04490661621094
			vertex -1.5667431354522705 -118.54087829589844 149.1353759765625
			vertex -1.5667431354522705 -118.54087829589844 149.1353759765625
		endloop
	endfacet
	facet normal 0 0 0
		outer loop
			vertex -1.5667431354522705 -118.54087829589844 149.1353759765625
			vertex -1.5667428970336914 -117.6738052368164 149.2744140625
			vertex -1.5667431354522705 -118.54087829589844 149.1353759765625
		endloop
	endfacet
	facet normal 0.9999999999999626 -2.733975965548389e-7 -9.802268938649518e-9
		outer loop
			vertex -1.5667431354522705 -118.54087829589844 149.1353759765625
			vertex -1.5667428970336914 -117.6738052368164 149.2744140625
			vertex -1.5667431354522705 -118.55126190185547 149.42498779296875
		endloop
	endfacet
	facet normal 0.9999999999999638 -2.684732266675656e-7 1.8894112330874984e-8
		outer loop
			vertex -1.5667428970336914 -117.6738052368164 149.2744140625
			vertex -1.5667438507080078 -121.03983306884766 151.9199981689453
			vertex -1.5667431354522705 -118.55126190185547 149.42498779296875
		endloop
	endfacet
	facet normal 0.9999999999999614 -2.78093193107512e-7 9.298973432699228e-9
		outer loop
			vertex -1.5667431354522705 -118.55126190185547 149.42498779296875
			vertex -1.5667438507080078 -121.03983306884766 151.9199981689453
			vertex -1.5667433738708496 -119.41571807861328 149.21197509765625
		endloop
	endfacet
	facet normal 0.9999999999999846 -1.5524282742878702e-7 8.297748916248829e-8
		outer loop
			vertex -1.5667438507080078 -121.03983306884766 151.9199981689453
			vertex -1.566744089126587 -124.33903503417969 148.6208038330078
			vertex -1.5667433738708496 -119.41571807861328 149.21197509765625
		endloop
	endfacet
	facet normal 0 0 0
		outer loop
			vertex -1.5667433738708496 -119.41571807861328 149.21197509765625
			vertex -1.566744089126587 -124.33903503417969 148.6208038330078
			vertex -1.5667433738708496 -119.41571807861328 149.21197509765625
		endloop
	endfacet
	facet normal 0.9999999999999458 -1.0790848572700505e-7 -3.1122632454878335e-7
		outer loop
			vertex -1.566744089126587 -124.33903503417969 148.6208038330078
			vertex -1.5667436122894287 -120.14268493652344 148.69796752929688
			vertex -1.5667433738708496 -119.41571807861328 149.21197509765625
		endloop
	endfacet
	facet normal 0.9999999999986444 -0.0000011566374939505876 0.000001172003259679453
		outer loop
			vertex -1.5667433738708496 -119.41571807861328 149.21197509765625
			vertex -1.5667436122894287 -120.14268493652344 148.69796752929688
			vertex -1.5667431354522705 -119.93057250976562 148.5004425048828
		endloop
	endfacet
	facet normal 0 0 0
		outer loop
			vertex -1.5667436122894287 -120.14268493652344 148.69796752929688
			vertex -1.5667436122894287 -120.14268493652344 148.69796752929688
			vertex -1.5667431354522705 -119.93057250976562 148.5004425048828
		endloop
	endfacet
	facet normal 0.9999999999985817 -0.000001449954451062256 8.570245790451339e-7
		outer loop
			vertex -1.5667431354522705 -119.93057250976562 148.5004425048828
			vertex -1.5667436122894287 -120.14268493652344 148.69796752929688
			vertex -1.5667431354522705 -120.32546997070312 147.83233642578125
		endloop
	endfacet
	facet normal 0.9999999999995871 -6.047002192475065e-7 6.785422867328217e-7
		outer loop
			vertex -1.5667436122894287 -120.14268493652344 148.69796752929688
			vertex -1.5667433738708496 -120.60333251953125 147.9360809326172
			vertex -1.5667431354522705 -120.32546997070312 147.83233642578125
		endloop
	endfacet
	facet normal 0.9999999999996666 -8.034894258127985e-7 1.4611818737222093e-7
		outer loop
			vertex -1.5667431354522705 -120.32546997070312 147.83233642578125
			vertex -1.5667433738708496 -120.60333251953125 147.9360809326172
			vertex -1.5667431354522705 -120.46429443359375 147.06895446777344
		endloop
	endfacet
	facet normal 0.9999999999999626 -9.794507995821135e-9 2.7338200258924285e-7
		outer loop
			vertex -1.5667433738708496 -120.60333251953125 147.9360809326172
			vertex -1.5667431354522705 -120.75390625 147.05857849121094
			vertex -1.5667431354522705 -120.46429443359375 147.06895446777344
		endloop
	endfacet
	facet normal 0.9999999999999506 -1.1262573616685632e-8 3.143583047716078e-7
		outer loop
			vertex -1.5667431354522705 -120.46429443359375 147.06895446777344
			vertex -1.5667431354522705 -120.75390625 147.05857849121094
			vertex -1.5667428970336914 -120.27117919921875 146.31744384765625
		endloop
	endfacet
	facet normal 0 0 0
		outer loop
			vertex -1.5667431354522705 -120.75390625 147.05857849121094
			vertex -1.5667431354522705 -120.75390625 147.05857849121094
			vertex -1.5667428970336914 -120.27117919921875 146.31744384765625
		endloop
	endfacet
	facet normal 0.9999999999999628 -1.1334310188078903e-7 2.478696676802779e-7
		outer loop
			vertex -1.5667428970336914 -120.27117919921875 146.31744384765625
			vertex -1.5667431354522705 -120.75390625 147.05857849121094
			vertex -1.5667428970336914 -120.5408706665039 146.19412231445312
		endloop
	endfacet
	facet normal 0.9999999999999589 -1.6337111145609005e-7 2.3554082268203196e-7
		outer loop
			vertex -1.5667431354522705 -120.75390625 147.05857849121094
			vertex -1.566744089126587 -124.33903503417969 148.6208038330078
			vertex -1.5667428970336914 -120.5408706665039 146.19412231445312
		endloop
	endfacet
	facet normal 0 0 0
		outer loop
			vertex -1.5667428970336914 -120.5408706665039 146.19412231445312
			vertex -1.566744089126587 -124.33903503417969 148.6208038330078
			vertex -1.5667428970336914 -120.5408706665039 146.19412231445312
		endloop
	endfacet
	facet normal 0.9999999999999627 -1.8636459835019565e-7 1.9955215175754149e-7
		outer loop
			vertex -1.566744089126587 -124.33903503417969 148.6208038330078
			vertex -1.5667426586151123 -124.33903503417969 141.4521942138672
			vertex -1.5667428970336914 -120.5408706665039 146.19412231445312
		endloop
	endfacet
	facet normal 0 0 0
		outer loop
			vertex -1.5667428970336914 -120.5408706665039 146.19412231445312
			vertex -1.5667426586151123 -124.33903503417969 141.4521942138672
			vertex -1.5667428970336914 -120.5408706665039 146.19412231445312
		endloop
	endfacet
	facet normal 0.9999999999999637 -1.8414815817130784e-7 1.977768392829605e-7
		outer loop
			vertex -1.5667426586151123 -124.33903503417969 141.4521942138672
			vertex -1.5667426586151123 -120.02685546875 145.46722412109375
			vertex -1.5667428970336914 -120.5408706665039 146.19412231445312
		endloop
	endfacet
	facet normal 0 0 0
		outer loop
			vertex -1.5667428970336914 -120.5408706665039 146.19412231445312
			vertex -1.5667426586151123 -120.02685546875 145.46722412109375
			vertex -1.5667428970336914 -120.5408706665039 146.19412231445312
		endloop
	endfacet
	facet normal 0.9999999999999626 -2.0033534393726017e-7 1.8633031270113986e-7
		outer loop
			vertex -1.5667426586151123 -120.02685546875 145.46722412109375
			vertex -1.5667426586151123 -119.82952880859375 145.67938232421875
			vertex -1.5667428970336914 -120.5408706665039 146.19412231445312
		endloop
	endfacet
	facet normal 0.9999999999999513 -1.2978515055924724e-7 2.838267314475891e-7
		outer loop
			vertex -1.5667428970336914 -120.5408706665039 146.19412231445312
			vertex -1.5667426586151123 -119.82952880859375 145.67938232421875
			vertex -1.5667428970336914 -120.27117919921875 146.31744384765625
		endloop
	endfacet
	facet normal 0 0 0
		outer loop
			vertex -1.5667426586151123 -119.82952880859375 145.67938232421875
			vertex -1.5667428970336914 -120.27117919921875 146.31744384765625
			vertex -1.5667428970336914 -120.27117919921875 146.31744384765625
		endloop
	endfacet
	facet normal 0 0 0
		outer loop
			vertex -1.5667428970336914 -120.27117919921875 146.31744384765625
			vertex -1.5667428970336914 -120.27117919921875 146.31744384765625
			vertex -1.5667428970336914 -117.6738052368164 149.2744140625
		endloop
	endfacet
	facet normal 0 0 0
		outer loop
			vertex -1.5667428970336914 -120.27117919921875 146.31744384765625
			vertex -1.5667428970336914 -117.6738052368164 149.2744140625
			vertex -1.5667428970336914 -117.6738052368164 149.2744140625
		endloop
	endfacet
	facet normal 0 0 0
		outer loop
			vertex -1.5667428970336914 -117.6738052368164 149.2744140625
			vertex -1.5667428970336914 -117.6738052368164 149.2744140625
			vertex -1.5667438507080078 -121.03983306884766 151.9199981689453
		endloop
	endfacet
	facet normal 0.9999999999999698 -1.1002959355948043e-7 2.204850115015542e-7
		outer loop
			vertex -1.5667428970336914 -117.6738052368164 149.2744140625
			vertex -1.5667428970336914 -112.37239837646484 151.9199981689453
			vertex -1.5667438507080078 -121.03983306884766 151.9199981689453
		endloop
	endfacet
	facet normal 0 0 0
		outer loop
			vertex -1.5667438507080078 -121.03983306884766 151.9199981689453
			vertex -1.5667428970336914 -112.37239837646484 151.9199981689453
			vertex -1.5667428970336914 -112.37239837646484 151.9199981689453
		endloop
	endfacet
	facet normal 0 0 0
		outer loop
			vertex -1.5667428970336914 -112.37239837646484 151.9199981689453
			vertex -1.5667431354522705 -119.93057250976562 148.5004425048828
			vertex -1.5667428970336914 -112.37239837646484 151.9199981689453
		endloop
	endfacet
	facet normal 0 0 0
		outer loop
			vertex -1.5667428970336914 -112.37239837646484 151.9199981689453
			vertex -1.5667431354522705 -119.93057250976562 148.5004425048828
			vertex -1.5667431354522705 -119.93057250976562 148.5004425048828
		endloop
	endfacet
	facet normal 0 0 0
		outer loop
			vertex -1.5667431354522705 -119.93057250976562 148.5004425048828
			vertex -1.5667431354522705 -119.29251861572266 148.94219970703125
			vertex -1.5667431354522705 -119.93057250976562 148.5004425048828
		endloop
	endfacet
	facet normal 0.9999999999996665 -4.648888672869767e-7 6.714642129818857e-7
		outer loop
			vertex -1.5667431354522705 -119.93057250976562 148.5004425048828
			vertex -1.5667431354522705 -119.29251861572266 148.94219970703125
			vertex -1.5667433738708496 -119.41571807861328 149.21197509765625
		endloop
	endfacet
	facet normal 0 0 0
		outer loop
			vertex -1.5667431354522705 -119.29251861572266 148.94219970703125
			vertex -1.5667431354522705 -119.29251861572266 148.94219970703125
			vertex -1.5667433738708496 -119.41571807861328 149.21197509765625
		endloop
	endfacet
	facet normal 0.9999999999996697 -4.4364902256578786e-7 6.811639022510558e-7
		outer loop
			vertex -1.5667433738708496 -119.41571807861328 149.21197509765625
			vertex -1.5667431354522705 -119.29251861572266 148.94219970703125
			vertex -1.5667431354522705 -118.55126190185547 149.42498779296875
		endloop
	endfacet
	facet normal 1 0 0
		outer loop
			vertex -1.5667431354522705 -119.29251861572266 148.94219970703125
			vertex -1.5667431354522705 -118.54087829589844 149.1353759765625
			vertex -1.5667431354522705 -118.55126190185547 149.42498779296875
		endloop
	endfacet
	facet normal 0 0 0
		outer loop
			vertex -1.5667431354522705 -118.55126190185547 149.42498779296875
			vertex -1.5667431354522705 -118.54087829589844 149.1353759765625
			vertex -1.5667431354522705 -118.54087829589844 149.1353759765625
		endloop
	endfacet
	facet normal 0 0 0
		outer loop
			vertex -1.5667431354522705 -118.54087829589844 149.1353759765625
			vertex -1.5667436122894287 -120.14268493652344 148.69796752929688
			vertex -1.5667431354522705 -118.54087829589844 149.1353759765625
		endloop
	endfacet
	facet normal 0 0 0
		outer loop
			vertex -1.5667431354522705 -118.54087829589844 149.1353759765625
			vertex -1.5667436122894287 -120.14268493652344 148.69796752929688
			vertex -1.5667436122894287 -120.14268493652344 148.69796752929688
		endloop
	endfacet
	facet normal 0 0 0
		outer loop
			vertex -1.5667436122894287 -120.14268493652344 148.69796752929688
			vertex -1.566744089126587 -124.33903503417969 148.6208038330078
			vertex -1.5667436122894287 -120.14268493652344 148.69796752929688
		endloop
	endfacet
	facet normal 0.9999999999999184 -1.207279179175182e-7 3.859256797182248e-7
		outer loop
			vertex -1.5667436122894287 -120.14268493652344 148.69796752929688
			vertex -1.566744089126587 -124.33903503417969 148.6208038330078
			vertex -1.5667433738708496 -120.60333251953125 147.9360809326172
		endloop
	endfacet
	facet normal 0.999999999999947 -1.373445688774275e-7 2.952687661835158e-7
		outer loop
			vertex -1.566744089126587 -124.33903503417969 148.6208038330078
			vertex -1.5667431354522705 -120.75390625 147.05857849121094
			vertex -1.5667433738708496 -120.60333251953125 147.9360809326172
		endloop
	endfacet
	facet normal 0 0 0
		outer loop
			vertex -1.5667433738708496 -120.60333251953125 147.9360809326172
			vertex -1.5667431354522705 -120.75390625 147.05857849121094
			vertex -1.5667431354522705 -120.75390625 147.05857849121094
		endloop
	endfacet
	facet normal 0 0 0
		outer loop
			vertex -1.5667431354522705 -120.75390625 147.05857849121094
			vertex -1.5667426586151123 -119.82952880859375 145.67938232421875
			vertex -1.5667431354522705 -120.75390625 147.05857849121094
		endloop
	endfacet
	facet normal 0 0 0
		outer loop
			vertex -1.5667431354522705 -120.75390625 147.05857849121094
			vertex -1.5667426586151123 -119.82952880859375 145.67938232421875
			vertex -1.5667426586151123 -119.82952880859375 145.67938232421875
		endloop
	endfacet
	facet normal 0 0 0
		outer loop
			vertex -1.5667426586151123 -119.82952880859375 145.67938232421875
			vertex -1.5667426586151123 -120.02685546875 145.46722412109375
			vertex -1.5667426586151123 -119.82952880859375 145.67938232421875
		endloop
	endfacet
	facet normal 0.9999999999999506 -2.302912937136594e-7 2.141921037331015e-7
		outer loop
			vertex -1.5667426586151123 -119.82952880859375 145.67938232421875
			vertex -1.5667426586151123 -120.02685546875 145.46722412109375
			vertex -1.5667424201965332 -119.16151428222656 145.2845001220703
		endloop
	endfacet
	facet normal 0.9999999999996652 -4.233920408208371e-7 -7.002911087261567e-7
		outer loop
			vertex -1.5667426586151123 -120.02685546875 145.46722412109375
			vertex -1.5667426586151123 -119.26496887207031 145.006591796875
			vertex -1.5667424201965332 -119.16151428222656 145.2845001220703
		endloop
	endfacet
	facet normal 0.9999999999996627 -4.3853730458665303e-7 -6.946531090373482e-7
		outer loop
			vertex -1.5667424201965332 -119.16151428222656 145.2845001220703
			vertex -1.5667426586151123 -119.26496887207031 145.006591796875
			vertex -1.566742181777954 -118.39787292480469 145.1456298828125
		endloop
	endfacet
	facet normal 0.9999999999995625 -4.155321387073684e-7 -8.381223316287762e-7
		outer loop
			vertex -1.5667426586151123 -119.26496887207031 145.006591796875
			vertex -1.5667424201965332 -118.38749694824219 144.85601806640625
			vertex -1.566742181777954 -118.39787292480469 145.1456298828125
		endloop
	endfacet
	facet normal 0.9999999999996454 2.0967666992100642e-7 -8.157228590330966e-7
		outer loop
			vertex -1.566742181777954 -118.39787292480469 145.1456298828125
			vertex -1.5667424201965332 -118.38749694824219 144.85601806640625
			vertex -1.566742181777954 -117.64592742919922 145.3389129638672
		endloop
	endfacet
	facet normal 0.9999999999999629 -2.479997303907583e-7 -1.1288075024090007e-7
		outer loop
			vertex -1.5667424201965332 -118.38749694824219 144.85601806640625
			vertex -1.566742181777954 -117.52308654785156 145.06903076171875
			vertex -1.566742181777954 -117.64592742919922 145.3389129638672
		endloop
	endfacet
	facet normal 1 0 0
		outer loop
			vertex -1.566742181777954 -117.64592742919922 145.3389129638672
			vertex -1.566742181777954 -117.52308654785156 145.06903076171875
			vertex -1.566742181777954 -117.00802612304688 145.7805938720703
		endloop
	endfacet
	facet normal 1 0 0
		outer loop
			vertex -1.566742181777954 -117.52308654785156 145.06903076171875
			vertex -1.566742181777954 -116.79611206054688 145.58303833007812
			vertex -1.566742181777954 -117.00802612304688 145.7805938720703
		endloop
	endfacet
	facet normal 1 0 0
		outer loop
			vertex -1.566742181777954 -117.00802612304688 145.7805938720703
			vertex -1.566742181777954 -116.79611206054688 145.58303833007812
			vertex -1.566742181777954 -116.61311340332031 146.44903564453125
		endloop
	endfacet
	facet normal 1 0 0
		outer loop
			vertex -1.566742181777954 -116.79611206054688 145.58303833007812
			vertex -1.566742181777954 -116.33552551269531 146.34486389160156
			vertex -1.566742181777954 -116.61311340332031 146.44903564453125
		endloop
	endfacet
	facet normal 0.9999999999999513 1.0974669230625617e-7 2.92443507607355e-7
		outer loop
			vertex -1.566742181777954 -116.61311340332031 146.44903564453125
			vertex -1.566742181777954 -116.33552551269531 146.34486389160156
			vertex -1.5667424201965332 -116.47445678710938 147.21226501464844
		endloop
	endfacet
	facet normal 0.9999999999999627 -9.551045043759294e-9 2.7333563900496054e-7
		outer loop
			vertex -1.566742181777954 -116.33552551269531 146.34486389160156
			vertex -1.5667424201965332 -116.1849365234375 147.22238159179688
			vertex -1.5667424201965332 -116.47445678710938 147.21226501464844
		endloop
	endfacet
	facet normal 0.9999999999999507 -1.0986886996651963e-8 3.1442714008216346e-7
		outer loop
			vertex -1.5667424201965332 -116.47445678710938 147.21226501464844
			vertex -1.5667424201965332 -116.1849365234375 147.22238159179688
			vertex -1.5667426586151123 -116.66770935058594 147.96377563476562
		endloop
	endfacet
	facet normal 0.9999999999999629 -1.1308345773500502e-7 2.479450168914464e-7
		outer loop
			vertex -1.5667424201965332 -116.1849365234375 147.22238159179688
			vertex -1.5667426586151123 -116.39791870117188 148.08682250976562
			vertex -1.5667426586151123 -116.66770935058594 147.96377563476562
		endloop
	endfacet
	facet normal 1 0 0
		outer loop
			vertex -1.5667426586151123 -116.66770935058594 147.96377563476562
			vertex -1.5667426586151123 -116.39791870117188 148.08682250976562
			vertex -1.5667426586151123 -117.10921478271484 148.60162353515625
		endloop
	endfacet
	facet normal 1 0 0
		outer loop
			vertex -1.5667426586151123 -116.39791870117188 148.08682250976562
			vertex -1.5667426586151123 -116.91191864013672 148.81378173828125
			vertex -1.5667426586151123 -117.10921478271484 148.60162353515625
		endloop
	endfacet
	facet normal 0.9999999999999507 -2.3032552036725406e-7 2.1419080684325338e-7
		outer loop
			vertex -1.5667426586151123 -117.10921478271484 148.60162353515625
			vertex -1.5667426586151123 -116.91191864013672 148.81378173828125
			vertex -1.5667428970336914 -117.77716064453125 148.99647521972656
		endloop
	endfacet
	facet normal 0.9999999999999628 -2.5549069594173785e-7 9.500775344284169e-8
		outer loop
			vertex -1.5667426586151123 -116.91191864013672 148.81378173828125
			vertex -1.5667428970336914 -117.6738052368164 149.2744140625
			vertex -1.5667428970336914 -117.77716064453125 148.99647521972656
		endloop
	endfacet
	facet normal 0.9999999999999514 -2.9240544947289407e-7 1.0873501575650003e-7
		outer loop
			vertex -1.5667428970336914 -117.77716064453125 148.99647521972656
			vertex -1.5667428970336914 -117.6738052368164 149.2744140625
			vertex -1.5667431354522705 -118.54087829589844 149.1353759765625
		endloop
	endfacet
	facet normal 0 0 0
		outer loop
			vertex -1.5667428970336914 -117.6738052368164 149.2744140625
			vertex -1.5667431354522705 -118.54087829589844 149.1353759765625
			vertex -1.5667431354522705 -118.54087829589844 149.1353759765625
		endloop
	endfacet
	facet normal 0 0 0
		outer loop
			vertex -1.5667431354522705 -118.54087829589844 149.1353759765625
			vertex -1.5667431354522705 -118.54087829589844 149.1353759765625
			vertex -1.5667426586151123 -119.26496887207031 145.006591796875
		endloop
	endfacet
	facet normal 0 0 0
		outer loop
			vertex -1.5667431354522705 -118.54087829589844 149.1353759765625
			vertex -1.5667426586151123 -119.26496887207031 145.006591796875
			vertex -1.5667426586151123 -119.26496887207031 145.006591796875
		endloop
	endfacet
	facet normal 0 0 0
		outer loop
			vertex -1.5667426586151123 -119.26496887207031 145.006591796875
			vertex -1.5667426586151123 -119.26496887207031 145.006591796875
			vertex -1.5667426586151123 -124.33903503417969 141.4521942138672
		endloop
	endfacet
	facet normal 1 0 0
		outer loop
			vertex -1.5667426586151123 -119.26496887207031 145.006591796875
			vertex -1.5667426586151123 -120.02685546875 145.46722412109375
			vertex -1.5667426586151123 -124.33903503417969 141.4521942138672
		endloop
	endfacet
	facet normal 0 0 0
		outer loop
			vertex -1.5667426586151123 -124.33903503417969 141.4521942138672
			vertex -1.5667426586151123 -120.02685546875 145.46722412109375
			vertex -1.5667426586151123 -120.02685546875 145.46722412109375
		endloop
	endfacet
	facet normal 0 0 0
		outer loop
			vertex -1.5667426586151123 -120.02685546875 145.46722412109375
			vertex -1.5667428970336914 -117.6738052368164 149.2744140625
			vertex -1.5667426586151123 -120.02685546875 145.46722412109375
		endloop
	endfacet
	facet normal 0 0 0
		outer loop
			vertex -1.5667426586151123 -120.02685546875 145.46722412109375
			vertex -1.5667428970336914 -117.6738052368164 149.2744140625
			vertex -1.5667428970336914 -117.6738052368164 149.2744140625
		endloop
	endfacet
	facet normal 0 0 0
		outer loop
			vertex -1.5667428970336914 -117.6738052368164 149.2744140625
			vertex -1.5667426586151123 -116.91191864013672 148.81378173828125
			vertex -1.5667428970336914 -117.6738052368164 149.2744140625
		endloop
	endfacet
	facet normal 0.9999999999999498 -1.4150025372825104e-7 2.835481261128234e-7
		outer loop
			vertex -1.5667428970336914 -117.6738052368164 149.2744140625
			vertex -1.5667426586151123 -116.91191864013672 148.81378173828125
			vertex -1.5667428970336914 -112.37239837646484 151.9199981689453
		endloop
	endfacet
	facet normal 0.9999999999999991 3.5395810942567775e-8 2.502677447432658e-8
		outer loop
			vertex -1.5667426586151123 -116.91191864013672 148.81378173828125
			vertex -1.5667426586151123 -116.39791870117188 148.08682250976562
			vertex -1.5667428970336914 -112.37239837646484 151.9199981689453
		endloop
	endfacet
	facet normal 0 0 0
		outer loop
			vertex -1.5667428970336914 -112.37239837646484 151.9199981689453
			vertex -1.5667426586151123 -116.39791870117188 148.08682250976562
			vertex -1.5667428970336914 -112.37239837646484 151.9199981689453
		endloop
	endfacet
	facet normal 0.9999999999999588 -1.647497318485914e-7 2.3521540709695541e-7
		outer loop
			vertex -1.5667426586151123 -116.39791870117188 148.08682250976562
			vertex -1.5667424201965332 -116.1849365234375 147.22238159179688
			vertex -1.5667428970336914 -112.37239837646484 151.9199981689453
		endloop
	endfacet
	facet normal 0 0 0
		outer loop
			vertex -1.5667428970336914 -112.37239837646484 151.9199981689453
			vertex -1.5667424201965332 -116.1849365234375 147.22238159179688
			vertex -1.5667428970336914 -112.37239837646484 151.9199981689453
		endloop
	endfacet
	facet normal 0.9999999999999143 -2.6593001315261426e-7 3.1733230102769674e-7
		outer loop
			vertex -1.5667424201965332 -116.1849365234375 147.22238159179688
			vertex -1.566742181777954 -116.33552551269531 146.34486389160156
			vertex -1.5667428970336914 -112.37239837646484 151.9199981689453
		endloop
	endfacet
	facet normal 0.9999999999999863 -4.3795538487780885e-8 1.5942629901192338e-7
		outer loop
			vertex -1.5667428970336914 -112.37239837646484 151.9199981689453
			vertex -1.566742181777954 -116.33552551269531 146.34486389160156
			vertex -1.5667412281036377 -112.34819793701172 141.4582977294922
		endloop
	endfacet
	facet normal 0.9999999999999871 -1.3738416942498106e-7 8.306009081445016e-8
		outer loop
			vertex -1.566742181777954 -116.33552551269531 146.34486389160156
			vertex -1.566742181777954 -116.79611206054688 145.58303833007812
			vertex -1.5667412281036377 -112.34819793701172 141.4582977294922
		endloop
	endfacet
	facet normal 0 0 0
		outer loop
			vertex -1.5667412281036377 -112.34819793701172 141.4582977294922
			vertex -1.566742181777954 -116.79611206054688 145.58303833007812
			vertex -1.5667412281036377 -112.34819793701172 141.4582977294922
		endloop
	endfacet
	facet normal 0.9999999999999872 -9.275504374042305e-8 1.3118590954476562e-7
		outer loop
			vertex -1.566742181777954 -116.79611206054688 145.58303833007812
			vertex -1.566742181777954 -117.52308654785156 145.06903076171875
			vertex -1.5667412281036377 -112.34819793701172 141.4582977294922
		endloop
	endfacet
	facet normal 0 0 0
		outer loop
			vertex -1.5667412281036377 -112.34819793701172 141.4582977294922
			vertex -1.566742181777954 -117.52308654785156 145.06903076171875
			vertex -1.5667412281036377 -112.34819793701172 141.4582977294922
		endloop
	endfacet
	facet normal 0.9999999999999637 -2.5192792472327634e-7 -9.694004759497323e-8
		outer loop
			vertex -1.566742181777954 -117.52308654785156 145.06903076171875
			vertex -1.5667424201965332 -118.38749694824219 144.85601806640625
			vertex -1.5667412281036377 -112.34819793701172 141.4582977294922
		endloop
	endfacet
	facet normal 0 0 0
		outer loop
			vertex -1.5667412281036377 -112.34819793701172 141.4582977294922
			vertex -1.5667424201965332 -118.38749694824219 144.85601806640625
			vertex -1.5667412281036377 -112.34819793701172 141.4582977294922
		endloop
	endfacet
	facet normal 0.9999999999999357 -3.0432831205228654e-7 -1.9007943989458797e-7
		outer loop
			vertex -1.5667424201965332 -118.38749694824219 144.85601806640625
			vertex -1.5667426586151123 -119.26496887207031 145.006591796875
			vertex -1.5667412281036377 -112.34819793701172 141.4582977294922
		endloop
	endfacet
	facet normal 0 0 0
		outer loop
			vertex -1.5667412281036377 -112.34819793701172 141.4582977294922
			vertex -1.5667426586151123 -119.26496887207031 145.006591796875
			vertex -1.5667412281036377 -112.34819793701172 141.4582977294922
		endloop
	endfacet
	facet normal 0.9999999999999785 -1.1938713611368484e-7 1.7043063230787227e-7
		outer loop
			vertex -1.5667426586151123 -119.26496887207031 145.006591796875
			vertex -1.5667426586151123 -124.33903503417969 141.4521942138672
			vertex -1.5667412281036377 -112.34819793701172 141.4582977294922
		endloop
	endfacet
	facet normal 0.999999999999965 -1.1942078006435522e-7 2.36526822864099e-7
		outer loop
			vertex -1.5667412281036377 -112.34819793701172 141.4582977294922
			vertex -1.5667426586151123 -124.33903503417969 141.4521942138672
			vertex -1.5667340755462646 -112.41499328613281 111.18463134765625
		endloop
	endfacet
	facet normal 0.999999999999965 -1.20054015004996e-7 2.362773571273993e-7
		outer loop
			vertex -1.5667426586151123 -124.33903503417969 141.4521942138672
			vertex -1.5667355060577393 -124.33902740478516 111.18032836914062
			vertex -1.5667340755462646 -112.41499328613281 111.18463134765625
		endloop
	endfacet
	facet normal 0.99999999999998 -1.2002644011435564e-7 1.598642549840233e-7
		outer loop
			vertex -1.5667340755462646 -112.41499328613281 111.18463134765625
			vertex -1.5667355060577393 -124.33902740478516 111.18032836914062
			vertex -1.56673264503479 -112.4285888671875 102.22613525390625
		endloop
	endfacet
	facet normal 0.9999999999999801 -1.2015814298153706e-7 1.59689070142173e-7
		outer loop
			vertex -1.5667355060577393 -124.33902740478516 111.18032836914062
			vertex -1.5667340755462646 -124.33901977539062 102.22222900390625
			vertex -1.56673264503479 -112.4285888671875 102.22613525390625
		endloop
	endfacet
	facet normal 0.9999999999999797 -1.201592272848972e-7 1.62995187327429e-7
		outer loop
			vertex -1.56673264503479 -112.4285888671875 102.22613525390625
			vertex -1.5667340755462646 -124.33901977539062 102.22222900390625
			vertex -1.5667216777801514 -112.53079986572266 34.865028381347656
		endloop
	endfacet
	facet normal 0.9999999999999795 -1.2116322823925517e-7 1.6281917846796035e-7
		outer loop
			vertex -1.5667340755462646 -124.33901977539062 102.22222900390625
			vertex -1.566723108291626 -124.33903503417969 34.86372375488281
			vertex -1.5667216777801514 -112.53079986572266 34.865028381347656
		endloop
	endfacet
	facet normal 0 0 0
		outer loop
			vertex -1.5667216777801514 -112.53079986572266 34.865028381347656
			vertex -1.566723108291626 -124.33903503417969 34.86372375488281
			vertex -1.5667216777801514 -112.53079986572266 34.865028381347656
		endloop
	endfacet
	facet normal 0.9999999999999768 -1.2116496280666797e-7 1.7851882927351348e-7
		outer loop
			vertex -1.566723108291626 -124.33903503417969 34.86372375488281
			vertex -1.5667212009429932 -124.33903503417969 24.179424285888672
			vertex -1.5667216777801514 -112.53079986572266 34.865028381347656
		endloop
	endfacet
	facet normal 0.9999999999999768 -1.213252834986424e-7 1.7869599327999283e-7
		outer loop
			vertex -1.5667216777801514 -112.53079986572266 34.865028381347656
			vertex -1.5667212009429932 -124.33903503417969 24.179424285888672
			vertex -1.5667197704315186 -112.5469970703125 24.18032455444336
		endloop
	endfacet
	facet normal 0.9999999999999881 -1.213189947442855e-7 9.63236503252429e-8
		outer loop
			vertex -1.5667212009429932 -124.33903503417969 24.179424285888672
			vertex -1.5667164325714111 -112.57540130615234 -10.508000373840332
			vertex -1.5667197704315186 -112.5469970703125 24.18032455444336
		endloop
	endfacet
	facet normal 0 0 0
		outer loop
			vertex -1.5667197704315186 -112.5469970703125 24.18032455444336
			vertex -1.5667164325714111 -112.57540130615234 -10.508000373840332
			vertex -1.5667197704315186 -112.5469970703125 24.18032455444336
		endloop
	endfacet
	facet normal 0.9999999999999838 -1.5285449187969807e-7 9.634947289522283e-8
		outer loop
			vertex -1.5667164325714111 -112.57540130615234 -10.508000373840332
			vertex -1.5667099952697754 -47.965553283691406 25.180870056152344
			vertex -1.5667197704315186 -112.5469970703125 24.18032455444336
		endloop
	endfacet
	facet normal 0.9999999999999722 -1.541310381117867e-7 1.787457243280212e-7
		outer loop
			vertex -1.5667197704315186 -112.5469970703125 24.18032455444336
			vertex -1.5667099952697754 -47.965553283691406 25.180870056152344
			vertex -1.5667216777801514 -112.53079986572266 34.865028381347656
		endloop
	endfacet
	facet normal 0.9999999999999724 -1.541799602772972e-7 1.7841955538556464e-7
		outer loop
			vertex -1.5667099952697754 -47.965553283691406 25.180870056152344
			vertex -1.5667119026184082 -47.964447021484375 35.8720703125
			vertex -1.5667216777801514 -112.53079986572266 34.865028381347656
		endloop
	endfacet
	facet normal 0 0 0
		outer loop
			vertex -1.5667216777801514 -112.53079986572266 34.865028381347656
			vertex -1.5667119026184082 -47.964447021484375 35.8720703125
			vertex -1.5667216777801514 -112.53079986572266 34.865028381347656
		endloop
	endfacet
	facet normal 0.9999999999999749 -1.5393524125655676e-7 1.6272942953075587e-7
		outer loop
			vertex -1.5667119026184082 -47.964447021484375 35.8720703125
			vertex -1.5667228698730469 -47.95783996582031 103.27396392822266
			vertex -1.5667216777801514 -112.53079986572266 34.865028381347656
		endloop
	endfacet
	facet normal 0.999999999999975 -1.542716220939749e-7 1.6304694808519694e-7
		outer loop
			vertex -1.5667216777801514 -112.53079986572266 34.865028381347656
			vertex -1.5667228698730469 -47.95783996582031 103.27396392822266
			vertex -1.56673264503479 -112.4285888671875 102.22613525390625
		endloop
	endfacet
	facet normal 0.9999999999999756 -1.5421561746216288e-7 1.5960109797308107e-7
		outer loop
			vertex -1.5667228698730469 -47.95783996582031 103.27396392822266
			vertex -1.5667243003845215 -47.956947326660156 112.23786926269531
			vertex -1.56673264503479 -112.4285888671875 102.22613525390625
		endloop
	endfacet
	facet normal 0.9999999999999754 -1.542645517160965e-7 1.599162153819029e-7
		outer loop
			vertex -1.56673264503479 -112.4285888671875 102.22613525390625
			vertex -1.5667243003845215 -47.956947326660156 112.23786926269531
			vertex -1.5667340755462646 -112.41499328613281 111.18463134765625
		endloop
	endfacet
	facet normal 0.9999999999999658 -1.5510258307126833e-7 2.1120364326113517e-7
		outer loop
			vertex -1.5667243003845215 -47.956947326660156 112.23786926269531
			vertex -1.5667307376861572 -49.544002532958984 141.55149841308594
			vertex -1.5667340755462646 -112.41499328613281 111.18463134765625
		endloop
	endfacet
	facet normal 0.999999999999958 -1.6738486557441073e-7 2.3663265008028281e-7
		outer loop
			vertex -1.5667340755462646 -112.41499328613281 111.18463134765625
			vertex -1.5667307376861572 -49.544002532958984 141.55149841308594
			vertex -1.5667412281036377 -112.34819793701172 141.4582977294922
		endloop
	endfacet
	facet normal 0 0 0
		outer loop
			vertex -1.5667307376861572 -49.544002532958984 141.55149841308594
			vertex -1.5667307376861572 -49.544002532958984 141.55149841308594
			vertex -1.5667412281036377 -112.34819793701172 141.4582977294922
		endloop
	endfacet
	facet normal 0.9999999999999734 -1.6726986839653452e-7 1.5914067306972713e-7
		outer loop
			vertex -1.5667412281036377 -112.34819793701172 141.4582977294922
			vertex -1.5667307376861572 -49.544002532958984 141.55149841308594
			vertex -1.5667428970336914 -112.37239837646484 151.9199981689453
		endloop
	endfacet
	facet normal 0 0 0
		outer loop
			vertex -1.5667307376861572 -49.544002532958984 141.55149841308594
			vertex -1.5667307376861572 -49.544002532958984 141.55149841308594
			vertex -1.5667428970336914 -112.37239837646484 151.9199981689453
		endloop
	endfacet
	facet normal 0.9999999999999734 -1.671645942714655e-7 1.5977858641858716e-7
		outer loop
			vertex -1.5667428970336914 -112.37239837646484 151.9199981689453
			vertex -1.5667307376861572 -49.544002532958984 141.55149841308594
			vertex -1.566732406616211 -49.61737823486328 151.9199981689453
		endloop
	endfacet
	facet normal 0.9999999999999607 -2.3110822893559076e-7 1.593260707040392e-7
		outer loop
			vertex -1.5667307376861572 -49.544002532958984 141.55149841308594
			vertex -1.5667312145233154 -47.221343994140625 147.91343688964844
			vertex -1.566732406616211 -49.61737823486328 151.9199981689453
		endloop
	endfacet
	facet normal 0 0 0
		outer loop
			vertex -1.566732406616211 -49.61737823486328 151.9199981689453
			vertex -1.5667312145233154 -47.221343994140625 147.91343688964844
			vertex -1.566732406616211 -49.61737823486328 151.9199981689453
		endloop
	endfacet
	facet normal 0.9999999999999583 -2.474074667072277e-7 1.4957867659819424e-7
		outer loop
			vertex -1.5667312145233154 -47.221343994140625 147.91343688964844
			vertex -1.5667312145233154 -46.760719299316406 148.67532348632812
			vertex -1.566732406616211 -49.61737823486328 151.9199981689453
		endloop
	endfacet
	facet normal 0 0 0
		outer loop
			vertex -1.566732406616211 -49.61737823486328 151.9199981689453
			vertex -1.5667312145233154 -46.760719299316406 148.67532348632812
			vertex -1.566732406616211 -49.61737823486328 151.9199981689453
		endloop
	endfacet
	facet normal 0.9999999999999617 -1.6011445589207232e-7 2.2643271706389856e-7
		outer loop
			vertex -1.5667312145233154 -46.760719299316406 148.67532348632812
			vertex -1.5667312145233154 -46.0338134765625 149.1893310546875
			vertex -1.566732406616211 -49.61737823486328 151.9199981689453
		endloop
	endfacet
	facet normal 0 0 0
		outer loop
			vertex -1.566732406616211 -49.61737823486328 151.9199981689453
			vertex -1.5667312145233154 -46.0338134765625 149.1893310546875
			vertex -1.566732406616211 -49.61737823486328 151.9199981689453
		endloop
	endfacet
	facet normal 0.9999999999999423 -8.129233405487658e-8 3.2987417154049624e-7
		outer loop
			vertex -1.5667312145233154 -46.0338134765625 149.1893310546875
			vertex -1.5667312145233154 -45.16937255859375 149.40235900878906
			vertex -1.566732406616211 -49.61737823486328 151.9199981689453
		endloop
	endfacet
	facet normal 0 0 0
		outer loop
			vertex -1.566732406616211 -49.61737823486328 151.9199981689453
			vertex -1.5667312145233154 -45.16937255859375 149.40235900878906
			vertex -1.566732406616211 -49.61737823486328 151.9199981689453
		endloop
	endfacet
	facet normal 0.9999999999999626 -2.7332573402141274e-7 -9.398297128705081e-9
		outer loop
			vertex -1.5667312145233154 -45.16937255859375 149.40235900878906
			vertex -1.5667309761047363 -44.291908264160156 149.25180053710938
			vertex -1.566732406616211 -49.61737823486328 151.9199981689453
		endloop
	endfacet
	facet normal 0.9999999999999566 -1.378184985501434e-7 2.6106132126870967e-7
		outer loop
			vertex -1.566732406616211 -49.61737823486328 151.9199981689453
			vertex -1.5667309761047363 -44.291908264160156 149.25180053710938
			vertex -1.5667309761047363 -39.237701416015625 151.9199981689453
		endloop
	endfacet
	facet normal 0.9999999999999513 -1.458747669587914e-7 2.763218276403692e-7
		outer loop
			vertex -1.5667309761047363 -44.291908264160156 149.25180053710938
			vertex -1.5667307376861572 -43.53002166748047 148.7911834716797
			vertex -1.5667309761047363 -39.237701416015625 151.9199981689453
		endloop
	endfacet
	facet normal 0.999999999999999 3.665358548154178e-8 2.5917051566271935e-8
		outer loop
			vertex -1.5667309761047363 -39.237701416015625 151.9199981689453
			vertex -1.5667307376861572 -43.53002166748047 148.7911834716797
			vertex -1.5667307376861572 -43.0160026550293 148.06422424316406
		endloop
	endfacet
	facet normal 0 0 0
		outer loop
			vertex -1.5667307376861572 -43.53002166748047 148.7911834716797
			vertex -1.5667307376861572 -43.53002166748047 148.7911834716797
			vertex -1.5667307376861572 -43.0160026550293 148.06422424316406
		endloop
	endfacet
	facet normal 1 0 0
		outer loop
			vertex -1.5667307376861572 -43.0160026550293 148.06422424316406
			vertex -1.5667307376861572 -43.53002166748047 148.7911834716797
			vertex -1.5667307376861572 -43.72734832763672 148.5790252685547
		endloop
	endfacet
	facet normal 0 0 0
		outer loop
			vertex -1.5667307376861572 -43.53002166748047 148.7911834716797
			vertex -1.5667307376861572 -43.53002166748047 148.7911834716797
			vertex -1.5667307376861572 -43.72734832763672 148.5790252685547
		endloop
	endfacet
	facet normal 0.9999999999999506 -2.302963850978957e-7 2.1419683918915328e-7
		outer loop
			vertex -1.5667307376861572 -43.72734832763672 148.5790252685547
			vertex -1.5667307376861572 -43.53002166748047 148.7911834716797
			vertex -1.5667309761047363 -44.39533996582031 148.97390747070312
		endloop
	endfacet
	facet normal 0.999999999999963 -2.554499081563621e-7 9.507836604644741e-8
		outer loop
			vertex -1.5667307376861572 -43.53002166748047 148.7911834716797
			vertex -1.5667309761047363 -44.291908264160156 149.25180053710938
			vertex -1.5667309761047363 -44.39533996582031 148.97390747070312
		endloop
	endfacet
	facet normal 0.9999999999999515 -2.924181200927364e-7 1.0883792153792081e-7
		outer loop
			vertex -1.5667309761047363 -44.39533996582031 148.97390747070312
			vertex -1.5667309761047363 -44.291908264160156 149.25180053710938
			vertex -1.5667312145233154 -45.15898132324219 149.11279296875
		endloop
	endfacet
	facet normal 0.9999999999999626 -2.7339654434548866e-7 -9.810984175542909e-9
		outer loop
			vertex -1.5667309761047363 -44.291908264160156 149.25180053710938
			vertex -1.5667312145233154 -45.16937255859375 149.40235900878906
			vertex -1.5667312145233154 -45.15898132324219 149.11279296875
		endloop
	endfacet
	facet normal 1 0 0
		outer loop
			vertex -1.5667312145233154 -45.15898132324219 149.11279296875
			vertex -1.5667312145233154 -45.16937255859375 149.40235900878906
			vertex -1.5667312145233154 -45.910491943359375 148.91964721679688
		endloop
	endfacet
	facet normal 1 0 0
		outer loop
			vertex -1.5667312145233154 -45.16937255859375 149.40235900878906
			vertex -1.5667312145233154 -46.0338134765625 149.1893310546875
			vertex -1.5667312145233154 -45.910491943359375 148.91964721679688
		endloop
	endfacet
	facet normal 1 0 0
		outer loop
			vertex -1.5667312145233154 -45.910491943359375 148.91964721679688
			vertex -1.5667312145233154 -46.0338134765625 149.1893310546875
			vertex -1.5667312145233154 -46.548580169677734 148.47799682617188
		endloop
	endfacet
	facet normal 1 0 0
		outer loop
			vertex -1.5667312145233154 -46.0338134765625 149.1893310546875
			vertex -1.5667312145233154 -46.760719299316406 148.67532348632812
			vertex -1.5667312145233154 -46.548580169677734 148.47799682617188
		endloop
	endfacet
	facet normal 1 0 0
		outer loop
			vertex -1.5667312145233154 -46.548580169677734 148.47799682617188
			vertex -1.5667312145233154 -46.760719299316406 148.67532348632812
			vertex -1.5667312145233154 -46.94350814819336 147.8099365234375
		endloop
	endfacet
	facet normal 1 0 0
		outer loop
			vertex -1.5667312145233154 -46.760719299316406 148.67532348632812
			vertex -1.5667312145233154 -47.221343994140625 147.91343688964844
			vertex -1.5667312145233154 -46.94350814819336 147.8099365234375
		endloop
	endfacet
	facet normal 1 0 0
		outer loop
			vertex -1.5667312145233154 -46.94350814819336 147.8099365234375
			vertex -1.5667312145233154 -47.221343994140625 147.91343688964844
			vertex -1.5667312145233154 -47.08243942260742 147.04635620117188
		endloop
	endfacet
	facet normal 1 0 0
		outer loop
			vertex -1.5667312145233154 -47.221343994140625 147.91343688964844
			vertex -1.5667312145233154 -47.371917724609375 147.03598022460938
			vertex -1.5667312145233154 -47.08243942260742 147.04635620117188
		endloop
	endfacet
	facet normal 0.9999999999999506 -1.1262632219641346e-8 3.1421501690716307e-7
		outer loop
			vertex -1.5667312145233154 -47.08243942260742 147.04635620117188
			vertex -1.5667312145233154 -47.371917724609375 147.03598022460938
			vertex -1.5667309761047363 -46.889129638671875 146.2945098876953
		endloop
	endfacet
	facet normal 0.999999999999963 -1.130220677825867e-7 2.479571496997176e-7
		outer loop
			vertex -1.5667312145233154 -47.371917724609375 147.03598022460938
			vertex -1.5667309761047363 -47.158912658691406 146.17153930664062
			vertex -1.5667309761047363 -46.889129638671875 146.2945098876953
		endloop
	endfacet
	facet normal 0.9999999999999514 -1.2946369958770684e-7 2.8402815989086127e-7
		outer loop
			vertex -1.5667309761047363 -46.889129638671875 146.2945098876953
			vertex -1.5667309761047363 -47.158912658691406 146.17153930664062
			vertex -1.5667307376861572 -46.44734191894531 145.65646362304688
		endloop
	endfacet
	facet normal 0.9999999999999628 -2.0004180646139398e-7 1.8652537084909362e-7
		outer loop
			vertex -1.5667309761047363 -47.158912658691406 146.17153930664062
			vertex -1.5667307376861572 -46.6449089050293 145.444580078125
			vertex -1.5667307376861572 -46.44734191894531 145.65646362304688
		endloop
	endfacet
	facet normal 1 0 0
		outer loop
			vertex -1.5667307376861572 -46.44734191894531 145.65646362304688
			vertex -1.5667307376861572 -46.6449089050293 145.444580078125
			vertex -1.5667307376861572 -45.77915954589844 145.26168823242188
		endloop
	endfacet
	facet normal 0.9999999999996695 1.6807445942315156e-7 7.956087652374368e-7
		outer loop
			vertex -1.5667307376861572 -46.6449089050293 145.444580078125
			vertex -1.5667304992675781 -45.88302993774414 144.9839630126953
			vertex -1.5667307376861572 -45.77915954589844 145.26168823242188
		endloop
	endfacet
	facet normal 0.9999999999995723 -1.463301302211213e-7 9.131973945904645e-7
		outer loop
			vertex -1.5667307376861572 -45.77915954589844 145.26168823242188
			vertex -1.5667304992675781 -45.88302993774414 144.9839630126953
			vertex -1.5667304992675781 -45.01591110229492 145.12290954589844
		endloop
	endfacet
	facet normal 0.9999999999996562 -1.3120781273722836e-7 8.188240696600971e-7
		outer loop
			vertex -1.5667304992675781 -45.88302993774414 144.9839630126953
			vertex -1.566730260848999 -45.00550842285156 144.83340454101562
			vertex -1.5667304992675781 -45.01591110229492 145.12290954589844
		endloop
	endfacet
	facet normal 0.9999999999995389 -5.240326615602975e-7 8.047088353435969e-7
		outer loop
			vertex -1.5667304992675781 -45.01591110229492 145.12290954589844
			vertex -1.566730260848999 -45.00550842285156 144.83340454101562
			vertex -1.566730260848999 -44.26422882080078 145.31613159179688
		endloop
	endfacet
	facet normal 1 0 0
		outer loop
			vertex -1.566730260848999 -45.00550842285156 144.83340454101562
			vertex -1.566730260848999 -44.14109420776367 145.04644775390625
			vertex -1.566730260848999 -44.26422882080078 145.31613159179688
		endloop
	endfacet
	facet normal 1 0 0
		outer loop
			vertex -1.566730260848999 -44.26422882080078 145.31613159179688
			vertex -1.566730260848999 -44.14109420776367 145.04644775390625
			vertex -1.566730260848999 -43.62616729736328 145.75784301757812
		endloop
	endfacet
	facet normal 1 0 0
		outer loop
			vertex -1.566730260848999 -44.14109420776367 145.04644775390625
			vertex -1.566730260848999 -43.41417694091797 145.56044006347656
			vertex -1.566730260848999 -43.62616729736328 145.75784301757812
		endloop
	endfacet
	facet normal 1 0 0
		outer loop
			vertex -1.566730260848999 -43.62616729736328 145.75784301757812
			vertex -1.566730260848999 -43.41417694091797 145.56044006347656
			vertex -1.566730260848999 -43.23140335083008 146.42581176757812
		endloop
	endfacet
	facet normal 1 0 0
		outer loop
			vertex -1.566730260848999 -43.41417694091797 145.56044006347656
			vertex -1.566730260848999 -42.95354461669922 146.32228088378906
			vertex -1.566730260848999 -43.23140335083008 146.42581176757812
		endloop
	endfacet
	facet normal 0.9999999999999515 1.0896686331260017e-7 2.924479497725307e-7
		outer loop
			vertex -1.566730260848999 -43.23140335083008 146.42581176757812
			vertex -1.566730260848999 -42.95354461669922 146.32228088378906
			vertex -1.5667304992675781 -43.09256362915039 147.1893310546875
		endloop
	endfacet
	facet normal 0.9999999999999626 -9.824403470973526e-9 2.7340148031741095e-7
		outer loop
			vertex -1.566730260848999 -42.95354461669922 146.32228088378906
			vertex -1.5667304992675781 -42.80296325683594 147.19973754882812
			vertex -1.5667304992675781 -43.09256362915039 147.1893310546875
		endloop
	endfacet
	facet normal 0.9999999999998889 -1.6942040582669726e-8 4.714768676372938e-7
		outer loop
			vertex -1.5667304992675781 -43.09256362915039 147.1893310546875
			vertex -1.5667304992675781 -42.80296325683594 147.19973754882812
			vertex -1.5667308568954468 -43.28569412231445 147.94091796875
		endloop
	endfacet
	facet normal 0.9999999999998586 -5.105871848194406e-7 1.499657465774418e-7
		outer loop
			vertex -1.5667304992675781 -42.80296325683594 147.19973754882812
			vertex -1.5667307376861572 -43.0160026550293 148.06422424316406
			vertex -1.5667308568954468 -43.28569412231445 147.94091796875
		endloop
	endfacet
	facet normal 0.9999999999998934 -2.7088430827681186e-7 -3.7430457781965805e-7
		outer loop
			vertex -1.5667308568954468 -43.28569412231445 147.94091796875
			vertex -1.5667307376861572 -43.0160026550293 148.06422424316406
			vertex -1.5667307376861572 -43.72734832763672 148.5790252685547
		endloop
	endfacet
	facet normal 0 0 0
		outer loop
			vertex -1.5667307376861572 -43.0160026550293 148.06422424316406
			vertex -1.5667307376861572 -43.72734832763672 148.5790252685547
			vertex -1.5667307376861572 -43.72734832763672 148.5790252685547
		endloop
	endfacet
	facet normal 0 0 0
		outer loop
			vertex -1.5667307376861572 -43.72734832763672 148.5790252685547
			vertex -1.5667307376861572 -43.72734832763672 148.5790252685547
			vertex -1.5667164325714111 -112.57540130615234 -10.508000373840332
		endloop
	endfacet
	facet normal 0 0 0
		outer loop
			vertex -1.5667307376861572 -43.72734832763672 148.5790252685547
			vertex -1.5667164325714111 -112.57540130615234 -10.508000373840332
			vertex -1.5667164325714111 -112.57540130615234 -10.508000373840332
		endloop
	endfacet
	facet normal 0 0 0
		outer loop
			vertex -1.5667164325714111 -112.57540130615234 -10.508000373840332
			vertex -1.5667164325714111 -112.57540130615234 -10.508000373840332
			vertex -1.5667178630828857 -124.33903503417969 -10.508199691772461
		endloop
	endfacet
	facet normal 0.9999999999999881 -1.216061879603559e-7 9.622625376622571e-8
		outer loop
			vertex -1.5667164325714111 -112.57540130615234 -10.508000373840332
			vertex -1.5667212009429932 -124.33903503417969 24.179424285888672
			vertex -1.5667178630828857 -124.33903503417969 -10.508199691772461
		endloop
	endfacet
	facet normal 0 0 0
		outer loop
			vertex -1.5667178630828857 -124.33903503417969 -10.508199691772461
			vertex -1.5667212009429932 -124.33903503417969 24.179424285888672
			vertex -1.5667212009429932 -124.33903503417969 24.179424285888672
		endloop
	endfacet
	facet normal 0 0 0
		outer loop
			vertex -1.5667212009429932 -124.33903503417969 24.179424285888672
			vertex -1.5667307376861572 -43.0160026550293 148.06422424316406
			vertex -1.5667212009429932 -124.33903503417969 24.179424285888672
		endloop
	endfacet
	facet normal 0 0 0
		outer loop
			vertex -1.5667212009429932 -124.33903503417969 24.179424285888672
			vertex -1.5667307376861572 -43.0160026550293 148.06422424316406
			vertex -1.5667307376861572 -43.0160026550293 148.06422424316406
		endloop
	endfacet
	facet normal 0 0 0
		outer loop
			vertex -1.5667307376861572 -43.0160026550293 148.06422424316406
			vertex -1.5667304992675781 -42.80296325683594 147.19973754882812
			vertex -1.5667307376861572 -43.0160026550293 148.06422424316406
		endloop
	endfacet
	facet normal 0.9999999999999578 -1.7446839425607058e-7 2.3279703285667014e-7
		outer loop
			vertex -1.5667307376861572 -43.0160026550293 148.06422424316406
			vertex -1.5667304992675781 -42.80296325683594 147.19973754882812
			vertex -1.5667309761047363 -39.237701416015625 151.9199981689453
		endloop
	endfacet
	facet normal 0.9999999999999055 -2.924387334198071e-7 3.2190125451268394e-7
		outer loop
			vertex -1.5667304992675781 -42.80296325683594 147.19973754882812
			vertex -1.566730260848999 -42.95354461669922 146.32228088378906
			vertex -1.5667309761047363 -39.237701416015625 151.9199981689453
		endloop
	endfacet
	facet normal 0.9999999999999858 -5.008968026699029e-8 1.6102655586759023e-7
		outer loop
			vertex -1.5667309761047363 -39.237701416015625 151.9199981689453
			vertex -1.566730260848999 -42.95354461669922 146.32228088378906
			vertex -1.5667293071746826 -39.23830032348633 141.5554962158203
		endloop
	endfacet
	facet normal 0.9999999999999859 -1.4455330583666966e-7 8.74013618930737e-8
		outer loop
			vertex -1.566730260848999 -42.95354461669922 146.32228088378906
			vertex -1.566730260848999 -43.41417694091797 145.56044006347656
			vertex -1.5667293071746826 -39.23830032348633 141.5554962158203
		endloop
	endfacet
	facet normal 0 0 0
		outer loop
			vertex -1.5667293071746826 -39.23830032348633 141.5554962158203
			vertex -1.566730260848999 -43.41417694091797 145.56044006347656
			vertex -1.5667293071746826 -39.23830032348633 141.5554962158203
		endloop
	endfacet
	facet normal 0.999999999999986 -9.691913766183036e-8 1.3706857737439076e-7
		outer loop
			vertex -1.566730260848999 -43.41417694091797 145.56044006347656
			vertex -1.566730260848999 -44.14109420776367 145.04644775390625
			vertex -1.5667293071746826 -39.23830032348633 141.5554962158203
		endloop
	endfacet
	facet normal 0 0 0
		outer loop
			vertex -1.5667293071746826 -39.23830032348633 141.5554962158203
			vertex -1.566730260848999 -44.14109420776367 145.04644775390625
			vertex -1.5667293071746826 -39.23830032348633 141.5554962158203
		endloop
	endfacet
	facet normal 0.9999999999999781 -5.0016514879322526e-8 2.0293998510545345e-7
		outer loop
			vertex -1.566730260848999 -44.14109420776367 145.04644775390625
			vertex -1.566730260848999 -45.00550842285156 144.83340454101562
			vertex -1.5667293071746826 -39.23830032348633 141.5554962158203
		endloop
	endfacet
	facet normal 0 0 0
		outer loop
			vertex -1.5667293071746826 -39.23830032348633 141.5554962158203
			vertex -1.566730260848999 -45.00550842285156 144.83340454101562
			vertex -1.5667293071746826 -39.23830032348633 141.5554962158203
		endloop
	endfacet
	facet normal 0.9999999999999136 -3.1767342324821976e-7 -2.679801678259887e-7
		outer loop
			vertex -1.566730260848999 -45.00550842285156 144.83340454101562
			vertex -1.5667304992675781 -45.88302993774414 144.9839630126953
			vertex -1.5667293071746826 -39.23830032348633 141.5554962158203
		endloop
	endfacet
	facet normal 0.9999999999999873 -1.388382623119615e-7 7.862120250868512e-8
		outer loop
			vertex -1.5667293071746826 -39.23830032348633 141.5554962158203
			vertex -1.5667304992675781 -45.88302993774414 144.9839630126953
			vertex -1.5667307376861572 -49.544002532958984 141.55149841308594
		endloop
	endfacet
	facet normal 0.9999999999999638 -2.157847986666818e-7 1.6069026767060917e-7
		outer loop
			vertex -1.5667304992675781 -45.88302993774414 144.9839630126953
			vertex -1.5667307376861572 -46.6449089050293 145.444580078125
			vertex -1.5667307376861572 -49.544002532958984 141.55149841308594
		endloop
	endfacet
	facet normal 0 0 0
		outer loop
			vertex -1.5667307376861572 -49.544002532958984 141.55149841308594
			vertex -1.5667307376861572 -46.6449089050293 145.444580078125
			vertex -1.5667307376861572 -49.544002532958984 141.55149841308594
		endloop
	endfacet
	facet normal 0.9999999999999604 -2.2591325224481633e-7 1.682327077619235e-7
		outer loop
			vertex -1.5667307376861572 -46.6449089050293 145.444580078125
			vertex -1.5667309761047363 -47.158912658691406 146.17153930664062
			vertex -1.5667307376861572 -49.544002532958984 141.55149841308594
		endloop
	endfacet
	facet normal 0 0 0
		outer loop
			vertex -1.5667307376861572 -49.544002532958984 141.55149841308594
			vertex -1.5667309761047363 -47.158912658691406 146.17153930664062
			vertex -1.5667307376861572 -49.544002532958984 141.55149841308594
		endloop
	endfacet
	facet normal 0.9999999999999362 -2.9397424689051483e-7 2.0336910436579222e-7
		outer loop
			vertex -1.5667309761047363 -47.158912658691406 146.17153930664062
			vertex -1.5667312145233154 -47.371917724609375 147.03598022460938
			vertex -1.5667307376861572 -49.544002532958984 141.55149841308594
		endloop
	endfacet
	facet normal 0.9999999999999227 3.873782721103225e-7 -6.647506806685789e-8
		outer loop
			vertex -1.5667307376861572 -49.544002532958984 141.55149841308594
			vertex -1.5667312145233154 -47.371917724609375 147.03598022460938
			vertex -1.5667312145233154 -47.221343994140625 147.91343688964844
		endloop
	endfacet
	facet normal 0 0 0
		outer loop
			vertex -1.5667312145233154 -47.371917724609375 147.03598022460938
			vertex -1.5667312145233154 -47.221343994140625 147.91343688964844
			vertex -1.5667312145233154 -47.221343994140625 147.91343688964844
		endloop
	endfacet
	facet normal 0 0 0
		outer loop
			vertex -1.5667312145233154 -47.221343994140625 147.91343688964844
			vertex -1.5667312145233154 -47.221343994140625 147.91343688964844
			vertex -1.5667293071746826 -39.23830032348633 141.5554962158203
		endloop
	endfacet
	facet normal 0 0 0
		outer loop
			vertex -1.5667312145233154 -47.221343994140625 147.91343688964844
			vertex -1.5667293071746826 -39.23830032348633 141.5554962158203
			vertex -1.5667293071746826 -39.23830032348633 141.5554962158203
		endloop
	endfacet
	facet normal 0 0 0
		outer loop
			vertex -1.5667293071746826 -39.23830032348633 141.5554962158203
			vertex -1.5667293071746826 -39.23830032348633 141.5554962158203
			vertex -1.5667243003845215 -47.956947326660156 112.23786926269531
		endloop
	endfacet
	facet normal 0.999999999999968 -1.3889003438222712e-7 2.1208139912248978e-7
		outer loop
			vertex -1.5667293071746826 -39.23830032348633 141.5554962158203
			vertex -1.5667307376861572 -49.544002532958984 141.55149841308594
			vertex -1.5667243003845215 -47.956947326660156 112.23786926269531
		endloop
	endfacet
	facet normal 0 0 0
		outer loop
			vertex -1.5667243003845215 -47.956947326660156 112.23786926269531
			vertex -1.5667307376861572 -49.544002532958984 141.55149841308594
			vertex -1.5667307376861572 -49.544002532958984 141.55149841308594
		endloop
	endfacet
	facet normal 0 0 0
		outer loop
			vertex -1.5667307376861572 -49.544002532958984 141.55149841308594
			vertex -1.5667309761047363 -39.237701416015625 151.9199981689453
			vertex -1.5667307376861572 -49.544002532958984 141.55149841308594
		endloop
	endfacet
	facet normal 0 0 0
		outer loop
			vertex -1.5667307376861572 -49.544002532958984 141.55149841308594
			vertex -1.5667309761047363 -39.237701416015625 151.9199981689453
			vertex -1.5667309761047363 -39.237701416015625 151.9199981689453
		endloop
	endfacet
	facet normal 0 0 0
		outer loop
			vertex -1.5667309761047363 -39.237701416015625 151.9199981689453
			vertex -1.5667293071746826 -39.23830032348633 141.5554962158203
			vertex -1.5667309761047363 -39.237701416015625 151.9199981689453
		endloop
	endfacet
	facet normal 0.9999999999999722 -1.7285228424830918e-7 1.6103364964218328e-7
		outer loop
			vertex -1.5667309761047363 -39.237701416015625 151.9199981689453
			vertex -1.5667293071746826 -39.23830032348633 141.5554962158203
			vertex -1.5667202472686768 22.831689834594727 151.9199981689453
		endloop
	endfacet
	facet normal 0.9999999999999762 -1.6894453132266934e-7 1.3763125300685053e-7
		outer loop
			vertex -1.5667293071746826 -39.23830032348633 141.5554962158203
			vertex -1.5667188167572021 22.820688247680664 141.5126953125
			vertex -1.5667202472686768 22.831689834594727 151.9199981689453
		endloop
	endfacet
	facet normal 0.9999999999999765 -1.6808406754022773e-7 1.3763034340834847e-7
		outer loop
			vertex -1.5667202472686768 22.831689834594727 151.9199981689453
			vertex -1.5667188167572021 22.820688247680664 141.5126953125
			vertex -1.5667171478271484 32.744667053222656 141.5063934326172
		endloop
	endfacet
	facet normal 0.9999999999999633 -1.6803610708868337e-7 2.131567757521721e-7
		outer loop
			vertex -1.5667188167572021 22.820688247680664 141.5126953125
			vertex -1.5667099952697754 38.14164733886719 112.20556640625
			vertex -1.5667171478271484 32.744667053222656 141.5063934326172
		endloop
	endfacet
	facet normal 0 0 0
		outer loop
			vertex -1.5667171478271484 32.744667053222656 141.5063934326172
			vertex -1.5667099952697754 38.14164733886719 112.20556640625
			vertex -1.5667171478271484 32.744667053222656 141.5063934326172
		endloop
	endfacet
	facet normal 0.9999999999999554 -2.190072903726205e-7 2.0376828746575307e-7
		outer loop
			vertex -1.5667099952697754 38.14164733886719 112.20556640625
			vertex -1.5667064189910889 81.73816680908203 141.51177978515625
			vertex -1.5667171478271484 32.744667053222656 141.5063934326172
		endloop
	endfacet
	facet normal 0.9999999999999631 -2.1900253645108073e-7 1.6052729048477656e-7
		outer loop
			vertex -1.5667171478271484 32.744667053222656 141.5063934326172
			vertex -1.5667064189910889 81.73816680908203 141.51177978515625
			vertex -1.5667188167572021 32.75716781616211 151.9199981689453
		endloop
	endfacet
	facet normal 0.9999999999999656 -2.2379781070472032e-7 1.3796076519413807e-7
		outer loop
			vertex -1.5667064189910889 81.73816680908203 141.51177978515625
			vertex -1.5667078495025635 81.76235961914062 151.9199981689453
			vertex -1.5667188167572021 32.75716781616211 151.9199981689453
		endloop
	endfacet
	facet normal 0 0 0
		outer loop
			vertex -1.5667188167572021 32.75716781616211 151.9199981689453
			vertex -1.5667078495025635 81.76235961914062 151.9199981689453
			vertex -1.5667078495025635 81.76235961914062 151.9199981689453
		endloop
	endfacet
	facet normal 0 0 0
		outer loop
			vertex -1.5667078495025635 81.76235961914062 151.9199981689453
			vertex -1.5667202472686768 22.831689834594727 151.9199981689453
			vertex -1.5667078495025635 81.76235961914062 151.9199981689453
		endloop
	endfacet
	facet normal 0 0 0
		outer loop
			vertex -1.5667078495025635 81.76235961914062 151.9199981689453
			vertex -1.5667202472686768 22.831689834594727 151.9199981689453
			vertex -1.5667202472686768 22.831689834594727 151.9199981689453
		endloop
	endfacet
	facet normal 0 0 0
		outer loop
			vertex -1.5667202472686768 22.831689834594727 151.9199981689453
			vertex -1.5667171478271484 32.744667053222656 141.5063934326172
			vertex -1.5667202472686768 22.831689834594727 151.9199981689453
		endloop
	endfacet
	facet normal 0.9999999999999768 -1.4412519752357987e-7 1.6043740577269586e-7
		outer loop
			vertex -1.5667202472686768 22.831689834594727 151.9199981689453
			vertex -1.5667171478271484 32.744667053222656 141.5063934326172
			vertex -1.5667188167572021 32.75716781616211 151.9199981689453
		endloop
	endfacet
	facet normal 0 0 0
		outer loop
			vertex -1.5667171478271484 32.744667053222656 141.5063934326172
			vertex -1.5667188167572021 32.75716781616211 151.9199981689453
			vertex -1.5667188167572021 32.75716781616211 151.9199981689453
		endloop
	endfacet
	facet normal 0 0 0
		outer loop
			vertex -1.5667188167572021 32.75716781616211 151.9199981689453
			vertex -1.5667188167572021 32.75716781616211 151.9199981689453
			vertex -1.5667099952697754 38.14164733886719 112.20556640625
		endloop
	endfacet
	facet normal 0 0 0
		outer loop
			vertex -1.5667188167572021 32.75716781616211 151.9199981689453
			vertex -1.5667099952697754 38.14164733886719 112.20556640625
			vertex -1.5667099952697754 38.14164733886719 112.20556640625
		endloop
	endfacet
	facet normal 0 0 0
		outer loop
			vertex -1.5667099952697754 38.14164733886719 112.20556640625
			vertex -1.5667099952697754 38.14164733886719 112.20556640625
			vertex -1.5667119026184082 28.215858459472656 112.21006774902344
		endloop
	endfacet
	facet normal 0.9999999999999615 -1.9206994226404696e-7 2.005925492561555e-7
		outer loop
			vertex -1.5667099952697754 38.14164733886719 112.20556640625
			vertex -1.5667188167572021 22.820688247680664 141.5126953125
			vertex -1.5667119026184082 28.215858459472656 112.21006774902344
		endloop
	endfacet
	facet normal 0 0 0
		outer loop
			vertex -1.5667119026184082 28.215858459472656 112.21006774902344
			vertex -1.5667188167572021 22.820688247680664 141.5126953125
			vertex -1.5667119026184082 28.215858459472656 112.21006774902344
		endloop
	endfacet
	facet normal 0.9999999999999649 -1.6889816568477973e-7 2.0485891337261474e-7
		outer loop
			vertex -1.5667188167572021 22.820688247680664 141.5126953125
			vertex -1.5667293071746826 -39.23830032348633 141.5554962158203
			vertex -1.5667119026184082 28.215858459472656 112.21006774902344
		endloop
	endfacet
	facet normal 0.9999999999999627 -1.6192511805540066e-7 2.20887340509926e-7
		outer loop
			vertex -1.5667119026184082 28.215858459472656 112.21006774902344
			vertex -1.5667293071746826 -39.23830032348633 141.5554962158203
			vertex -1.5667228698730469 -39.47294235229492 112.24057006835938
		endloop
	endfacet
	facet normal 0.9999999999999615 -1.686830923374028e-7 2.2094143257170303e-7
		outer loop
			vertex -1.5667293071746826 -39.23830032348633 141.5554962158203
			vertex -1.5667243003845215 -47.956947326660156 112.23786926269531
			vertex -1.5667228698730469 -39.47294235229492 112.24057006835938
		endloop
	endfacet
	facet normal 0 0 0
		outer loop
			vertex -1.5667228698730469 -39.47294235229492 112.24057006835938
			vertex -1.5667243003845215 -47.956947326660156 112.23786926269531
			vertex -1.5667228698730469 -39.47294235229492 112.24057006835938
		endloop
	endfacet
	facet normal 0.9999999999999459 -1.6870275916555478e-7 2.82720578740477e-7
		outer loop
			vertex -1.5667243003845215 -47.956947326660156 112.23786926269531
			vertex -1.566723108291626 -43.32135772705078 110.7874755859375
			vertex -1.5667228698730469 -39.47294235229492 112.24057006835938
		endloop
	endfacet
	facet normal 0 0 0
		outer loop
			vertex -1.5667228698730469 -39.47294235229492 112.24057006835938
			vertex -1.566723108291626 -43.32135772705078 110.7874755859375
			vertex -1.5667228698730469 -39.47294235229492 112.24057006835938
		endloop
	endfacet
	facet normal 0.9999999999999639 -1.4709451105429678e-7 2.254927004029927e-7
		outer loop
			vertex -1.566723108291626 -43.32135772705078 110.7874755859375
			vertex -1.5667228698730469 -42.579833984375 110.2138671875
			vertex -1.5667228698730469 -39.47294235229492 112.24057006835938
		endloop
	endfacet
	facet normal 0.999999999999963 -1.4872748197099193e-7 2.2799600945950273e-7
		outer loop
			vertex -1.5667228698730469 -39.47294235229492 112.24057006835938
			vertex -1.5667228698730469 -42.579833984375 110.2138671875
			vertex -1.5667226314544678 -42.238380432128906 109.3908920288086
		endloop
	endfacet
	facet normal 0.9999999999999568 -2.1524614369045487e-7 2.0039732304121056e-7
		outer loop
			vertex -1.5667228698730469 -42.579833984375 110.2138671875
			vertex -1.5667228698730469 -42.802650451660156 109.97454071044922
			vertex -1.5667226314544678 -42.238380432128906 109.3908920288086
		endloop
	endfacet
	facet normal 0 0 0
		outer loop
			vertex -1.5667226314544678 -42.238380432128906 109.3908920288086
			vertex -1.5667228698730469 -42.802650451660156 109.97454071044922
			vertex -1.5667226314544678 -42.238380432128906 109.3908920288086
		endloop
	endfacet
	facet normal 0.9999999999999569 -2.152456178715779e-7 2.0039783140152616e-7
		outer loop
			vertex -1.5667228698730469 -42.802650451660156 109.97454071044922
			vertex -1.5667226314544678 -42.48088073730469 109.13042449951172
			vertex -1.5667226314544678 -42.238380432128906 109.3908920288086
		endloop
	endfacet
	facet normal 0 0 0
		outer loop
			vertex -1.5667226314544678 -42.238380432128906 109.3908920288086
			vertex -1.5667226314544678 -42.48088073730469 109.13042449951172
			vertex -1.5667226314544678 -42.238380432128906 109.3908920288086
		endloop
	endfacet
	facet normal 1 0 0
		outer loop
			vertex -1.5667226314544678 -42.48088073730469 109.13042449951172
			vertex -1.5667226314544678 -42.05322265625 108.68789672851562
			vertex -1.5667226314544678 -42.238380432128906 109.3908920288086
		endloop
	endfacet
	facet normal 0.9999999999999977 6.780964716083084e-8 1.7859982059909095e-8
		outer loop
			vertex -1.5667226314544678 -42.238380432128906 109.3908920288086
			vertex -1.5667226314544678 -42.05322265625 108.68789672851562
			vertex -1.5667228698730469 -39.47294235229492 112.24057006835938
		endloop
	endfacet
	facet normal 0.9999999999996778 -6.160604316913509e-7 5.14549749491221e-7
		outer loop
			vertex -1.5667226314544678 -42.05322265625 108.68789672851562
			vertex -1.5667219161987305 -41.23772430419922 108.27421569824219
			vertex -1.5667228698730469 -39.47294235229492 112.24057006835938
		endloop
	endfacet
	facet normal 0 0 0
		outer loop
			vertex -1.5667228698730469 -39.47294235229492 112.24057006835938
			vertex -1.5667219161987305 -41.23772430419922 108.27421569824219
			vertex -1.5667219161987305 -41.23772430419922 108.27421569824219
		endloop
	endfacet
	facet normal 0 0 0
		outer loop
			vertex -1.5667219161987305 -41.23772430419922 108.27421569824219
			vertex -1.5667228698730469 -42.802650451660156 109.97454071044922
			vertex -1.5667219161987305 -41.23772430419922 108.27421569824219
		endloop
	endfacet
	facet normal 0 0 0
		outer loop
			vertex -1.5667219161987305 -41.23772430419922 108.27421569824219
			vertex -1.5667228698730469 -42.802650451660156 109.97454071044922
			vertex -1.5667228698730469 -42.802650451660156 109.97454071044922
		endloop
	endfacet
	facet normal 0 0 0
		outer loop
			vertex -1.5667228698730469 -42.802650451660156 109.97454071044922
			vertex -1.5667228698730469 -42.579833984375 110.2138671875
			vertex -1.5667228698730469 -42.802650451660156 109.97454071044922
		endloop
	endfacet
	facet normal 0.9999999999999575 -2.1392600184291214e-7 1.991682515802942e-7
		outer loop
			vertex -1.5667228698730469 -42.802650451660156 109.97454071044922
			vertex -1.5667228698730469 -42.579833984375 110.2138671875
			vertex -1.566723108291626 -43.421112060546875 110.50732421875
		endloop
	endfacet
	facet normal 0.9999999999999644 -2.5208933397483e-7 8.976220157192e-8
		outer loop
			vertex -1.5667228698730469 -42.579833984375 110.2138671875
			vertex -1.566723108291626 -43.32135772705078 110.7874755859375
			vertex -1.566723108291626 -43.421112060546875 110.50732421875
		endloop
	endfacet
	facet normal 0.9999999999999611 -2.628759534192872e-7 9.360302535286438e-8
		outer loop
			vertex -1.566723108291626 -43.421112060546875 110.50732421875
			vertex -1.566723108291626 -43.32135772705078 110.7874755859375
			vertex -1.566723346710205 -44.245201110839844 110.74006652832031
		endloop
	endfacet
	facet normal 0.9999999999999669 -2.576024446377136e-7 -9.159957968816858e-9
		outer loop
			vertex -1.566723108291626 -43.32135772705078 110.7874755859375
			vertex -1.566723346710205 -44.25664520263672 111.06190490722656
			vertex -1.566723346710205 -44.245201110839844 110.74006652832031
		endloop
	endfacet
	facet normal 1 0 0
		outer loop
			vertex -1.566723346710205 -44.245201110839844 110.74006652832031
			vertex -1.566723346710205 -44.25664520263672 111.06190490722656
			vertex -1.566723346710205 -45.05778503417969 110.61723327636719
		endloop
	endfacet
	facet normal 1 0 0
		outer loop
			vertex -1.566723346710205 -44.25664520263672 111.06190490722656
			vertex -1.566723346710205 -45.184104919433594 110.885986328125
			vertex -1.566723346710205 -45.05778503417969 110.61723327636719
		endloop
	endfacet
	facet normal 0.9999999999999601 -2.555364916695333e-7 -1.2010780936162102e-7
		outer loop
			vertex -1.566723346710205 -45.05778503417969 110.61723327636719
			vertex -1.566723346710205 -45.184104919433594 110.885986328125
			vertex -1.5667235851287842 -45.78489685058594 110.17916870117188
		endloop
	endfacet
	facet normal 0.9999999999996838 -7.39836075544686e-7 2.9154474591908023e-7
		outer loop
			vertex -1.566723346710205 -45.184104919433594 110.885986328125
			vertex -1.5667238235473633 -46.020652770996094 110.398681640625
			vertex -1.5667235851287842 -45.78489685058594 110.17916870117188
		endloop
	endfacet
	facet normal 0.9999999999997203 -6.145868624578963e-7 4.2606184356943585e-7
		outer loop
			vertex -1.5667235851287842 -45.78489685058594 110.17916870117188
			vertex -1.5667238235473633 -46.020652770996094 110.398681640625
			vertex -1.5667235851287842 -46.23453140258789 109.53057861328125
		endloop
	endfacet
	facet normal 0.9999999999969502 0.000002447837582594814 -3.2844209090704333e-7
		outer loop
			vertex -1.5667238235473633 -46.020652770996094 110.398681640625
			vertex -1.5667228698730469 -46.513038635253906 109.63262176513672
			vertex -1.5667235851287842 -46.23453140258789 109.53057861328125
		endloop
	endfacet
	facet normal 0.9999999999968919 0.0000024822125127501843 -2.3462230489865589e-7
		outer loop
			vertex -1.5667235851287842 -46.23453140258789 109.53057861328125
			vertex -1.5667228698730469 -46.513038635253906 109.63262176513672
			vertex -1.566723346710205 -46.405120849609375 108.74198913574219
		endloop
	endfacet
	facet normal 0.999999999999612 7.615186236949429e-7 -4.43118454884148e-7
		outer loop
			vertex -1.5667228698730469 -46.513038635253906 109.63262176513672
			vertex -1.566723108291626 -46.724876403808594 108.73052215576172
			vertex -1.566723346710205 -46.405120849609375 108.74198913574219
		endloop
	endfacet
	facet normal 0.999999999999718 7.412856661228556e-7 1.2107548044989171e-7
		outer loop
			vertex -1.566723346710205 -46.405120849609375 108.74198913574219
			vertex -1.566723108291626 -46.724876403808594 108.73052215576172
			vertex -1.566723346710205 -46.27708053588867 107.95806121826172
		endloop
	endfacet
	facet normal 0.9999999999970984 0.00000220521861308129 9.697179071880666e-7
		outer loop
			vertex -1.566723108291626 -46.724876403808594 108.73052215576172
			vertex -1.5667226314544678 -46.545799255371094 107.83155822753906
			vertex -1.566723346710205 -46.27708053588867 107.95806121826172
		endloop
	endfacet
	facet normal 0.999999999996854 0.0000018798597794129782 0.0000016608478848749083
		outer loop
			vertex -1.566723346710205 -46.27708053588867 107.95806121826172
			vertex -1.5667226314544678 -46.545799255371094 107.83155822753906
			vertex -1.566723108291626 -45.8170166015625 107.29377746582031
		endloop
	endfacet
	facet normal 0 0 0
		outer loop
			vertex -1.5667226314544678 -46.545799255371094 107.83155822753906
			vertex -1.566723108291626 -45.8170166015625 107.29377746582031
			vertex -1.566723108291626 -45.8170166015625 107.29377746582031
		endloop
	endfacet
	facet normal 0 0 0
		outer loop
			vertex -1.566723108291626 -45.8170166015625 107.29377746582031
			vertex -1.566723108291626 -45.8170166015625 107.29377746582031
			vertex -1.566723108291626 -43.32135772705078 110.7874755859375
		endloop
	endfacet
	facet normal 0 0 0
		outer loop
			vertex -1.566723108291626 -45.8170166015625 107.29377746582031
			vertex -1.566723108291626 -43.32135772705078 110.7874755859375
			vertex -1.566723108291626 -43.32135772705078 110.7874755859375
		endloop
	endfacet
	facet normal 0 0 0
		outer loop
			vertex -1.566723108291626 -43.32135772705078 110.7874755859375
			vertex -1.566723108291626 -43.32135772705078 110.7874755859375
			vertex -1.566723346710205 -44.25664520263672 111.06190490722656
		endloop
	endfacet
	facet normal 0.9999999999999689 -2.210548472458518e-7 1.1539856202752444e-7
		outer loop
			vertex -1.566723108291626 -43.32135772705078 110.7874755859375
			vertex -1.5667243003845215 -47.956947326660156 112.23786926269531
			vertex -1.566723346710205 -44.25664520263672 111.06190490722656
		endloop
	endfacet
	facet normal 0.9999999999998666 -9.63297695966525e-8 5.078598365533638e-7
		outer loop
			vertex -1.566723346710205 -44.25664520263672 111.06190490722656
			vertex -1.5667243003845215 -47.956947326660156 112.23786926269531
			vertex -1.566723346710205 -45.184104919433594 110.885986328125
		endloop
	endfacet
	facet normal 0 0 0
		outer loop
			vertex -1.5667243003845215 -47.956947326660156 112.23786926269531
			vertex -1.5667243003845215 -47.956947326660156 112.23786926269531
			vertex -1.566723346710205 -45.184104919433594 110.885986328125
		endloop
	endfacet
	facet normal 0.999999999999878 -4.4693720839468235e-7 -2.1126986745259652e-7
		outer loop
			vertex -1.566723346710205 -45.184104919433594 110.885986328125
			vertex -1.5667243003845215 -47.956947326660156 112.23786926269531
			vertex -1.5667238235473633 -46.020652770996094 110.398681640625
		endloop
	endfacet
	facet normal 0 0 0
		outer loop
			vertex -1.5667243003845215 -47.956947326660156 112.23786926269531
			vertex -1.5667243003845215 -47.956947326660156 112.23786926269531
			vertex -1.5667238235473633 -46.020652770996094 110.398681640625
		endloop
	endfacet
	facet normal 0.9999999999994517 5.813118144350234e-7 8.71269488989273e-7
		outer loop
			vertex -1.5667238235473633 -46.020652770996094 110.398681640625
			vertex -1.5667243003845215 -47.956947326660156 112.23786926269531
			vertex -1.5667228698730469 -46.513038635253906 109.63262176513672
		endloop
	endfacet
	facet normal 0 0 0
		outer loop
			vertex -1.5667243003845215 -47.956947326660156 112.23786926269531
			vertex -1.5667243003845215 -47.956947326660156 112.23786926269531
			vertex -1.5667228698730469 -46.513038635253906 109.63262176513672
		endloop
	endfacet
	facet normal 0.9999999999994685 -0.0000010308254719618266 -2.222682633196309e-8
		outer loop
			vertex -1.5667228698730469 -46.513038635253906 109.63262176513672
			vertex -1.5667243003845215 -47.956947326660156 112.23786926269531
			vertex -1.566723108291626 -46.724876403808594 108.73052215576172
		endloop
	endfacet
	facet normal 0 0 0
		outer loop
			vertex -1.5667243003845215 -47.956947326660156 112.23786926269531
			vertex -1.5667243003845215 -47.956947326660156 112.23786926269531
			vertex -1.566723108291626 -46.724876403808594 108.73052215576172
		endloop
	endfacet
	facet normal 0.999999999998911 0.000001252936210115175 7.800195089812807e-7
		outer loop
			vertex -1.566723108291626 -46.724876403808594 108.73052215576172
			vertex -1.5667243003845215 -47.956947326660156 112.23786926269531
			vertex -1.5667226314544678 -46.545799255371094 107.83155822753906
		endloop
	endfacet
	facet normal 0.9999999999997532 -6.841560167462836e-7 1.596538702341638e-7
		outer loop
			vertex -1.5667243003845215 -47.956947326660156 112.23786926269531
			vertex -1.5667228698730469 -47.95783996582031 103.27396392822266
			vertex -1.5667226314544678 -46.545799255371094 107.83155822753906
		endloop
	endfacet
	facet normal 0.9999999999998026 5.836007590320586e-7 -2.3312443796570686e-7
		outer loop
			vertex -1.5667226314544678 -46.545799255371094 107.83155822753906
			vertex -1.5667228698730469 -47.95783996582031 103.27396392822266
			vertex -1.566723108291626 -46.038658142089844 107.05570983886719
		endloop
	endfacet
	facet normal 0.999999999999963 -2.1212044213453632e-7 1.7069266189219192e-7
		outer loop
			vertex -1.5667228698730469 -47.95783996582031 103.27396392822266
			vertex -1.5667228698730469 -45.22755432128906 106.66690063476562
			vertex -1.566723108291626 -46.038658142089844 107.05570983886719
		endloop
	endfacet
	facet normal 0.9999999999999568 -1.8420556902989672e-7 2.2892652053928889e-7
		outer loop
			vertex -1.566723108291626 -46.038658142089844 107.05570983886719
			vertex -1.5667228698730469 -45.22755432128906 106.66690063476562
			vertex -1.5667228698730469 -44.938743591308594 106.8992919921875
		endloop
	endfacet
	facet normal 0 0 0
		outer loop
			vertex -1.5667228698730469 -45.22755432128906 106.66690063476562
			vertex -1.5667228698730469 -45.22755432128906 106.66690063476562
			vertex -1.5667228698730469 -44.938743591308594 106.8992919921875
		endloop
	endfacet
	facet normal 0.9999999999999726 -1.4723670020341515e-7 1.8298244537755357e-7
		outer loop
			vertex -1.5667228698730469 -44.938743591308594 106.8992919921875
			vertex -1.5667228698730469 -45.22755432128906 106.66690063476562
			vertex -1.5667226314544678 -44.53668975830078 105.91984558105469
		endloop
	endfacet
	facet normal 0.9999999999999725 -1.7200411341554022e-7 1.6007793784474487e-7
		outer loop
			vertex -1.5667228698730469 -45.22755432128906 106.66690063476562
			vertex -1.5667226314544678 -44.78809356689453 105.64971160888672
			vertex -1.5667226314544678 -44.53668975830078 105.91984558105469
		endloop
	endfacet
	facet normal 0.9999999999999568 -2.1528399359495905e-7 2.0035693950182424e-7
		outer loop
			vertex -1.5667226314544678 -44.53668975830078 105.91984558105469
			vertex -1.5667226314544678 -44.78809356689453 105.64971160888672
			vertex -1.5667223930358887 -44.11225891113281 105.18592834472656
		endloop
	endfacet
	facet normal 0.9999999999999568 -2.1528556767036578e-7 2.003546457262768e-7
		outer loop
			vertex -1.5667226314544678 -44.78809356689453 105.64971160888672
			vertex -1.5667223930358887 -44.33912658691406 104.94215393066406
			vertex -1.5667223930358887 -44.11225891113281 105.18592834472656
		endloop
	endfacet
	facet normal 0.9999999999999506 -2.302376503203635e-7 2.1426974117195572e-7
		outer loop
			vertex -1.5667223930358887 -44.11225891113281 105.18592834472656
			vertex -1.5667223930358887 -44.33912658691406 104.94215393066406
			vertex -1.5667221546173096 -43.47606658935547 104.75682830810547
		endloop
	endfacet
	facet normal 0.9999999999999629 -2.5577484966586603e-7 9.534320041361331e-8
		outer loop
			vertex -1.5667223930358887 -44.33912658691406 104.94215393066406
			vertex -1.5667221546173096 -43.57964324951172 104.47896575927734
			vertex -1.5667221546173096 -43.47606658935547 104.75682830810547
		endloop
	endfacet
	facet normal 0.9999999999999503 -2.953958070534412e-7 1.101123963909258e-7
		outer loop
			vertex -1.5667221546173096 -43.47606658935547 104.75682830810547
			vertex -1.5667221546173096 -43.57964324951172 104.47896575927734
			vertex -1.5667219161987305 -42.7132568359375 104.63796997070312
		endloop
	endfacet
	facet normal 0.9999999999999627 -2.73388646420501e-7 -9.800810955960106e-9
		outer loop
			vertex -1.5667221546173096 -43.57964324951172 104.47896575927734
			vertex -1.5667219161987305 -42.701759338378906 104.31725311279297
			vertex -1.5667219161987305 -42.7132568359375 104.63796997070312
		endloop
	endfacet
	facet normal 1 0 0
		outer loop
			vertex -1.5667219161987305 -42.7132568359375 104.63796997070312
			vertex -1.5667219161987305 -42.701759338378906 104.31725311279297
			vertex -1.5667219161987305 -41.96099090576172 104.81109619140625
		endloop
	endfacet
	facet normal 1 0 0
		outer loop
			vertex -1.5667219161987305 -42.701759338378906 104.31725311279297
			vertex -1.5667219161987305 -41.837745666503906 104.54144287109375
			vertex -1.5667219161987305 -41.96099090576172 104.81109619140625
		endloop
	endfacet
	facet normal 1 0 0
		outer loop
			vertex -1.5667219161987305 -41.96099090576172 104.81109619140625
			vertex -1.5667219161987305 -41.837745666503906 104.54144287109375
			vertex -1.5667219161987305 -41.33757019042969 105.26641845703125
		endloop
	endfacet
	facet normal 0.9999999999988727 -0.0000012359616861461367 8.527152317525528e-7
		outer loop
			vertex -1.5667219161987305 -41.837745666503906 104.54144287109375
			vertex -1.5667214393615723 -41.102577209472656 105.0478286743164
			vertex -1.5667219161987305 -41.33757019042969 105.26641845703125
		endloop
	endfacet
	facet normal 0.9999999999988556 -0.000001282513599894639 8.026700153423508e-7
		outer loop
			vertex -1.5667219161987305 -41.33757019042969 105.26641845703125
			vertex -1.5667214393615723 -41.102577209472656 105.0478286743164
			vertex -1.5667219161987305 -40.928016662597656 105.92080688476562
		endloop
	endfacet
	facet normal 0.9999999999994512 9.8795750049715e-7 3.4866707207983453e-7
		outer loop
			vertex -1.5667214393615723 -41.102577209472656 105.0478286743164
			vertex -1.5667221546173096 -40.65015411376953 105.81727600097656
			vertex -1.5667219161987305 -40.928016662597656 105.92080688476562
		endloop
	endfacet
	facet normal 0.9999999999993607 0.000001031076814813273 4.643933379159461e-7
		outer loop
			vertex -1.5667219161987305 -40.928016662597656 105.92080688476562
			vertex -1.5667221546173096 -40.65015411376953 105.81727600097656
			vertex -1.5667223930358887 -40.80913543701172 106.68365478515625
		endloop
	endfacet
	facet normal 0.9999999999997106 -7.483320036035631e-7 1.3787014308899338e-7
		outer loop
			vertex -1.5667221546173096 -40.65015411376953 105.81727600097656
			vertex -1.5667221546173096 -40.48841857910156 106.69514465332031
			vertex -1.5667223930358887 -40.80913543701172 106.68365478515625
		endloop
	endfacet
	facet normal 0.9999999999994259 -7.147937008873051e-7 -7.982849905593745e-7
		outer loop
			vertex -1.5667223930358887 -40.80913543701172 106.68365478515625
			vertex -1.5667221546173096 -40.48841857910156 106.69514465332031
			vertex -1.5667219161987305 -40.9822998046875 107.43603515625
		endloop
	endfacet
	facet normal 0.9999999999987069 0.0000014680092725651829 6.567821259424875e-7
		outer loop
			vertex -1.5667221546173096 -40.48841857910156 106.69514465332031
			vertex -1.5667223930358887 -40.71259307861328 107.55921936035156
			vertex -1.5667219161987305 -40.9822998046875 107.43603515625
		endloop
	endfacet
	facet normal 0.9999999999981793 0.0000010360551595444137 0.0000016025278121411894
		outer loop
			vertex -1.5667219161987305 -40.9822998046875 107.43603515625
			vertex -1.5667223930358887 -40.71259307861328 107.55921936035156
			vertex -1.5667223930358887 -41.455963134765625 108.0398178100586
		endloop
	endfacet
	facet normal 0.9999999999988568 -8.210063953496724e-7 -0.0000012698991654770423
		outer loop
			vertex -1.5667223930358887 -40.71259307861328 107.55921936035156
			vertex -1.5667219161987305 -41.23772430419922 108.27421569824219
			vertex -1.5667223930358887 -41.455963134765625 108.0398178100586
		endloop
	endfacet
	facet normal 0.9999999999988904 -9.78146554879807e-7 -0.0000011235920254400212
		outer loop
			vertex -1.5667223930358887 -41.455963134765625 108.0398178100586
			vertex -1.5667219161987305 -41.23772430419922 108.27421569824219
			vertex -1.5667227506637573 -42.285057067871094 108.44329833984375
		endloop
	endfacet
	facet normal 0.9999999999996848 -7.592550519012204e-7 2.3226710112686554e-7
		outer loop
			vertex -1.5667219161987305 -41.23772430419922 108.27421569824219
			vertex -1.5667226314544678 -42.05322265625 108.68789672851562
			vertex -1.5667227506637573 -42.285057067871094 108.44329833984375
		endloop
	endfacet
	facet normal 0.9999999999999374 -2.5460434992184545e-7 -2.460492083257612e-7
		outer loop
			vertex -1.5667227506637573 -42.285057067871094 108.44329833984375
			vertex -1.5667226314544678 -42.05322265625 108.68789672851562
			vertex -1.5667226314544678 -42.48088073730469 109.13042449951172
		endloop
	endfacet
	facet normal 0 0 0
		outer loop
			vertex -1.5667226314544678 -42.05322265625 108.68789672851562
			vertex -1.5667226314544678 -42.48088073730469 109.13042449951172
			vertex -1.5667226314544678 -42.48088073730469 109.13042449951172
		endloop
	endfacet
	facet normal 0 0 0
		outer loop
			vertex -1.5667226314544678 -42.48088073730469 109.13042449951172
			vertex -1.5667226314544678 -42.48088073730469 109.13042449951172
			vertex -1.5667226314544678 -46.545799255371094 107.83155822753906
		endloop
	endfacet
	facet normal 0 0 0
		outer loop
			vertex -1.5667226314544678 -42.48088073730469 109.13042449951172
			vertex -1.5667226314544678 -46.545799255371094 107.83155822753906
			vertex -1.5667226314544678 -46.545799255371094 107.83155822753906
		endloop
	endfacet
	facet normal 0 0 0
		outer loop
			vertex -1.5667226314544678 -46.545799255371094 107.83155822753906
			vertex -1.5667226314544678 -46.545799255371094 107.83155822753906
			vertex -1.566723108291626 -45.8170166015625 107.29377746582031
		endloop
	endfacet
	facet normal 0.9999999999998597 3.878434361332574e-7 -3.610831836657884e-7
		outer loop
			vertex -1.5667226314544678 -46.545799255371094 107.83155822753906
			vertex -1.566723108291626 -46.038658142089844 107.05570983886719
			vertex -1.566723108291626 -45.8170166015625 107.29377746582031
		endloop
	endfacet
	facet normal 0.9999999999999659 -1.914178502857975e-7 1.7821048483055709e-7
		outer loop
			vertex -1.566723108291626 -45.8170166015625 107.29377746582031
			vertex -1.566723108291626 -46.038658142089844 107.05570983886719
			vertex -1.5667228698730469 -44.938743591308594 106.8992919921875
		endloop
	endfacet
	facet normal 0 0 0
		outer loop
			vertex -1.566723108291626 -46.038658142089844 107.05570983886719
			vertex -1.5667228698730469 -44.938743591308594 106.8992919921875
			vertex -1.5667228698730469 -44.938743591308594 106.8992919921875
		endloop
	endfacet
	facet normal 0 0 0
		outer loop
			vertex -1.5667228698730469 -44.938743591308594 106.8992919921875
			vertex -1.5667228698730469 -44.938743591308594 106.8992919921875
			vertex -1.5667228698730469 -45.22755432128906 106.66690063476562
		endloop
	endfacet
	facet normal 0 0 0
		outer loop
			vertex -1.5667228698730469 -44.938743591308594 106.8992919921875
			vertex -1.5667228698730469 -45.22755432128906 106.66690063476562
			vertex -1.5667228698730469 -45.22755432128906 106.66690063476562
		endloop
	endfacet
	facet normal 0 0 0
		outer loop
			vertex -1.5667228698730469 -45.22755432128906 106.66690063476562
			vertex -1.5667228698730469 -45.22755432128906 106.66690063476562
			vertex -1.5667226314544678 -44.78809356689453 105.64971160888672
		endloop
	endfacet
	facet normal 0.9999999999999705 -1.8952348847162055e-7 1.5250896336429974e-7
		outer loop
			vertex -1.5667228698730469 -45.22755432128906 106.66690063476562
			vertex -1.5667228698730469 -47.95783996582031 103.27396392822266
			vertex -1.5667226314544678 -44.78809356689453 105.64971160888672
		endloop
	endfacet
	facet normal 0.9999999999999563 -2.2212936297301907e-7 1.9601204836183975e-7
		outer loop
			vertex -1.5667226314544678 -44.78809356689453 105.64971160888672
			vertex -1.5667228698730469 -47.95783996582031 103.27396392822266
			vertex -1.5667223930358887 -44.33912658691406 104.94215393066406
		endloop
	endfacet
	facet normal 0.9999999999999635 -2.1018354589128072e-7 1.7009864039728443e-7
		outer loop
			vertex -1.5667228698730469 -47.95783996582031 103.27396392822266
			vertex -1.5667221546173096 -43.57964324951172 104.47896575927734
			vertex -1.5667223930358887 -44.33912658691406 104.94215393066406
		endloop
	endfacet
	facet normal 0 0 0
		outer loop
			vertex -1.5667223930358887 -44.33912658691406 104.94215393066406
			vertex -1.5667221546173096 -43.57964324951172 104.47896575927734
			vertex -1.5667221546173096 -43.57964324951172 104.47896575927734
		endloop
	endfacet
	facet normal 0 0 0
		outer loop
			vertex -1.5667221546173096 -43.57964324951172 104.47896575927734
			vertex -1.5667219161987305 -41.23772430419922 108.27421569824219
			vertex -1.5667221546173096 -43.57964324951172 104.47896575927734
		endloop
	endfacet
	facet normal 0 0 0
		outer loop
			vertex -1.5667221546173096 -43.57964324951172 104.47896575927734
			vertex -1.5667219161987305 -41.23772430419922 108.27421569824219
			vertex -1.5667219161987305 -41.23772430419922 108.27421569824219
		endloop
	endfacet
	facet normal 0 0 0
		outer loop
			vertex -1.5667219161987305 -41.23772430419922 108.27421569824219
			vertex -1.5667223930358887 -40.71259307861328 107.55921936035156
			vertex -1.5667219161987305 -41.23772430419922 108.27421569824219
		endloop
	endfacet
	facet normal 0.9999999999996989 7.693373136954708e-7 -1.0186641233430713e-7
		outer loop
			vertex -1.5667219161987305 -41.23772430419922 108.27421569824219
			vertex -1.5667223930358887 -40.71259307861328 107.55921936035156
			vertex -1.5667228698730469 -39.47294235229492 112.24057006835938
		endloop
	endfacet
	facet normal 0 0 0
		outer loop
			vertex -1.5667223930358887 -40.71259307861328 107.55921936035156
			vertex -1.5667223930358887 -40.71259307861328 107.55921936035156
			vertex -1.5667228698730469 -39.47294235229492 112.24057006835938
		endloop
	endfacet
	facet normal 0.9999999999999637 -2.1795560925003847e-7 1.5957488214613628e-7
		outer loop
			vertex -1.5667228698730469 -39.47294235229492 112.24057006835938
			vertex -1.5667223930358887 -40.71259307861328 107.55921936035156
			vertex -1.5667214393615723 -39.47264099121094 103.2764663696289
		endloop
	endfacet
	facet normal 0.9999999999981636 0.0000017699356206217082 7.351135334169516e-7
		outer loop
			vertex -1.5667223930358887 -40.71259307861328 107.55921936035156
			vertex -1.5667221546173096 -40.48841857910156 106.69514465332031
			vertex -1.5667214393615723 -39.47264099121094 103.2764663696289
		endloop
	endfacet
	facet normal 0 0 0
		outer loop
			vertex -1.5667214393615723 -39.47264099121094 103.2764663696289
			vertex -1.5667221546173096 -40.48841857910156 106.69514465332031
			vertex -1.5667214393615723 -39.47264099121094 103.2764663696289
		endloop
	endfacet
	facet normal 0.9999999999999023 -4.346412452226222e-7 8.007682470168227e-8
		outer loop
			vertex -1.5667221546173096 -40.48841857910156 106.69514465332031
			vertex -1.5667221546173096 -40.65015411376953 105.81727600097656
			vertex -1.5667214393615723 -39.47264099121094 103.2764663696289
		endloop
	endfacet
	facet normal 0 0 0
		outer loop
			vertex -1.5667214393615723 -39.47264099121094 103.2764663696289
			vertex -1.5667221546173096 -40.65015411376953 105.81727600097656
			vertex -1.5667214393615723 -39.47264099121094 103.2764663696289
		endloop
	endfacet
	facet normal 0.9999999999996492 6.163672957796238e-7 5.671563499373883e-7
		outer loop
			vertex -1.5667221546173096 -40.65015411376953 105.81727600097656
			vertex -1.5667214393615723 -41.102577209472656 105.0478286743164
			vertex -1.5667214393615723 -39.47264099121094 103.2764663696289
		endloop
	endfacet
	facet normal 0 0 0
		outer loop
			vertex -1.5667214393615723 -39.47264099121094 103.2764663696289
			vertex -1.5667214393615723 -41.102577209472656 105.0478286743164
			vertex -1.5667214393615723 -39.47264099121094 103.2764663696289
		endloop
	endfacet
	facet normal 0.9999999999998544 -3.969923599781653e-7 -3.6529637341230466e-7
		outer loop
			vertex -1.5667214393615723 -41.102577209472656 105.0478286743164
			vertex -1.5667219161987305 -41.837745666503906 104.54144287109375
			vertex -1.5667214393615723 -39.47264099121094 103.2764663696289
		endloop
	endfacet
	facet normal 0 0 0
		outer loop
			vertex -1.5667214393615723 -39.47264099121094 103.2764663696289
			vertex -1.5667219161987305 -41.837745666503906 104.54144287109375
			vertex -1.5667214393615723 -39.47264099121094 103.2764663696289
		endloop
	endfacet
	facet normal 0.9999999999999657 -6.58592385809477e-8 2.538174936469343e-7
		outer loop
			vertex -1.5667219161987305 -41.837745666503906 104.54144287109375
			vertex -1.5667219161987305 -42.701759338378906 104.31725311279297
			vertex -1.5667214393615723 -39.47264099121094 103.2764663696289
		endloop
	endfacet
	facet normal 0 0 0
		outer loop
			vertex -1.5667214393615723 -39.47264099121094 103.2764663696289
			vertex -1.5667219161987305 -42.701759338378906 104.31725311279297
			vertex -1.5667214393615723 -39.47264099121094 103.2764663696289
		endloop
	endfacet
	facet normal 0.9999999999995021 -4.3686336656946834e-7 -8.972504311048315e-7
		outer loop
			vertex -1.5667219161987305 -42.701759338378906 104.31725311279297
			vertex -1.5667221546173096 -43.57964324951172 104.47896575927734
			vertex -1.5667214393615723 -39.47264099121094 103.2764663696289
		endloop
	endfacet
	facet normal 0 0 0
		outer loop
			vertex -1.5667214393615723 -39.47264099121094 103.2764663696289
			vertex -1.5667221546173096 -43.57964324951172 104.47896575927734
			vertex -1.5667214393615723 -39.47264099121094 103.2764663696289
		endloop
	endfacet
	facet normal 0.9999999999999857 -1.6859463212016398e-7 1.89914461881357e-8
		outer loop
			vertex -1.5667221546173096 -43.57964324951172 104.47896575927734
			vertex -1.5667228698730469 -47.95783996582031 103.27396392822266
			vertex -1.5667214393615723 -39.47264099121094 103.2764663696289
		endloop
	endfacet
	facet normal 0 0 0
		outer loop
			vertex -1.5667214393615723 -39.47264099121094 103.2764663696289
			vertex -1.5667228698730469 -47.95783996582031 103.27396392822266
			vertex -1.5667214393615723 -39.47264099121094 103.2764663696289
		endloop
	endfacet
	facet normal 0.9999999999999726 -1.6863702352295735e-7 1.6273087066969957e-7
		outer loop
			vertex -1.5667228698730469 -47.95783996582031 103.27396392822266
			vertex -1.5667119026184082 -47.964447021484375 35.8720703125
			vertex -1.5667214393615723 -39.47264099121094 103.2764663696289
		endloop
	endfacet
	facet normal 0 0 0
		outer loop
			vertex -1.5667214393615723 -39.47264099121094 103.2764663696289
			vertex -1.5667119026184082 -47.964447021484375 35.8720703125
			vertex -1.5667214393615723 -39.47264099121094 103.2764663696289
		endloop
	endfacet
	facet normal 0.9999999999999728 -1.6842161902667007e-7 1.6270373337142946e-7
		outer loop
			vertex -1.5667119026184082 -47.964447021484375 35.8720703125
			vertex -1.5667104721069336 -39.46994400024414 35.87297058105469
			vertex -1.5667214393615723 -39.47264099121094 103.2764663696289
		endloop
	endfacet
	facet normal 0 0 0
		outer loop
			vertex -1.5667214393615723 -39.47264099121094 103.2764663696289
			vertex -1.5667104721069336 -39.46994400024414 35.87297058105469
			vertex -1.5667214393615723 -39.47264099121094 103.2764663696289
		endloop
	endfacet
	facet normal 0.9999999999999737 -1.6194347974774533e-7 1.6270399257880323e-7
		outer loop
			vertex -1.5667104721069336 -39.46994400024414 35.87297058105469
			vertex -1.5667104721069336 28.22195816040039 103.24846649169922
			vertex -1.5667214393615723 -39.47264099121094 103.2764663696289
		endloop
	endfacet
	facet normal 0.9999999999999744 -1.6194479814207704e-7 1.595165438325584e-7
		outer loop
			vertex -1.5667214393615723 -39.47264099121094 103.2764663696289
			vertex -1.5667104721069336 28.22195816040039 103.24846649169922
			vertex -1.5667119026184082 28.215858459472656 112.21006774902344
		endloop
	endfacet
	facet normal 0.9999999999999695 -1.8972590796635757e-7 1.5949763466035693e-7
		outer loop
			vertex -1.5667104721069336 28.22195816040039 103.24846649169922
			vertex -1.5667107105255127 30.58926773071289 107.55924224853516
			vertex -1.5667119026184082 28.215858459472656 112.21006774902344
		endloop
	endfacet
	facet normal 0.9999999999998878 -4.7377893391444464e-7 1.4539694346675026e-8
		outer loop
			vertex -1.5667119026184082 28.215858459472656 112.21006774902344
			vertex -1.5667107105255127 30.58926773071289 107.55924224853516
			vertex -1.5667104721069336 31.114437103271484 108.27422332763672
		endloop
	endfacet
	facet normal 0.9999999999996712 -7.758741498809155e-7 2.3643529362809292e-7
		outer loop
			vertex -1.5667107105255127 30.58926773071289 107.55924224853516
			vertex -1.5667104721069336 30.859012603759766 107.43603515625
			vertex -1.5667104721069336 31.114437103271484 108.27422332763672
		endloop
	endfacet
	facet normal 0 0 0
		outer loop
			vertex -1.5667104721069336 31.114437103271484 108.27422332763672
			vertex -1.5667104721069336 30.859012603759766 107.43603515625
			vertex -1.5667104721069336 31.114437103271484 108.27422332763672
		endloop
	endfacet
	facet normal 1 0 0
		outer loop
			vertex -1.5667104721069336 30.859012603759766 107.43603515625
			vertex -1.5667104721069336 31.33266830444336 108.03982543945312
			vertex -1.5667104721069336 31.114437103271484 108.27422332763672
		endloop
	endfacet
	facet normal 1 0 0
		outer loop
			vertex -1.5667104721069336 31.114437103271484 108.27422332763672
			vertex -1.5667104721069336 31.33266830444336 108.03982543945312
			vertex -1.5667104721069336 31.929889678955078 108.68789672851562
		endloop
	endfacet
	facet normal 1 0 0
		outer loop
			vertex -1.5667104721069336 31.33266830444336 108.03982543945312
			vertex -1.5667104721069336 32.2492561340332 108.51396942138672
			vertex -1.5667104721069336 31.929889678955078 108.68789672851562
		endloop
	endfacet
	facet normal 0 0 0
		outer loop
			vertex -1.5667104721069336 31.929889678955078 108.68789672851562
			vertex -1.5667104721069336 32.2492561340332 108.51396942138672
			vertex -1.5667104721069336 31.929889678955078 108.68789672851562
		endloop
	endfacet
	facet normal 1 0 0
		outer loop
			vertex -1.5667104721069336 32.2492561340332 108.51396942138672
			vertex -1.5667104721069336 32.35750198364258 109.13042449951172
			vertex -1.5667104721069336 31.929889678955078 108.68789672851562
		endloop
	endfacet
	facet normal 0.9999999999997751 -4.824369330812755e-7 4.661763223512462e-7
		outer loop
			vertex -1.5667104721069336 31.929889678955078 108.68789672851562
			vertex -1.5667104721069336 32.35750198364258 109.13042449951172
			vertex -1.5667107105255127 32.114994049072266 109.3908920288086
		endloop
	endfacet
	facet normal 0.9999999999997755 -4.6483226694412614e-7 4.825671225221732e-7
		outer loop
			vertex -1.5667104721069336 32.35750198364258 109.13042449951172
			vertex -1.5667109489440918 32.45645523071289 110.2138671875
			vertex -1.5667107105255127 32.114994049072266 109.3908920288086
		endloop
	endfacet
	facet normal 0.9999999999999459 -7.405410267155351e-8 3.204290891652501e-7
		outer loop
			vertex -1.5667107105255127 32.114994049072266 109.3908920288086
			vertex -1.5667109489440918 32.45645523071289 110.2138671875
			vertex -1.5667119026184082 28.215858459472656 112.21006774902344
		endloop
	endfacet
	facet normal 0 0 0
		outer loop
			vertex -1.5667109489440918 32.45645523071289 110.2138671875
			vertex -1.5667109489440918 32.45645523071289 110.2138671875
			vertex -1.5667119026184082 28.215858459472656 112.21006774902344
		endloop
	endfacet
	facet normal 0.999999999999974 -1.3980925968186183e-7 1.8074317188573653e-7
		outer loop
			vertex -1.5667119026184082 28.215858459472656 112.21006774902344
			vertex -1.5667109489440918 32.45645523071289 110.2138671875
			vertex -1.5667109489440918 33.197967529296875 110.78744506835938
		endloop
	endfacet
	facet normal 0.9999999999989277 -8.959796569881539e-7 0.0000011583081515318457
		outer loop
			vertex -1.5667109489440918 32.45645523071289 110.2138671875
			vertex -1.5667104721069336 32.679264068603516 109.97454833984375
			vertex -1.5667109489440918 33.197967529296875 110.78744506835938
		endloop
	endfacet
	facet normal 0 0 0
		outer loop
			vertex -1.5667109489440918 33.197967529296875 110.78744506835938
			vertex -1.5667104721069336 32.679264068603516 109.97454833984375
			vertex -1.5667109489440918 33.197967529296875 110.78744506835938
		endloop
	endfacet
	facet normal 0.9999999999996786 -2.6605134740466855e-7 7.563555015735145e-7
		outer loop
			vertex -1.5667104721069336 32.679264068603516 109.97454833984375
			vertex -1.5667107105255127 33.297664642333984 110.50729370117188
			vertex -1.5667109489440918 33.197967529296875 110.78744506835938
		endloop
	endfacet
	facet normal 0.9999999999995799 -6.87702598723971e-7 6.06303003571933e-7
		outer loop
			vertex -1.5667109489440918 33.197967529296875 110.78744506835938
			vertex -1.5667107105255127 33.297664642333984 110.50729370117188
			vertex -1.5667104721069336 34.133304595947266 111.0618896484375
		endloop
	endfacet
	facet normal 0.9999999999999574 -2.9227007182652877e-7 1.048325396314869e-8
		outer loop
			vertex -1.5667107105255127 33.297664642333984 110.50729370117188
			vertex -1.5667104721069336 34.121761322021484 110.74006652832031
			vertex -1.5667104721069336 34.133304595947266 111.0618896484375
		endloop
	endfacet
	facet normal 0 0 0
		outer loop
			vertex -1.5667104721069336 34.133304595947266 111.0618896484375
			vertex -1.5667104721069336 34.121761322021484 110.74006652832031
			vertex -1.5667104721069336 34.133304595947266 111.0618896484375
		endloop
	endfacet
	facet normal 0.9999999999999674 -2.553377652442617e-7 9.158551960897254e-9
		outer loop
			vertex -1.5667104721069336 34.121761322021484 110.74006652832031
			vertex -1.5667102336883545 35.060733795166016 110.88600158691406
			vertex -1.5667104721069336 34.133304595947266 111.0618896484375
		endloop
	endfacet
	facet normal 0 0 0
		outer loop
			vertex -1.5667104721069336 34.133304595947266 111.0618896484375
			vertex -1.5667102336883545 35.060733795166016 110.88600158691406
			vertex -1.5667104721069336 34.133304595947266 111.0618896484375
		endloop
	endfacet
	facet normal 0.9999999999999375 -2.019278372591655e-7 2.907804330169987e-7
		outer loop
			vertex -1.5667102336883545 35.060733795166016 110.88600158691406
			vertex -1.5667099952697754 38.14164733886719 112.20556640625
			vertex -1.5667104721069336 34.133304595947266 111.0618896484375
		endloop
	endfacet
	facet normal 0 0 0
		outer loop
			vertex -1.5667104721069336 34.133304595947266 111.0618896484375
			vertex -1.5667099952697754 38.14164733886719 112.20556640625
			vertex -1.5667104721069336 34.133304595947266 111.0618896484375
		endloop
	endfacet
	facet normal 0.9999999999999488 -1.9204475045472084e-7 2.561423248280907e-7
		outer loop
			vertex -1.5667099952697754 38.14164733886719 112.20556640625
			vertex -1.5667119026184082 28.215858459472656 112.21006774902344
			vertex -1.5667104721069336 34.133304595947266 111.0618896484375
		endloop
	endfacet
	facet normal 0.9999999999997882 -3.484467837642614e-7 -5.499178214786913e-7
		outer loop
			vertex -1.5667104721069336 34.133304595947266 111.0618896484375
			vertex -1.5667119026184082 28.215858459472656 112.21006774902344
			vertex -1.5667109489440918 33.197967529296875 110.78744506835938
		endloop
	endfacet
	facet normal 0 0 0
		outer loop
			vertex -1.5667119026184082 28.215858459472656 112.21006774902344
			vertex -1.5667109489440918 33.197967529296875 110.78744506835938
			vertex -1.5667109489440918 33.197967529296875 110.78744506835938
		endloop
	endfacet
	facet normal 0 0 0
		outer loop
			vertex -1.5667109489440918 33.197967529296875 110.78744506835938
			vertex -1.5667109489440918 33.197967529296875 110.78744506835938
			vertex -1.5667119026184082 28.215858459472656 112.21006774902344
		endloop
	endfacet
	facet normal 0 0 0
		outer loop
			vertex -1.5667109489440918 33.197967529296875 110.78744506835938
			vertex -1.5667119026184082 28.215858459472656 112.21006774902344
			vertex -1.5667119026184082 28.215858459472656 112.21006774902344
		endloop
	endfacet
	facet normal 0 0 0
		outer loop
			vertex -1.5667119026184082 28.215858459472656 112.21006774902344
			vertex -1.5667119026184082 28.215858459472656 112.21006774902344
			vertex -1.5667214393615723 -39.47264099121094 103.2764663696289
		endloop
	endfacet
	facet normal 0.9999999999999744 -1.619527461819744e-7 1.5957676488691027e-7
		outer loop
			vertex -1.5667119026184082 28.215858459472656 112.21006774902344
			vertex -1.5667228698730469 -39.47294235229492 112.24057006835938
			vertex -1.5667214393615723 -39.47264099121094 103.2764663696289
		endloop
	endfacet
	facet normal 0 0 0
		outer loop
			vertex -1.5667214393615723 -39.47264099121094 103.2764663696289
			vertex -1.5667228698730469 -39.47294235229492 112.24057006835938
			vertex -1.5667228698730469 -39.47294235229492 112.24057006835938
		endloop
	endfacet
	facet normal 0 0 0
		outer loop
			vertex -1.5667228698730469 -39.47294235229492 112.24057006835938
			vertex -1.5667104721069336 31.114437103271484 108.27422332763672
			vertex -1.5667228698730469 -39.47294235229492 112.24057006835938
		endloop
	endfacet
	facet normal 0 0 0
		outer loop
			vertex -1.5667228698730469 -39.47294235229492 112.24057006835938
			vertex -1.5667104721069336 31.114437103271484 108.27422332763672
			vertex -1.5667104721069336 31.114437103271484 108.27422332763672
		endloop
	endfacet
	facet normal 0 0 0
		outer loop
			vertex -1.5667104721069336 31.114437103271484 108.27422332763672
			vertex -1.5667104721069336 31.929889678955078 108.68789672851562
			vertex -1.5667104721069336 31.114437103271484 108.27422332763672
		endloop
	endfacet
	facet normal 0.9999999999999561 -1.3423082210859658e-7 2.6460214602152536e-7
		outer loop
			vertex -1.5667104721069336 31.114437103271484 108.27422332763672
			vertex -1.5667104721069336 31.929889678955078 108.68789672851562
			vertex -1.5667119026184082 28.215858459472656 112.21006774902344
		endloop
	endfacet
	facet normal 0.9999999999999366 -5.0841592854358394e-8 3.5253376518922175e-7
		outer loop
			vertex -1.5667104721069336 31.929889678955078 108.68789672851562
			vertex -1.5667107105255127 32.114994049072266 109.3908920288086
			vertex -1.5667119026184082 28.215858459472656 112.21006774902344
		endloop
	endfacet
	facet normal 0 0 0
		outer loop
			vertex -1.5667119026184082 28.215858459472656 112.21006774902344
			vertex -1.5667107105255127 32.114994049072266 109.3908920288086
			vertex -1.5667107105255127 32.114994049072266 109.3908920288086
		endloop
	endfacet
	facet normal 0 0 0
		outer loop
			vertex -1.5667107105255127 32.114994049072266 109.3908920288086
			vertex -1.5667104721069336 32.35750198364258 109.13042449951172
			vertex -1.5667107105255127 32.114994049072266 109.3908920288086
		endloop
	endfacet
	facet normal 0 0 0
		outer loop
			vertex -1.5667107105255127 32.114994049072266 109.3908920288086
			vertex -1.5667104721069336 32.35750198364258 109.13042449951172
			vertex -1.5667104721069336 32.35750198364258 109.13042449951172
		endloop
	endfacet
	facet normal 0 0 0
		outer loop
			vertex -1.5667104721069336 32.35750198364258 109.13042449951172
			vertex -1.5667104721069336 32.679264068603516 109.97454833984375
			vertex -1.5667104721069336 32.35750198364258 109.13042449951172
		endloop
	endfacet
	facet normal 0.9999999999986798 -0.0000015184344412830132 5.787949686523965e-7
		outer loop
			vertex -1.5667104721069336 32.35750198364258 109.13042449951172
			vertex -1.5667104721069336 32.679264068603516 109.97454833984375
			vertex -1.5667109489440918 32.45645523071289 110.2138671875
		endloop
	endfacet
	facet normal 0 0 0
		outer loop
			vertex -1.5667104721069336 32.679264068603516 109.97454833984375
			vertex -1.5667109489440918 32.45645523071289 110.2138671875
			vertex -1.5667109489440918 32.45645523071289 110.2138671875
		endloop
	endfacet
	facet normal 0 0 0
		outer loop
			vertex -1.5667109489440918 32.45645523071289 110.2138671875
			vertex -1.5667109489440918 32.45645523071289 110.2138671875
			vertex -1.5667104721069336 34.121761322021484 110.74006652832031
		endloop
	endfacet
	facet normal 0 0 0
		outer loop
			vertex -1.5667109489440918 32.45645523071289 110.2138671875
			vertex -1.5667104721069336 34.121761322021484 110.74006652832031
			vertex -1.5667104721069336 34.121761322021484 110.74006652832031
		endloop
	endfacet
	facet normal 0 0 0
		outer loop
			vertex -1.5667104721069336 34.121761322021484 110.74006652832031
			vertex -1.5667104721069336 34.121761322021484 110.74006652832031
			vertex -1.5667102336883545 35.060733795166016 110.88600158691406
		endloop
	endfacet
	facet normal 0.9999999999996493 -1.25186195125034e-7 -8.282601112173637e-7
		outer loop
			vertex -1.5667104721069336 34.121761322021484 110.74006652832031
			vertex -1.5667104721069336 34.93435287475586 110.61724853515625
			vertex -1.5667102336883545 35.060733795166016 110.88600158691406
		endloop
	endfacet
	facet normal 0.999999999999588 4.177661749918393e-8 -9.067742482501875e-7
		outer loop
			vertex -1.5667102336883545 35.060733795166016 110.88600158691406
			vertex -1.5667104721069336 34.93435287475586 110.61724853515625
			vertex -1.5667107105255127 35.89727783203125 110.398681640625
		endloop
	endfacet
	facet normal 0.9999999999997038 3.9727734848786613e-7 6.594305831483546e-7
		outer loop
			vertex -1.5667104721069336 34.93435287475586 110.61724853515625
			vertex -1.5667104721069336 35.6615104675293 110.17916870117188
			vertex -1.5667107105255127 35.89727783203125 110.398681640625
		endloop
	endfacet
	facet normal 0.9999999999995054 8.879009464534792e-8 9.907606040666858e-7
		outer loop
			vertex -1.5667107105255127 35.89727783203125 110.398681640625
			vertex -1.5667104721069336 35.6615104675293 110.17916870117188
			vertex -1.5667099952697754 36.3896598815918 109.63262939453125
		endloop
	endfacet
	facet normal 0.999999999999805 -2.1479579807069752e-7 5.862958433206829e-7
		outer loop
			vertex -1.5667104721069336 35.6615104675293 110.17916870117188
			vertex -1.5667099952697754 36.111148834228516 109.53059387207031
			vertex -1.5667099952697754 36.3896598815918 109.63262939453125
		endloop
	endfacet
	facet normal 1 0 0
		outer loop
			vertex -1.5667099952697754 36.3896598815918 109.63262939453125
			vertex -1.5667099952697754 36.111148834228516 109.53059387207031
			vertex -1.5667099952697754 36.601505279541016 108.73052978515625
		endloop
	endfacet
	facet normal 1 0 0
		outer loop
			vertex -1.5667099952697754 36.111148834228516 109.53059387207031
			vertex -1.5667099952697754 36.2817497253418 108.74198913574219
			vertex -1.5667099952697754 36.601505279541016 108.73052978515625
		endloop
	endfacet
	facet normal 0.9999999999999653 9.43744913023875e-9 2.633375036600774e-7
		outer loop
			vertex -1.5667099952697754 36.601505279541016 108.73052978515625
			vertex -1.5667099952697754 36.2817497253418 108.74198913574219
			vertex -1.5667097568511963 36.42246627807617 107.83157348632812
		endloop
	endfacet
	facet normal 0.9999999999996516 -8.239174197506155e-7 1.3453169454545177e-7
		outer loop
			vertex -1.5667099952697754 36.2817497253418 108.74198913574219
			vertex -1.5667099952697754 36.153751373291016 107.95808410644531
			vertex -1.5667097568511963 36.42246627807617 107.83157348632812
		endloop
	endfacet
	facet normal 0.9999999999996716 -6.784750122017378e-7 4.4345866573587803e-7
		outer loop
			vertex -1.5667097568511963 36.42246627807617 107.83157348632812
			vertex -1.5667099952697754 36.153751373291016 107.95808410644531
			vertex -1.5667097568511963 35.91536331176758 107.05572509765625
		endloop
	endfacet
	facet normal 0.9999999999979564 -0.0000018737411417449848 7.592278583196639e-7
		outer loop
			vertex -1.5667099952697754 36.153751373291016 107.95808410644531
			vertex -1.566710352897644 35.693721771240234 107.29379272460938
			vertex -1.5667097568511963 35.91536331176758 107.05572509765625
		endloop
	endfacet
	facet normal 0 0 0
		outer loop
			vertex -1.5667097568511963 35.91536331176758 107.05572509765625
			vertex -1.566710352897644 35.693721771240234 107.29379272460938
			vertex -1.5667097568511963 35.91536331176758 107.05572509765625
		endloop
	endfacet
	facet normal 0.9999999999979761 -6.405756250062846e-7 0.0000019073079578831018
		outer loop
			vertex -1.566710352897644 35.693721771240234 107.29379272460938
			vertex -1.5667095184326172 35.086856842041016 106.6524658203125
			vertex -1.5667097568511963 35.91536331176758 107.05572509765625
		endloop
	endfacet
	facet normal 0 0 0
		outer loop
			vertex -1.5667097568511963 35.91536331176758 107.05572509765625
			vertex -1.5667095184326172 35.086856842041016 106.6524658203125
			vertex -1.5667097568511963 35.91536331176758 107.05572509765625
		endloop
	endfacet
	facet normal 0.9999999999999243 1.054589927055946e-7 3.745608094847566e-7
		outer loop
			vertex -1.5667095184326172 35.086856842041016 106.6524658203125
			vertex -1.5667085647583008 38.14875793457031 103.2442626953125
			vertex -1.5667097568511963 35.91536331176758 107.05572509765625
		endloop
	endfacet
	facet normal 0.9999999999999546 -2.523157251702456e-7 1.6491630909895285e-7
		outer loop
			vertex -1.5667097568511963 35.91536331176758 107.05572509765625
			vertex -1.5667085647583008 38.14875793457031 103.2442626953125
			vertex -1.5667097568511963 36.42246627807617 107.83157348632812
		endloop
	endfacet
	facet normal 0.9999999999999517 -2.669204483610726e-7 1.5942027603332471e-7
		outer loop
			vertex -1.5667085647583008 38.14875793457031 103.2442626953125
			vertex -1.5667099952697754 38.14164733886719 112.20556640625
			vertex -1.5667097568511963 36.42246627807617 107.83157348632812
		endloop
	endfacet
	facet normal 0.9999999999992936 -0.000001086783874724444 4.8166443619629e-7
		outer loop
			vertex -1.5667097568511963 36.42246627807617 107.83157348632812
			vertex -1.5667099952697754 38.14164733886719 112.20556640625
			vertex -1.5667099952697754 36.601505279541016 108.73052978515625
		endloop
	endfacet
	facet normal 0 0 0
		outer loop
			vertex -1.5667099952697754 38.14164733886719 112.20556640625
			vertex -1.5667099952697754 38.14164733886719 112.20556640625
			vertex -1.5667099952697754 36.601505279541016 108.73052978515625
		endloop
	endfacet
	facet normal 1 0 0
		outer loop
			vertex -1.5667099952697754 36.601505279541016 108.73052978515625
			vertex -1.5667099952697754 38.14164733886719 112.20556640625
			vertex -1.5667099952697754 36.3896598815918 109.63262939453125
		endloop
	endfacet
	facet normal 0 0 0
		outer loop
			vertex -1.5667099952697754 38.14164733886719 112.20556640625
			vertex -1.5667099952697754 38.14164733886719 112.20556640625
			vertex -1.5667099952697754 36.3896598815918 109.63262939453125
		endloop
	endfacet
	facet normal 0.999999999999636 -7.053739778797014e-7 4.803096058337447e-7
		outer loop
			vertex -1.5667099952697754 36.3896598815918 109.63262939453125
			vertex -1.5667099952697754 38.14164733886719 112.20556640625
			vertex -1.5667107105255127 35.89727783203125 110.398681640625
		endloop
	endfacet
	facet normal 0.9999999999997755 1.9692103019839317e-7 -6.404499693350605e-7
		outer loop
			vertex -1.5667099952697754 38.14164733886719 112.20556640625
			vertex -1.5667102336883545 35.060733795166016 110.88600158691406
			vertex -1.5667107105255127 35.89727783203125 110.398681640625
		endloop
	endfacet
	facet normal 0 0 0
		outer loop
			vertex -1.5667107105255127 35.89727783203125 110.398681640625
			vertex -1.5667102336883545 35.060733795166016 110.88600158691406
			vertex -1.5667102336883545 35.060733795166016 110.88600158691406
		endloop
	endfacet
	facet normal 0 0 0
		outer loop
			vertex -1.5667102336883545 35.060733795166016 110.88600158691406
			vertex -1.566710352897644 35.693721771240234 107.29379272460938
			vertex -1.5667102336883545 35.060733795166016 110.88600158691406
		endloop
	endfacet
	facet normal 0 0 0
		outer loop
			vertex -1.5667102336883545 35.060733795166016 110.88600158691406
			vertex -1.566710352897644 35.693721771240234 107.29379272460938
			vertex -1.566710352897644 35.693721771240234 107.29379272460938
		endloop
	endfacet
	facet normal 0 0 0
		outer loop
			vertex -1.566710352897644 35.693721771240234 107.29379272460938
			vertex -1.5667099952697754 34.71615982055664 106.82896423339844
			vertex -1.566710352897644 35.693721771240234 107.29379272460938
		endloop
	endfacet
	facet normal 0.9999999999983874 -4.5969945432756786e-7 0.0000017361512454841942
		outer loop
			vertex -1.566710352897644 35.693721771240234 107.29379272460938
			vertex -1.5667099952697754 34.71615982055664 106.82896423339844
			vertex -1.5667095184326172 35.086856842041016 106.6524658203125
		endloop
	endfacet
	facet normal 0.9999999999993198 -0.000001002483616043711 5.961496526163075e-7
		outer loop
			vertex -1.5667099952697754 34.71615982055664 106.82896423339844
			vertex -1.5667097568511963 34.4133415222168 105.91981506347656
			vertex -1.5667095184326172 35.086856842041016 106.6524658203125
		endloop
	endfacet
	facet normal 0.999999999999749 -6.530688041864919e-7 2.7493763370599983e-7
		outer loop
			vertex -1.5667095184326172 35.086856842041016 106.6524658203125
			vertex -1.5667097568511963 34.4133415222168 105.91981506347656
			vertex -1.5667095184326172 34.66470718383789 105.64971923828125
		endloop
	endfacet
	facet normal 0.9999999999997771 -5.639734566752807e-7 3.5785454276347553e-7
		outer loop
			vertex -1.5667097568511963 34.4133415222168 105.91981506347656
			vertex -1.5667095184326172 34.21574020385742 104.94215393066406
			vertex -1.5667095184326172 34.66470718383789 105.64971923828125
		endloop
	endfacet
	facet normal 0.9999999999999747 -1.9034009735759082e-7 1.207753090207473e-7
		outer loop
			vertex -1.5667095184326172 34.66470718383789 105.64971923828125
			vertex -1.5667095184326172 34.21574020385742 104.94215393066406
			vertex -1.5667085647583008 38.14875793457031 103.2442626953125
		endloop
	endfacet
	facet normal 0 0 0
		outer loop
			vertex -1.5667095184326172 34.21574020385742 104.94215393066406
			vertex -1.5667095184326172 34.21574020385742 104.94215393066406
			vertex -1.5667085647583008 38.14875793457031 103.2442626953125
		endloop
	endfacet
	facet normal 0.9999999999999628 -1.4197766723849283e-7 2.3280268226964662e-7
		outer loop
			vertex -1.5667085647583008 38.14875793457031 103.2442626953125
			vertex -1.5667095184326172 34.21574020385742 104.94215393066406
			vertex -1.5667095184326172 33.45625686645508 104.47897338867188
		endloop
	endfacet
	facet normal 1 0 0
		outer loop
			vertex -1.5667095184326172 34.21574020385742 104.94215393066406
			vertex -1.5667095184326172 33.988887786865234 105.1859130859375
			vertex -1.5667095184326172 33.45625686645508 104.47897338867188
		endloop
	endfacet
	facet normal 0 0 0
		outer loop
			vertex -1.5667095184326172 33.45625686645508 104.47897338867188
			vertex -1.5667095184326172 33.988887786865234 105.1859130859375
			vertex -1.5667095184326172 33.45625686645508 104.47897338867188
		endloop
	endfacet
	facet normal 1 0 0
		outer loop
			vertex -1.5667095184326172 33.988887786865234 105.1859130859375
			vertex -1.5667095184326172 33.35268020629883 104.7568359375
			vertex -1.5667095184326172 33.45625686645508 104.47897338867188
		endloop
	endfacet
	facet normal 0.9999999999999634 -2.5413308223228065e-7 -9.473121154270846e-8
		outer loop
			vertex -1.5667095184326172 33.45625686645508 104.47897338867188
			vertex -1.5667095184326172 33.35268020629883 104.7568359375
			vertex -1.5667097568511963 32.578372955322266 104.3172607421875
		endloop
	endfacet
	facet normal 0.9999999999999507 -3.1431332739193915e-7 1.1275680314659917e-8
		outer loop
			vertex -1.5667095184326172 33.35268020629883 104.7568359375
			vertex -1.5667097568511963 32.58987808227539 104.63796997070312
			vertex -1.5667097568511963 32.578372955322266 104.3172607421875
		endloop
	endfacet
	facet normal 0.9999999999999627 -2.734004692150314e-7 9.80797191874268e-9
		outer loop
			vertex -1.5667097568511963 32.578372955322266 104.3172607421875
			vertex -1.5667097568511963 32.58987808227539 104.63796997070312
			vertex -1.5667099952697754 31.714366912841797 104.54145812988281
		endloop
	endfacet
	facet normal 0.9999999999999504 -2.8676276069034505e-7 1.3102455359858483e-7
		outer loop
			vertex -1.5667097568511963 32.58987808227539 104.63796997070312
			vertex -1.5667099952697754 31.837574005126953 104.81111145019531
			vertex -1.5667099952697754 31.714366912841797 104.54145812988281
		endloop
	endfacet
	facet normal 1 0 0
		outer loop
			vertex -1.5667099952697754 31.714366912841797 104.54145812988281
			vertex -1.5667099952697754 31.837574005126953 104.81111145019531
			vertex -1.5667099952697754 30.979259490966797 105.04783630371094
		endloop
	endfacet
	facet normal 1 0 0
		outer loop
			vertex -1.5667099952697754 31.837574005126953 104.81111145019531
			vertex -1.5667099952697754 31.214176177978516 105.2664566040039
			vertex -1.5667099952697754 30.979259490966797 105.04783630371094
		endloop
	endfacet
	facet normal 0.9999999999998503 -3.7274521503682556e-7 4.0053037571798624e-7
		outer loop
			vertex -1.5667099952697754 30.979259490966797 105.04783630371094
			vertex -1.5667099952697754 31.214176177978516 105.2664566040039
			vertex -1.5667104721069336 30.526813507080078 105.81729125976562
		endloop
	endfacet
	facet normal 0.9999999999996656 -8.059094292077366e-7 -1.3999645583820717e-7
		outer loop
			vertex -1.5667099952697754 31.214176177978516 105.2664566040039
			vertex -1.5667102336883545 30.804658889770508 105.92086791992188
			vertex -1.5667104721069336 30.526813507080078 105.81729125976562
		endloop
	endfacet
	facet normal 0.9999999999995915 -8.976806758957617e-7 1.0618079217852374e-7
		outer loop
			vertex -1.5667104721069336 30.526813507080078 105.81729125976562
			vertex -1.5667102336883545 30.804658889770508 105.92086791992188
			vertex -1.5667107105255127 30.365055084228516 106.69514465332031
		endloop
	endfacet
	facet normal 0.9999999999997095 -7.361454465158136e-7 1.9789412734862243e-7
		outer loop
			vertex -1.5667102336883545 30.804658889770508 105.92086791992188
			vertex -1.5667104721069336 30.685840606689453 106.68365478515625
			vertex -1.5667107105255127 30.365055084228516 106.69514465332031
		endloop
	endfacet
	facet normal 0.9999999999997107 -7.363896756065158e-7 1.9107549763572243e-7
		outer loop
			vertex -1.5667107105255127 30.365055084228516 106.69514465332031
			vertex -1.5667104721069336 30.685840606689453 106.68365478515625
			vertex -1.5667107105255127 30.58926773071289 107.55924224853516
		endloop
	endfacet
	facet normal 0.9999999999996634 -7.997861946686825e-7 1.8408318170063436e-7
		outer loop
			vertex -1.5667104721069336 30.685840606689453 106.68365478515625
			vertex -1.5667104721069336 30.859012603759766 107.43603515625
			vertex -1.5667107105255127 30.58926773071289 107.55924224853516
		endloop
	endfacet
	facet normal 0 0 0
		outer loop
			vertex -1.5667107105255127 30.58926773071289 107.55924224853516
			vertex -1.5667104721069336 30.859012603759766 107.43603515625
			vertex -1.5667104721069336 30.859012603759766 107.43603515625
		endloop
	endfacet
	facet normal 0 0 0
		outer loop
			vertex -1.5667104721069336 30.859012603759766 107.43603515625
			vertex -1.5667095184326172 35.086856842041016 106.6524658203125
			vertex -1.5667104721069336 30.859012603759766 107.43603515625
		endloop
	endfacet
	facet normal 0 0 0
		outer loop
			vertex -1.5667104721069336 30.859012603759766 107.43603515625
			vertex -1.5667095184326172 35.086856842041016 106.6524658203125
			vertex -1.5667095184326172 35.086856842041016 106.6524658203125
		endloop
	endfacet
	facet normal 0 0 0
		outer loop
			vertex -1.5667095184326172 35.086856842041016 106.6524658203125
			vertex -1.5667095184326172 34.66470718383789 105.64971923828125
			vertex -1.5667095184326172 35.086856842041016 106.6524658203125
		endloop
	endfacet
	facet normal 0.9999999999999736 -2.1208164445699387e-7 8.928496523749457e-8
		outer loop
			vertex -1.5667095184326172 35.086856842041016 106.6524658203125
			vertex -1.5667095184326172 34.66470718383789 105.64971923828125
			vertex -1.5667085647583008 38.14875793457031 103.2442626953125
		endloop
	endfacet
	facet normal 0 0 0
		outer loop
			vertex -1.5667095184326172 34.66470718383789 105.64971923828125
			vertex -1.5667085647583008 38.14875793457031 103.2442626953125
			vertex -1.5667085647583008 38.14875793457031 103.2442626953125
		endloop
	endfacet
	facet normal 0 0 0
		outer loop
			vertex -1.5667085647583008 38.14875793457031 103.2442626953125
			vertex -1.5667085647583008 38.14875793457031 103.2442626953125
			vertex -1.5667097568511963 34.4133415222168 105.91981506347656
		endloop
	endfacet
	facet normal 0 0 0
		outer loop
			vertex -1.5667085647583008 38.14875793457031 103.2442626953125
			vertex -1.5667097568511963 34.4133415222168 105.91981506347656
			vertex -1.5667097568511963 34.4133415222168 105.91981506347656
		endloop
	endfacet
	facet normal 0 0 0
		outer loop
			vertex -1.5667097568511963 34.4133415222168 105.91981506347656
			vertex -1.5667097568511963 34.4133415222168 105.91981506347656
			vertex -1.5667095184326172 34.21574020385742 104.94215393066406
		endloop
	endfacet
	facet normal 0.9999999999999568 2.15285415036664e-7 2.0035356903599897e-7
		outer loop
			vertex -1.5667097568511963 34.4133415222168 105.91981506347656
			vertex -1.5667095184326172 33.988887786865234 105.1859130859375
			vertex -1.5667095184326172 34.21574020385742 104.94215393066406
		endloop
	endfacet
	facet normal 0 0 0
		outer loop
			vertex -1.5667095184326172 34.21574020385742 104.94215393066406
			vertex -1.5667095184326172 33.988887786865234 105.1859130859375
			vertex -1.5667095184326172 33.988887786865234 105.1859130859375
		endloop
	endfacet
	facet normal 0 0 0
		outer loop
			vertex -1.5667095184326172 33.988887786865234 105.1859130859375
			vertex -1.5667107105255127 30.58926773071289 107.55924224853516
			vertex -1.5667095184326172 33.988887786865234 105.1859130859375
		endloop
	endfacet
	facet normal 0 0 0
		outer loop
			vertex -1.5667095184326172 33.988887786865234 105.1859130859375
			vertex -1.5667107105255127 30.58926773071289 107.55924224853516
			vertex -1.5667107105255127 30.58926773071289 107.55924224853516
		endloop
	endfacet
	facet normal 0 0 0
		outer loop
			vertex -1.5667107105255127 30.58926773071289 107.55924224853516
			vertex -1.5667104721069336 28.22195816040039 103.24846649169922
			vertex -1.5667107105255127 30.58926773071289 107.55924224853516
		endloop
	endfacet
	facet normal 0.9999999999999807 1.9092327762059382e-7 -4.954002139091826e-8
		outer loop
			vertex -1.5667107105255127 30.58926773071289 107.55924224853516
			vertex -1.5667104721069336 28.22195816040039 103.24846649169922
			vertex -1.5667107105255127 30.365055084228516 106.69514465332031
		endloop
	endfacet
	facet normal 0 0 0
		outer loop
			vertex -1.5667104721069336 28.22195816040039 103.24846649169922
			vertex -1.5667104721069336 28.22195816040039 103.24846649169922
			vertex -1.5667107105255127 30.365055084228516 106.69514465332031
		endloop
	endfacet
	facet normal 0.9999999999999432 -2.511243060536748e-7 2.253190667904974e-7
		outer loop
			vertex -1.5667107105255127 30.365055084228516 106.69514465332031
			vertex -1.5667104721069336 28.22195816040039 103.24846649169922
			vertex -1.5667104721069336 30.526813507080078 105.81729125976562
		endloop
	endfacet
	facet normal 0 0 0
		outer loop
			vertex -1.5667104721069336 28.22195816040039 103.24846649169922
			vertex -1.5667104721069336 28.22195816040039 103.24846649169922
			vertex -1.5667104721069336 30.526813507080078 105.81729125976562
		endloop
	endfacet
	facet normal 0.9999999999998429 -4.172414551440678e-7 3.7436621240190306e-7
		outer loop
			vertex -1.5667104721069336 30.526813507080078 105.81729125976562
			vertex -1.5667104721069336 28.22195816040039 103.24846649169922
			vertex -1.5667099952697754 30.979259490966797 105.04783630371094
		endloop
	endfacet
	facet normal 0 0 0
		outer loop
			vertex -1.5667104721069336 28.22195816040039 103.24846649169922
			vertex -1.5667104721069336 28.22195816040039 103.24846649169922
			vertex -1.5667099952697754 30.979259490966797 105.04783630371094
		endloop
	endfacet
	facet normal 0.9999999999999878 -8.880574914076038e-8 -1.2891899507639583e-7
		outer loop
			vertex -1.5667099952697754 30.979259490966797 105.04783630371094
			vertex -1.5667104721069336 28.22195816040039 103.24846649169922
			vertex -1.5667099952697754 31.714366912841797 104.54145812988281
		endloop
	endfacet
	facet normal 0 0 0
		outer loop
			vertex -1.5667104721069336 28.22195816040039 103.24846649169922
			vertex -1.5667104721069336 28.22195816040039 103.24846649169922
			vertex -1.5667099952697754 31.714366912841797 104.54145812988281
		endloop
	endfacet
	facet normal 0.9999999999999516 -2.1849892378527733e-7 2.2138611509178472e-7
		outer loop
			vertex -1.5667099952697754 31.714366912841797 104.54145812988281
			vertex -1.5667104721069336 28.22195816040039 103.24846649169922
			vertex -1.5667097568511963 32.578372955322266 104.3172607421875
		endloop
	endfacet
	facet normal 0 0 0
		outer loop
			vertex -1.5667104721069336 28.22195816040039 103.24846649169922
			vertex -1.5667104721069336 28.22195816040039 103.24846649169922
			vertex -1.5667097568511963 32.578372955322266 104.3172607421875
		endloop
	endfacet
	facet normal 0.9999999999982796 -5.952117765871677e-7 0.0000017568710268367993
		outer loop
			vertex -1.5667097568511963 32.578372955322266 104.3172607421875
			vertex -1.5667104721069336 28.22195816040039 103.24846649169922
			vertex -1.5667095184326172 33.45625686645508 104.47897338867188
		endloop
	endfacet
	facet normal 0 0 0
		outer loop
			vertex -1.5667104721069336 28.22195816040039 103.24846649169922
			vertex -1.5667104721069336 28.22195816040039 103.24846649169922
			vertex -1.5667095184326172 33.45625686645508 104.47897338867188
		endloop
	endfacet
	facet normal 0.9999999999999808 -1.9212346112792073e-7 4.222427985265187e-8
		outer loop
			vertex -1.5667095184326172 33.45625686645508 104.47897338867188
			vertex -1.5667104721069336 28.22195816040039 103.24846649169922
			vertex -1.5667085647583008 38.14875793457031 103.2442626953125
		endloop
	endfacet
	facet normal 0 0 0
		outer loop
			vertex -1.5667104721069336 28.22195816040039 103.24846649169922
			vertex -1.5667104721069336 28.22195816040039 103.24846649169922
			vertex -1.5667085647583008 38.14875793457031 103.2442626953125
		endloop
	endfacet
	facet normal 0.9999999999999685 -1.9207247965187432e-7 1.626113914833242e-7
		outer loop
			vertex -1.5667085647583008 38.14875793457031 103.2442626953125
			vertex -1.5667104721069336 28.22195816040039 103.24846649169922
			vertex -1.566697597503662 38.20165252685547 35.86217498779297
		endloop
	endfacet
	facet normal 0.9999999999999685 -1.9199479143460795e-7 1.626228968599652e-7
		outer loop
			vertex -1.5667104721069336 28.22195816040039 103.24846649169922
			vertex -1.566699504852295 28.268451690673828 35.863563537597656
			vertex -1.566697597503662 38.20165252685547 35.86217498779297
		endloop
	endfacet
	facet normal 0 0 0
		outer loop
			vertex -1.566697597503662 38.20165252685547 35.86217498779297
			vertex -1.566699504852295 28.268451690673828 35.863563537597656
			vertex -1.566697597503662 38.20165252685547 35.86217498779297
		endloop
	endfacet
	facet normal 0.9999999999999563 -1.9198605155667994e-7 2.251449341869636e-7
		outer loop
			vertex -1.566699504852295 28.268451690673828 35.863563537597656
			vertex -1.5666980743408203 33.26889419555664 33.7738151550293
			vertex -1.566697597503662 38.20165252685547 35.86217498779297
		endloop
	endfacet
	facet normal 0.9999999999999913 -4.4183133966055164e-8 -1.239692661999535e-7
		outer loop
			vertex -1.566697597503662 38.20165252685547 35.86217498779297
			vertex -1.5666980743408203 33.26889419555664 33.7738151550293
			vertex -1.5666980743408203 34.040687561035156 33.49874496459961
		endloop
	endfacet
	facet normal 1 0 0
		outer loop
			vertex -1.5666980743408203 33.26889419555664 33.7738151550293
			vertex -1.5666980743408203 33.15631103515625 33.55008316040039
			vertex -1.5666980743408203 34.040687561035156 33.49874496459961
		endloop
	endfacet
	facet normal 0 0 0
		outer loop
			vertex -1.5666980743408203 34.040687561035156 33.49874496459961
			vertex -1.5666980743408203 33.15631103515625 33.55008316040039
			vertex -1.5666980743408203 34.040687561035156 33.49874496459961
		endloop
	endfacet
	facet normal 1 0 0
		outer loop
			vertex -1.5666980743408203 33.15631103515625 33.55008316040039
			vertex -1.5666980743408203 33.806793212890625 33.296504974365234
			vertex -1.5666980743408203 34.040687561035156 33.49874496459961
		endloop
	endfacet
	facet normal 0 0 0
		outer loop
			vertex -1.5666980743408203 34.040687561035156 33.49874496459961
			vertex -1.5666980743408203 33.806793212890625 33.296504974365234
			vertex -1.5666980743408203 34.040687561035156 33.49874496459961
		endloop
	endfacet
	facet normal 0.9999999999998845 -3.1437312937043953e-7 3.635784301761568e-7
		outer loop
			vertex -1.5666980743408203 33.806793212890625 33.296504974365234
			vertex -1.566697597503662 34.585601806640625 32.65840148925781
			vertex -1.5666980743408203 34.040687561035156 33.49874496459961
		endloop
	endfacet
	facet normal 0.9999999999998841 -3.192969362840262e-7 3.6038562555691116e-7
		outer loop
			vertex -1.5666980743408203 34.040687561035156 33.49874496459961
			vertex -1.566697597503662 34.585601806640625 32.65840148925781
			vertex -1.566697597503662 38.20165252685547 35.86217498779297
		endloop
	endfacet
	facet normal 0 0 0
		outer loop
			vertex -1.566697597503662 34.585601806640625 32.65840148925781
			vertex -1.566697597503662 38.20165252685547 35.86217498779297
			vertex -1.566697597503662 38.20165252685547 35.86217498779297
		endloop
	endfacet
	facet normal 0 0 0
		outer loop
			vertex -1.566697597503662 38.20165252685547 35.86217498779297
			vertex -1.566697597503662 38.20165252685547 35.86217498779297
			vertex -1.5667104721069336 28.22195816040039 103.24846649169922
		endloop
	endfacet
	facet normal 0 0 0
		outer loop
			vertex -1.566697597503662 38.20165252685547 35.86217498779297
			vertex -1.5667104721069336 28.22195816040039 103.24846649169922
			vertex -1.5667104721069336 28.22195816040039 103.24846649169922
		endloop
	endfacet
	facet normal 0 0 0
		outer loop
			vertex -1.5667104721069336 28.22195816040039 103.24846649169922
			vertex -1.5667104721069336 28.22195816040039 103.24846649169922
			vertex -1.566699504852295 28.268451690673828 35.863563537597656
		endloop
	endfacet
	facet normal 0.9999999999999737 -1.6188344189031366e-7 1.6264367277386125e-7
		outer loop
			vertex -1.5667104721069336 28.22195816040039 103.24846649169922
			vertex -1.5667104721069336 -39.46994400024414 35.87297058105469
			vertex -1.566699504852295 28.268451690673828 35.863563537597656
		endloop
	endfacet
	facet normal 0 0 0
		outer loop
			vertex -1.566699504852295 28.268451690673828 35.863563537597656
			vertex -1.5667104721069336 -39.46994400024414 35.87297058105469
			vertex -1.5667104721069336 -39.46994400024414 35.87297058105469
		endloop
	endfacet
	facet normal 0 0 0
		outer loop
			vertex -1.5667104721069336 -39.46994400024414 35.87297058105469
			vertex -1.5666980743408203 33.15631103515625 33.55008316040039
			vertex -1.5667104721069336 -39.46994400024414 35.87297058105469
		endloop
	endfacet
	facet normal 0 0 0
		outer loop
			vertex -1.5667104721069336 -39.46994400024414 35.87297058105469
			vertex -1.5666980743408203 33.15631103515625 33.55008316040039
			vertex -1.5666980743408203 33.15631103515625 33.55008316040039
		endloop
	endfacet
	facet normal 0 0 0
		outer loop
			vertex -1.5666980743408203 33.15631103515625 33.55008316040039
			vertex -1.5666980743408203 33.26889419555664 33.7738151550293
			vertex -1.5666980743408203 33.15631103515625 33.55008316040039
		endloop
	endfacet
	facet normal 0.9999999999998879 -4.2317931698637036e-7 2.129461412143009e-7
		outer loop
			vertex -1.5666980743408203 33.15631103515625 33.55008316040039
			vertex -1.5666980743408203 33.26889419555664 33.7738151550293
			vertex -1.5666983127593994 32.58873748779297 33.541786193847656
		endloop
	endfacet
	facet normal 0.9999999999995592 -3.0398962856024256e-8 -9.384282009322842e-7
		outer loop
			vertex -1.5666980743408203 33.26889419555664 33.7738151550293
			vertex -1.5666980743408203 32.57740020751953 33.79621505737305
			vertex -1.5666983127593994 32.58873748779297 33.541786193847656
		endloop
	endfacet
	facet normal 0.9999999999995444 -1.4588298215622683e-7 -9.435741371117116e-7
		outer loop
			vertex -1.5666983127593994 32.58873748779297 33.541786193847656
			vertex -1.5666980743408203 32.57740020751953 33.79621505737305
			vertex -1.5666985511779785 31.891796112060547 33.3968620300293
		endloop
	endfacet
	facet normal 0.9999999999993695 -4.1844022717691216e-8 -0.0000011221868726973358
		outer loop
			vertex -1.5666980743408203 32.57740020751953 33.79621505737305
			vertex -1.5666983127593994 31.768604278564453 33.613914489746094
			vertex -1.5666985511779785 31.891796112060547 33.3968620300293
		endloop
	endfacet
	facet normal 0.9999999999995429 5.061327207120704e-7 -8.111733056344721e-7
		outer loop
			vertex -1.5666985511779785 31.891796112060547 33.3968620300293
			vertex -1.5666983127593994 31.768604278564453 33.613914489746094
			vertex -1.5666985511779785 31.240612030029297 32.99055480957031
		endloop
	endfacet
	facet normal 0.9999999999999574 -1.7531716703587603e-7 -2.3397803629252633e-7
		outer loop
			vertex -1.5666983127593994 31.768604278564453 33.613914489746094
			vertex -1.5666985511779785 31.00454330444336 33.16743850708008
			vertex -1.5666985511779785 31.240612030029297 32.99055480957031
		endloop
	endfacet
	facet normal 1 0 0
		outer loop
			vertex -1.5666985511779785 31.240612030029297 32.99055480957031
			vertex -1.5666985511779785 31.00454330444336 33.16743850708008
			vertex -1.5666985511779785 30.823017120361328 32.42536163330078
		endloop
	endfacet
	facet normal 0.9999999999996604 -8.007305087574128e-7 1.9587398404228758e-7
		outer loop
			vertex -1.5666985511779785 31.00454330444336 33.16743850708008
			vertex -1.5666987895965576 30.546123504638672 32.51062774658203
			vertex -1.5666985511779785 30.823017120361328 32.42536163330078
		endloop
	endfacet
	facet normal 0.9999999999996332 -7.1633347878326e-7 4.69945334154231e-7
		outer loop
			vertex -1.5666985511779785 30.823017120361328 32.42536163330078
			vertex -1.5666987895965576 30.546123504638672 32.51062774658203
			vertex -1.5666983127593994 30.688737869262695 31.713348388671875
		endloop
	endfacet
	facet normal 0.9999999999987803 -0.0000015278221841053792 3.2478925434194834e-7
		outer loop
			vertex -1.5666987895965576 30.546123504638672 32.51062774658203
			vertex -1.5666987895965576 30.37472152709961 31.704345703125
			vertex -1.5666983127593994 30.688737869262695 31.713348388671875
		endloop
	endfacet
	facet normal 0.9999999999988303 -0.0000015226735431654242 1.4520313121441266e-7
		outer loop
			vertex -1.5666983127593994 30.688737869262695 31.713348388671875
			vertex -1.5666987895965576 30.37472152709961 31.704345703125
			vertex -1.5666980743408203 30.77793312072754 31.006729125976562
		endloop
	endfacet
	facet normal 0.999999999998415 -0.0000017804186464872964 -3.769552727974979e-9
		outer loop
			vertex -1.5666987895965576 30.37472152709961 31.704345703125
			vertex -1.5666985511779785 30.510334014892578 30.900955200195312
			vertex -1.5666980743408203 30.77793312072754 31.006729125976562
		endloop
	endfacet
	facet normal 0.9999999999985696 -0.000001416691642155511 -9.239681783191428e-7
		outer loop
			vertex -1.5666980743408203 30.77793312072754 31.006729125976562
			vertex -1.5666985511779785 30.510334014892578 30.900955200195312
			vertex -1.5666980743408203 31.170452117919922 30.404891967773438
		endloop
	endfacet
	facet normal 0.9999999999998255 -3.8646623740577886e-7 4.46966806227759e-7
		outer loop
			vertex -1.5666985511779785 30.510334014892578 30.900955200195312
			vertex -1.5666980743408203 30.94662857055664 30.21136474609375
			vertex -1.5666980743408203 31.170452117919922 30.404891967773438
		endloop
	endfacet
	facet normal 0.9999999999998798 -3.208159115360528e-7 3.7103904426134126e-7
		outer loop
			vertex -1.5666980743408203 31.170452117919922 30.404891967773438
			vertex -1.5666980743408203 30.94662857055664 30.21136474609375
			vertex -1.566697597503662 32.344390869140625 30.134788513183594
		endloop
	endfacet
	facet normal 0 0 0
		outer loop
			vertex -1.5666980743408203 30.94662857055664 30.21136474609375
			vertex -1.566697597503662 32.344390869140625 30.134788513183594
			vertex -1.566697597503662 32.344390869140625 30.134788513183594
		endloop
	endfacet
	facet normal 0 0 0
		outer loop
			vertex -1.566697597503662 32.344390869140625 30.134788513183594
			vertex -1.566697597503662 32.344390869140625 30.134788513183594
			vertex -1.5666980743408203 33.26889419555664 33.7738151550293
		endloop
	endfacet
	facet normal 0 0 0
		outer loop
			vertex -1.566697597503662 32.344390869140625 30.134788513183594
			vertex -1.5666980743408203 33.26889419555664 33.7738151550293
			vertex -1.5666980743408203 33.26889419555664 33.7738151550293
		endloop
	endfacet
	facet normal 0 0 0
		outer loop
			vertex -1.5666980743408203 33.26889419555664 33.7738151550293
			vertex -1.5666980743408203 33.26889419555664 33.7738151550293
			vertex -1.5666980743408203 32.57740020751953 33.79621505737305
		endloop
	endfacet
	facet normal 0.9999999999997246 2.403779399523455e-8 7.42056361599142e-7
		outer loop
			vertex -1.5666980743408203 33.26889419555664 33.7738151550293
			vertex -1.566699504852295 28.268451690673828 35.863563537597656
			vertex -1.5666980743408203 32.57740020751953 33.79621505737305
		endloop
	endfacet
	facet normal 0.9999999999999517 -3.066737429189348e-7 5.2758451681736396e-8
		outer loop
			vertex -1.5666980743408203 32.57740020751953 33.79621505737305
			vertex -1.566699504852295 28.268451690673828 35.863563537597656
			vertex -1.5666983127593994 31.768604278564453 33.613914489746094
		endloop
	endfacet
	facet normal 0 0 0
		outer loop
			vertex -1.566699504852295 28.268451690673828 35.863563537597656
			vertex -1.566699504852295 28.268451690673828 35.863563537597656
			vertex -1.5666983127593994 31.768604278564453 33.613914489746094
		endloop
	endfacet
	facet normal 0.9999999999999468 -3.256332167215533e-7 2.3260049982742124e-8
		outer loop
			vertex -1.5666983127593994 31.768604278564453 33.613914489746094
			vertex -1.566699504852295 28.268451690673828 35.863563537597656
			vertex -1.5666985511779785 31.00454330444336 33.16743850708008
		endloop
	endfacet
	facet normal 0 0 0
		outer loop
			vertex -1.566699504852295 28.268451690673828 35.863563537597656
			vertex -1.566699504852295 28.268451690673828 35.863563537597656
			vertex -1.5666985511779785 31.00454330444336 33.16743850708008
		endloop
	endfacet
	facet normal 0.99999999999991 -4.184531148062242e-7 -7.093578361763512e-8
		outer loop
			vertex -1.5666985511779785 31.00454330444336 33.16743850708008
			vertex -1.566699504852295 28.268451690673828 35.863563537597656
			vertex -1.5666987895965576 30.546123504638672 32.51062774658203
		endloop
	endfacet
	facet normal 0 0 0
		outer loop
			vertex -1.566699504852295 28.268451690673828 35.863563537597656
			vertex -1.566699504852295 28.268451690673828 35.863563537597656
			vertex -1.5666987895965576 30.546123504638672 32.51062774658203
		endloop
	endfacet
	facet normal 0.9999999999999701 -2.391800110483391e-7 5.084564044825452e-8
		outer loop
			vertex -1.5666987895965576 30.546123504638672 32.51062774658203
			vertex -1.566699504852295 28.268451690673828 35.863563537597656
			vertex -1.5666987895965576 30.37472152709961 31.704345703125
		endloop
	endfacet
	facet normal 0 0 0
		outer loop
			vertex -1.566699504852295 28.268451690673828 35.863563537597656
			vertex -1.566699504852295 28.268451690673828 35.863563537597656
			vertex -1.5666987895965576 30.37472152709961 31.704345703125
		endloop
	endfacet
	facet normal 0.9999999999998673 3.696476218001007e-7 3.5916209072470276e-7
		outer loop
			vertex -1.5666987895965576 30.37472152709961 31.704345703125
			vertex -1.566699504852295 28.268451690673828 35.863563537597656
			vertex -1.5666985511779785 30.510334014892578 30.900955200195312
		endloop
	endfacet
	facet normal 0.9999999999999838 -3.042440739296972e-8 1.7842761609323355e-7
		outer loop
			vertex -1.566699504852295 28.268451690673828 35.863563537597656
			vertex -1.566697597503662 28.27585220336914 25.175064086914062
			vertex -1.5666985511779785 30.510334014892578 30.900955200195312
		endloop
	endfacet
	facet normal 0.999999999999801 -5.131582145466732e-7 3.6681050542032514e-7
		outer loop
			vertex -1.5666985511779785 30.510334014892578 30.900955200195312
			vertex -1.566697597503662 28.27585220336914 25.175064086914062
			vertex -1.5666980743408203 30.94662857055664 30.21136474609375
		endloop
	endfacet
	facet normal 0.9999999999999064 -3.3594028545533024e-7 2.728309182413279e-7
		outer loop
			vertex -1.566697597503662 28.27585220336914 25.175064086914062
			vertex -1.566697597503662 32.13890075683594 29.931686401367188
			vertex -1.5666980743408203 30.94662857055664 30.21136474609375
		endloop
	endfacet
	facet normal 0.9999999999998944 -3.232270803337021e-7 3.270274663501721e-7
		outer loop
			vertex -1.5666980743408203 30.94662857055664 30.21136474609375
			vertex -1.566697597503662 32.13890075683594 29.931686401367188
			vertex -1.566697597503662 32.344390869140625 30.134788513183594
		endloop
	endfacet
	facet normal 1 0 0
		outer loop
			vertex -1.566697597503662 32.13890075683594 29.931686401367188
			vertex -1.566697597503662 32.243167877197266 29.27398681640625
			vertex -1.566697597503662 32.344390869140625 30.134788513183594
		endloop
	endfacet
	facet normal 1 0 0
		outer loop
			vertex -1.566697597503662 32.344390869140625 30.134788513183594
			vertex -1.566697597503662 32.243167877197266 29.27398681640625
			vertex -1.566697597503662 32.477195739746094 29.476341247558594
		endloop
	endfacet
	facet normal 0 0 0
		outer loop
			vertex -1.566697597503662 32.243167877197266 29.27398681640625
			vertex -1.566697597503662 32.243167877197266 29.27398681640625
			vertex -1.566697597503662 32.477195739746094 29.476341247558594
		endloop
	endfacet
	facet normal 1 0 0
		outer loop
			vertex -1.566697597503662 32.477195739746094 29.476341247558594
			vertex -1.566697597503662 32.243167877197266 29.27398681640625
			vertex -1.566697597503662 33.097721099853516 28.941162109375
		endloop
	endfacet
	facet normal 1 0 0
		outer loop
			vertex -1.566697597503662 32.243167877197266 29.27398681640625
			vertex -1.566697597503662 32.873329162597656 28.74713897705078
			vertex -1.566697597503662 33.097721099853516 28.941162109375
		endloop
	endfacet
	facet normal 0.9999999999999375 -2.3132623224496178e-7 2.6753377687360675e-7
		outer loop
			vertex -1.566697597503662 33.097721099853516 28.941162109375
			vertex -1.566697597503662 32.873329162597656 28.74713897705078
			vertex -1.566697359085083 33.78898239135742 28.64769744873047
		endloop
	endfacet
	facet normal 0.9999999999999623 -2.4744862691009243e-7 1.1907947433203275e-7
		outer loop
			vertex -1.566697597503662 32.873329162597656 28.74713897705078
			vertex -1.566697359085083 33.68150329589844 28.424354553222656
			vertex -1.566697359085083 33.78898239135742 28.64769744873047
		endloop
	endfacet
	facet normal 0.9999999999999198 -3.6099850666292133e-7 1.7372297815856748e-7
		outer loop
			vertex -1.566697359085083 33.78898239135742 28.64769744873047
			vertex -1.566697359085083 33.68150329589844 28.424354553222656
			vertex -1.566697120666504 34.4393424987793 28.626747131347656
		endloop
	endfacet
	facet normal 0.9999999999999516 -3.1090549600115667e-7 -1.384539821922473e-8
		outer loop
			vertex -1.566697359085083 33.68150329589844 28.424354553222656
			vertex -1.566697120666504 34.45083236694336 28.368736267089844
			vertex -1.566697120666504 34.4393424987793 28.626747131347656
		endloop
	endfacet
	facet normal 0.9999999999998174 -6.040336247628633e-7 -2.6899125876541254e-8
		outer loop
			vertex -1.566697120666504 34.4393424987793 28.626747131347656
			vertex -1.566697120666504 34.45083236694336 28.368736267089844
			vertex -1.5666966438293457 35.219825744628906 28.82746124267578
		endloop
	endfacet
	facet normal 0.9999999999998582 -4.6645839751646973e-7 -2.575262866299911e-7
		outer loop
			vertex -1.566697120666504 34.45083236694336 28.368736267089844
			vertex -1.5666966438293457 35.340232849121094 28.60936737060547
			vertex -1.5666966438293457 35.219825744628906 28.82746124267578
		endloop
	endfacet
	facet normal 0.9999999999996315 7.516727830133978e-7 4.1498985032944253e-7
		outer loop
			vertex -1.5666966438293457 35.219825744628906 28.82746124267578
			vertex -1.5666966438293457 35.340232849121094 28.60936737060547
			vertex -1.566697359085083 35.91307067871094 29.295333862304688
		endloop
	endfacet
	facet normal 0.9999999999993151 -1.4257186480513327e-7 0.0000011617568854211344
		outer loop
			vertex -1.5666966438293457 35.340232849121094 28.60936737060547
			vertex -1.566697120666504 36.148311614990234 29.118980407714844
			vertex -1.566697359085083 35.91307067871094 29.295333862304688
		endloop
	endfacet
	facet normal 0.9999999999995979 -8.786609263171891e-7 1.7987490064401392e-7
		outer loop
			vertex -1.566697359085083 35.91307067871094 29.295333862304688
			vertex -1.566697120666504 36.148311614990234 29.118980407714844
			vertex -1.566697120666504 36.30069351196289 29.86334228515625
		endloop
	endfacet
	facet normal 1 0 0
		outer loop
			vertex -1.566697120666504 36.148311614990234 29.118980407714844
			vertex -1.566697120666504 36.57727813720703 29.77704620361328
			vertex -1.566697120666504 36.30069351196289 29.86334228515625
		endloop
	endfacet
	facet normal 1 0 0
		outer loop
			vertex -1.566697120666504 36.30069351196289 29.86334228515625
			vertex -1.566697120666504 36.57727813720703 29.77704620361328
			vertex -1.566697120666504 36.42762756347656 30.557891845703125
		endloop
	endfacet
	facet normal 1 0 0
		outer loop
			vertex -1.566697120666504 36.57727813720703 29.77704620361328
			vertex -1.566697120666504 36.73955535888672 30.56684112548828
			vertex -1.566697120666504 36.42762756347656 30.557891845703125
		endloop
	endfacet
	facet normal 0.9999999999999476 -9.283702835218249e-9 3.235841350536216e-7
		outer loop
			vertex -1.566697120666504 36.42762756347656 30.557891845703125
			vertex -1.566697120666504 36.73955535888672 30.56684112548828
			vertex -1.566697359085083 36.36232376098633 31.292823791503906
		endloop
	endfacet
	facet normal 0.9999999999999573 -1.0973309365674124e-7 2.7138910894413304e-7
		outer loop
			vertex -1.566697120666504 36.73955535888672 30.56684112548828
			vertex -1.566697359085083 36.63031768798828 31.40118408203125
			vertex -1.566697359085083 36.36232376098633 31.292823791503906
		endloop
	endfacet
	facet normal 0.999999999999797 -2.3879202053426704e-7 5.905743793069725e-7
		outer loop
			vertex -1.566697359085083 36.36232376098633 31.292823791503906
			vertex -1.566697359085083 36.63031768798828 31.40118408203125
			vertex -1.5666978359222412 35.984642028808594 31.947525024414062
		endloop
	endfacet
	facet normal 0.9999999999995851 -8.925853124301754e-7 -1.8209042020655883e-7
		outer loop
			vertex -1.566697359085083 36.63031768798828 31.40118408203125
			vertex -1.566697597503662 36.21168518066406 32.14392852783203
			vertex -1.5666978359222412 35.984642028808594 31.947525024414062
		endloop
	endfacet
	facet normal 0.9999999999990337 1.4588154475031795e-7 -0.0000013825618183659446
		outer loop
			vertex -1.5666978359222412 35.984642028808594 31.947525024414062
			vertex -1.566697597503662 36.21168518066406 32.14392852783203
			vertex -1.566697120666504 35.25446701049805 32.387821197509766
		endloop
	endfacet
	facet normal 0.9999999999966908 0.0000010917125194316305 0.0000023295899083267895
		outer loop
			vertex -1.566697597503662 36.21168518066406 32.14392852783203
			vertex -1.5666978359222412 35.48468017578125 32.58696746826172
			vertex -1.566697120666504 35.25446701049805 32.387821197509766
		endloop
	endfacet
	facet normal 0.9999999999953468 5.042312788423096e-7 0.0000030087184475102575
		outer loop
			vertex -1.566697120666504 35.25446701049805 32.387821197509766
			vertex -1.5666978359222412 35.48468017578125 32.58696746826172
			vertex -1.566697597503662 34.585601806640625 32.65840148925781
		endloop
	endfacet
	facet normal 0 0 0
		outer loop
			vertex -1.5666978359222412 35.48468017578125 32.58696746826172
			vertex -1.5666978359222412 35.48468017578125 32.58696746826172
			vertex -1.566697597503662 34.585601806640625 32.65840148925781
		endloop
	endfacet
	facet normal 0.9999999999999327 2.433575525451046e-7 -2.7467399101490845e-7
		outer loop
			vertex -1.566697597503662 34.585601806640625 32.65840148925781
			vertex -1.5666978359222412 35.48468017578125 32.58696746826172
			vertex -1.566697597503662 38.20165252685547 35.86217498779297
		endloop
	endfacet
	facet normal 0.9999999999999607 -2.4729270270653485e-7 1.3234851660225703e-7
		outer loop
			vertex -1.5666978359222412 35.48468017578125 32.58696746826172
			vertex -1.566697597503662 36.21168518066406 32.14392852783203
			vertex -1.566697597503662 38.20165252685547 35.86217498779297
		endloop
	endfacet
	facet normal 0 0 0
		outer loop
			vertex -1.566697597503662 38.20165252685547 35.86217498779297
			vertex -1.566697597503662 36.21168518066406 32.14392852783203
			vertex -1.566697597503662 38.20165252685547 35.86217498779297
		endloop
	endfacet
	facet normal 0.9999999999999453 -2.9212889814013285e-7 1.5634438825871887e-7
		outer loop
			vertex -1.566697597503662 36.21168518066406 32.14392852783203
			vertex -1.566697359085083 36.63031768798828 31.40118408203125
			vertex -1.566697597503662 38.20165252685547 35.86217498779297
		endloop
	endfacet
	facet normal 0.9999999999999456 -2.909232012363462e-7 1.5591969482399628e-7
		outer loop
			vertex -1.566697597503662 38.20165252685547 35.86217498779297
			vertex -1.566697359085083 36.63031768798828 31.40118408203125
			vertex -1.5666959285736084 38.210052490234375 25.174068450927734
		endloop
	endfacet
	facet normal 0.9999999999998361 4.5644497724912264e-7 3.4551686815212114e-7
		outer loop
			vertex -1.566697359085083 36.63031768798828 31.40118408203125
			vertex -1.566697120666504 36.73955535888672 30.56684112548828
			vertex -1.5666959285736084 38.210052490234375 25.174068450927734
		endloop
	endfacet
	facet normal 0 0 0
		outer loop
			vertex -1.5666959285736084 38.210052490234375 25.174068450927734
			vertex -1.566697120666504 36.73955535888672 30.56684112548828
			vertex -1.5666959285736084 38.210052490234375 25.174068450927734
		endloop
	endfacet
	facet normal 0.9999999999998886 -4.623136883248989e-7 9.49904574060143e-8
		outer loop
			vertex -1.566697120666504 36.73955535888672 30.56684112548828
			vertex -1.566697120666504 36.57727813720703 29.77704620361328
			vertex -1.5666959285736084 38.210052490234375 25.174068450927734
		endloop
	endfacet
	facet normal 0 0 0
		outer loop
			vertex -1.5666959285736084 38.210052490234375 25.174068450927734
			vertex -1.566697120666504 36.57727813720703 29.77704620361328
			vertex -1.5666959285736084 38.210052490234375 25.174068450927734
		endloop
	endfacet
	facet normal 0.9999999999999528 -2.572897700256514e-7 1.6771681272262458e-7
		outer loop
			vertex -1.566697120666504 36.57727813720703 29.77704620361328
			vertex -1.566697120666504 36.148311614990234 29.118980407714844
			vertex -1.5666959285736084 38.210052490234375 25.174068450927734
		endloop
	endfacet
	facet normal 0 0 0
		outer loop
			vertex -1.5666959285736084 38.210052490234375 25.174068450927734
			vertex -1.566697120666504 36.148311614990234 29.118980407714844
			vertex -1.5666959285736084 38.210052490234375 25.174068450927734
		endloop
	endfacet
	facet normal 0.9999999999998496 3.004783877331785e-7 4.5922481654065203e-7
		outer loop
			vertex -1.566697120666504 36.148311614990234 29.118980407714844
			vertex -1.5666966438293457 35.340232849121094 28.60936737060547
			vertex -1.5666959285736084 38.210052490234375 25.174068450927734
		endloop
	endfacet
	facet normal 0 0 0
		outer loop
			vertex -1.5666959285736084 38.210052490234375 25.174068450927734
			vertex -1.5666966438293457 35.340232849121094 28.60936737060547
			vertex -1.5666959285736084 38.210052490234375 25.174068450927734
		endloop
	endfacet
	facet normal 0.9999999999998642 -4.832427905251091e-7 -1.954892223567427e-7
		outer loop
			vertex -1.5666966438293457 35.340232849121094 28.60936737060547
			vertex -1.566697120666504 34.45083236694336 28.368736267089844
			vertex -1.5666959285736084 38.210052490234375 25.174068450927734
		endloop
	endfacet
	facet normal 0 0 0
		outer loop
			vertex -1.5666959285736084 38.210052490234375 25.174068450927734
			vertex -1.566697120666504 34.45083236694336 28.368736267089844
			vertex -1.5666959285736084 38.210052490234375 25.174068450927734
		endloop
	endfacet
	facet normal 0.9999999999999523 -3.0923442299715913e-7 9.269392458500992e-9
		outer loop
			vertex -1.566697120666504 34.45083236694336 28.368736267089844
			vertex -1.566697359085083 33.68150329589844 28.424354553222656
			vertex -1.5666959285736084 38.210052490234375 25.174068450927734
		endloop
	endfacet
	facet normal 0.9999999999999648 -1.679777763496025e-7 2.0607904343622382e-7
		outer loop
			vertex -1.5666959285736084 38.210052490234375 25.174068450927734
			vertex -1.566697359085083 33.68150329589844 28.424354553222656
			vertex -1.566697597503662 28.27585220336914 25.175064086914062
		endloop
	endfacet
	facet normal 0.9999999999999496 -1.9484734927399305e-7 2.507803521497971e-7
		outer loop
			vertex -1.566697359085083 33.68150329589844 28.424354553222656
			vertex -1.566697597503662 32.873329162597656 28.74713897705078
			vertex -1.566697597503662 28.27585220336914 25.175064086914062
		endloop
	endfacet
	facet normal 0 0 0
		outer loop
			vertex -1.566697597503662 28.27585220336914 25.175064086914062
			vertex -1.566697597503662 32.873329162597656 28.74713897705078
			vertex -1.566697597503662 28.27585220336914 25.175064086914062
		endloop
	endfacet
	facet normal 1 0 0
		outer loop
			vertex -1.566697597503662 32.873329162597656 28.74713897705078
			vertex -1.566697597503662 32.243167877197266 29.27398681640625
			vertex -1.566697597503662 28.27585220336914 25.175064086914062
		endloop
	endfacet
	facet normal 1 0 0
		outer loop
			vertex -1.566697597503662 28.27585220336914 25.175064086914062
			vertex -1.566697597503662 32.243167877197266 29.27398681640625
			vertex -1.566697597503662 32.13890075683594 29.931686401367188
		endloop
	endfacet
	facet normal 0 0 0
		outer loop
			vertex -1.566697597503662 32.243167877197266 29.27398681640625
			vertex -1.566697597503662 32.13890075683594 29.931686401367188
			vertex -1.566697597503662 32.13890075683594 29.931686401367188
		endloop
	endfacet
	facet normal 0 0 0
		outer loop
			vertex -1.566697597503662 32.13890075683594 29.931686401367188
			vertex -1.566697597503662 32.13890075683594 29.931686401367188
			vertex -1.566697120666504 35.25446701049805 32.387821197509766
		endloop
	endfacet
	facet normal 0 0 0
		outer loop
			vertex -1.566697597503662 32.13890075683594 29.931686401367188
			vertex -1.566697120666504 35.25446701049805 32.387821197509766
			vertex -1.566697120666504 35.25446701049805 32.387821197509766
		endloop
	endfacet
	facet normal 0 0 0
		outer loop
			vertex -1.566697120666504 35.25446701049805 32.387821197509766
			vertex -1.566697120666504 35.25446701049805 32.387821197509766
			vertex -1.566697597503662 34.28467559814453 32.464698791503906
		endloop
	endfacet
	facet normal 0.999999999999673 -4.3777680577928354e-7 6.801067608157975e-7
		outer loop
			vertex -1.566697120666504 35.25446701049805 32.387821197509766
			vertex -1.566697597503662 34.585601806640625 32.65840148925781
			vertex -1.566697597503662 34.28467559814453 32.464698791503906
		endloop
	endfacet
	facet normal 0.9999999999998763 -2.6937940031894304e-7 4.184935084792655e-7
		outer loop
			vertex -1.566697597503662 34.28467559814453 32.464698791503906
			vertex -1.566697597503662 34.585601806640625 32.65840148925781
			vertex -1.5666980743408203 33.806793212890625 33.296504974365234
		endloop
	endfacet
	facet normal 0 0 0
		outer loop
			vertex -1.566697597503662 34.585601806640625 32.65840148925781
			vertex -1.5666980743408203 33.806793212890625 33.296504974365234
			vertex -1.5666980743408203 33.806793212890625 33.296504974365234
		endloop
	endfacet
	facet normal 0 0 0
		outer loop
			vertex -1.5666980743408203 33.806793212890625 33.296504974365234
			vertex -1.5666980743408203 33.806793212890625 33.296504974365234
			vertex -1.566697597503662 28.27585220336914 25.175064086914062
		endloop
	endfacet
	facet normal 0 0 0
		outer loop
			vertex -1.5666980743408203 33.806793212890625 33.296504974365234
			vertex -1.566697597503662 28.27585220336914 25.175064086914062
			vertex -1.566697597503662 28.27585220336914 25.175064086914062
		endloop
	endfacet
	facet normal 0 0 0
		outer loop
			vertex -1.566697597503662 28.27585220336914 25.175064086914062
			vertex -1.566697597503662 28.27585220336914 25.175064086914062
			vertex -1.5666959285736084 38.210052490234375 25.174068450927734
		endloop
	endfacet
	facet normal 0.9999999999999798 -1.6798733679303296e-7 1.1068739312590852e-7
		outer loop
			vertex -1.566697597503662 28.27585220336914 25.175064086914062
			vertex -1.5666940212249756 26.05419921875 -10.506400108337402
			vertex -1.5666959285736084 38.210052490234375 25.174068450927734
		endloop
	endfacet
	facet normal 0.9999999999999786 -1.7432390320918496e-7 1.1284617563942334e-7
		outer loop
			vertex -1.5666959285736084 38.210052490234375 25.174068450927734
			vertex -1.5666940212249756 26.05419921875 -10.506400108337402
			vertex -1.5666923522949219 35.62779998779297 -10.506600379943848
		endloop
	endfacet
	facet normal 0.9999999999999692 -1.743225744426863e-7 1.7636531439163599e-7
		outer loop
			vertex -1.5666940212249756 26.05419921875 -10.506400108337402
			vertex -1.5666906833648682 35.626399993896484 -19.97089958190918
			vertex -1.5666923522949219 35.62779998779297 -10.506600379943848
		endloop
	endfacet
	facet normal 0.9999999999999715 -1.6127169325944523e-7 1.7636338385736118e-7
		outer loop
			vertex -1.5666923522949219 35.62779998779297 -10.506600379943848
			vertex -1.5666906833648682 35.626399993896484 -19.97089958190918
			vertex -1.566680669784546 108.06620025634766 -10.508000373840332
		endloop
	endfacet
	facet normal 0 0 0
		outer loop
			vertex -1.5666906833648682 35.626399993896484 -19.97089958190918
			vertex -1.566680669784546 108.06620025634766 -10.508000373840332
			vertex -1.566680669784546 108.06620025634766 -10.508000373840332
		endloop
	endfacet
	facet normal 0 0 0
		outer loop
			vertex -1.566680669784546 108.06620025634766 -10.508000373840332
			vertex -1.566680669784546 108.06620025634766 -10.508000373840332
			vertex -1.566699504852295 28.268451690673828 35.863563537597656
		endloop
	endfacet
	facet normal 0 0 0
		outer loop
			vertex -1.566680669784546 108.06620025634766 -10.508000373840332
			vertex -1.566699504852295 28.268451690673828 35.863563537597656
			vertex -1.566699504852295 28.268451690673828 35.863563537597656
		endloop
	endfacet
	facet normal 0 0 0
		outer loop
			vertex -1.566699504852295 28.268451690673828 35.863563537597656
			vertex -1.566699504852295 28.268451690673828 35.863563537597656
			vertex -1.566697597503662 28.27585220336914 25.175064086914062
		endloop
	endfacet
	facet normal 0.9999999999999711 -1.6187241966801115e-7 1.7833660400232898e-7
		outer loop
			vertex -1.566699504852295 28.268451690673828 35.863563537597656
			vertex -1.5667085647583008 -39.469547271728516 25.181472778320312
			vertex -1.566697597503662 28.27585220336914 25.175064086914062
		endloop
	endfacet
	facet normal 0 0 0
		outer loop
			vertex -1.566697597503662 28.27585220336914 25.175064086914062
			vertex -1.5667085647583008 -39.469547271728516 25.181472778320312
			vertex -1.566697597503662 28.27585220336914 25.175064086914062
		endloop
	endfacet
	facet normal 0.9999999999999807 -1.6187864782212839e-7 1.1249963950918134e-7
		outer loop
			vertex -1.5667085647583008 -39.469547271728516 25.181472778320312
			vertex -1.566704511642456 -39.232398986816406 -10.50510025024414
			vertex -1.566697597503662 28.27585220336914 25.175064086914062
		endloop
	endfacet
	facet normal 0.999999999999981 -1.6068036139538142e-7 1.1023243523483387e-7
		outer loop
			vertex -1.566697597503662 28.27585220336914 25.175064086914062
			vertex -1.566704511642456 -39.232398986816406 -10.50510025024414
			vertex -1.5666940212249756 26.05419921875 -10.506400108337402
		endloop
	endfacet
	facet normal 0.9999999999999716 -1.6067904498178615e-7 1.763505490608037e-7
		outer loop
			vertex -1.566704511642456 -39.232398986816406 -10.50510025024414
			vertex -1.5666923522949219 26.05299949645996 -19.971200942993164
			vertex -1.5666940212249756 26.05419921875 -10.506400108337402
		endloop
	endfacet
	facet normal 0.9999999999999692 -1.7433546208289145e-7 1.7635228009648854e-7
		outer loop
			vertex -1.5666940212249756 26.05419921875 -10.506400108337402
			vertex -1.5666923522949219 26.05299949645996 -19.971200942993164
			vertex -1.5666906833648682 35.626399993896484 -19.97089958190918
		endloop
	endfacet
	facet normal 0 0 0
		outer loop
			vertex -1.5666923522949219 26.05299949645996 -19.971200942993164
			vertex -1.5666906833648682 35.626399993896484 -19.97089958190918
			vertex -1.5666906833648682 35.626399993896484 -19.97089958190918
		endloop
	endfacet
	facet normal 0 0 0
		outer loop
			vertex -1.5666906833648682 35.626399993896484 -19.97089958190918
			vertex -1.5666906833648682 35.626399993896484 -19.97089958190918
			vertex -1.566699504852295 28.268451690673828 35.863563537597656
		endloop
	endfacet
	facet normal 0 0 0
		outer loop
			vertex -1.5666906833648682 35.626399993896484 -19.97089958190918
			vertex -1.566699504852295 28.268451690673828 35.863563537597656
			vertex -1.566699504852295 28.268451690673828 35.863563537597656
		endloop
	endfacet
	facet normal 0 0 0
		outer loop
			vertex -1.566699504852295 28.268451690673828 35.863563537597656
			vertex -1.566699504852295 28.268451690673828 35.863563537597656
			vertex -1.5667085647583008 -39.469547271728516 25.181472778320312
		endloop
	endfacet
	facet normal 0.9999999999999711 -1.6188125478325284e-7 1.783926298347772e-7
		outer loop
			vertex -1.566699504852295 28.268451690673828 35.863563537597656
			vertex -1.5667104721069336 -39.46994400024414 35.87297058105469
			vertex -1.5667085647583008 -39.469547271728516 25.181472778320312
		endloop
	endfacet
	facet normal 0.9999999999999366 -3.0825714362885774e-7 1.7838719827689427e-7
		outer loop
			vertex -1.5667085647583008 -39.469547271728516 25.181472778320312
			vertex -1.5667104721069336 -39.46994400024414 35.87297058105469
			vertex -1.5667102336883545 -40.751529693603516 32.32183837890625
		endloop
	endfacet
	facet normal 0.9999999999996557 7.999189383988061e-7 -2.2154795806297123e-7
		outer loop
			vertex -1.5667104721069336 -39.46994400024414 35.87297058105469
			vertex -1.5667097568511963 -41.140377044677734 33.070167541503906
			vertex -1.5667102336883545 -40.751529693603516 32.32183837890625
		endloop
	endfacet
	facet normal 0.9999999999986661 -0.0000010990396933973856 -0.000001208286242068626
		outer loop
			vertex -1.5667102336883545 -40.751529693603516 32.32183837890625
			vertex -1.5667097568511963 -41.140377044677734 33.070167541503906
			vertex -1.5667102336883545 -41.37832260131836 32.89196014404297
		endloop
	endfacet
	facet normal 0 0 0
		outer loop
			vertex -1.5667097568511963 -41.140377044677734 33.070167541503906
			vertex -1.5667097568511963 -41.140377044677734 33.070167541503906
			vertex -1.5667102336883545 -41.37832260131836 32.89196014404297
		endloop
	endfacet
	facet normal 0.9999999999986962 -0.0000011716696270053691 -0.0000011113095159206722
		outer loop
			vertex -1.5667102336883545 -41.37832260131836 32.89196014404297
			vertex -1.5667097568511963 -41.140377044677734 33.070167541503906
			vertex -1.5667104721069336 -42.03071975708008 33.36525344848633
		endloop
	endfacet
	facet normal 0.9999999999996992 -6.789223622258244e-7 3.754234180228897e-7
		outer loop
			vertex -1.5667097568511963 -41.140377044677734 33.070167541503906
			vertex -1.5667104721069336 -41.91017532348633 33.583248138427734
			vertex -1.5667104721069336 -42.03071975708008 33.36525344848633
		endloop
	endfacet
	facet normal 1 0 0
		outer loop
			vertex -1.5667104721069336 -42.03071975708008 33.36525344848633
			vertex -1.5667104721069336 -41.91017532348633 33.583248138427734
			vertex -1.5667104721069336 -42.7899055480957 33.55076217651367
		endloop
	endfacet
	facet normal 1 0 0
		outer loop
			vertex -1.5667104721069336 -41.91017532348633 33.583248138427734
			vertex -1.5667104721069336 -42.778385162353516 33.80929183959961
			vertex -1.5667104721069336 -42.7899055480957 33.55076217651367
		endloop
	endfacet
	facet normal 1 0 0
		outer loop
			vertex -1.5667104721069336 -42.7899055480957 33.55076217651367
			vertex -1.5667104721069336 -42.778385162353516 33.80929183959961
			vertex -1.5667104721069336 -43.48472595214844 33.50918960571289
		endloop
	endfacet
	facet normal 0.9999999999995346 -3.7732582676501147e-7 8.880994287694143e-7
		outer loop
			vertex -1.5667104721069336 -42.778385162353516 33.80929183959961
			vertex -1.5667107105255127 -43.590843200683594 33.73256301879883
			vertex -1.5667104721069336 -43.48472595214844 33.50918960571289
		endloop
	endfacet
	facet normal 0.9999999999995353 -3.9782167894231955e-7 8.783625339017951e-7
		outer loop
			vertex -1.5667104721069336 -43.48472595214844 33.50918960571289
			vertex -1.5667107105255127 -43.590843200683594 33.73256301879883
			vertex -1.5667104721069336 -44.19610595703125 33.18699645996094
		endloop
	endfacet
	facet normal 0.9999999999986517 -8.645163677656263e-7 0.0000013961232161758155
		outer loop
			vertex -1.5667107105255127 -43.590843200683594 33.73256301879883
			vertex -1.5667109489440918 -44.42626953125 33.386016845703125
			vertex -1.5667104721069336 -44.19610595703125 33.18699645996094
		endloop
	endfacet
	facet normal 0.999999999998759 -0.0000012912924858705425 9.025641449888795e-7
		outer loop
			vertex -1.5667104721069336 -44.19610595703125 33.18699645996094
			vertex -1.5667109489440918 -44.42626953125 33.386016845703125
			vertex -1.5667107105255127 -44.778099060058594 32.618499755859375
		endloop
	endfacet
	facet normal 0.9999999999997548 -4.649836173441307e-7 5.237844882089157e-7
		outer loop
			vertex -1.5667109489440918 -44.42626953125 33.386016845703125
			vertex -1.5667109489440918 -45.03784942626953 32.84309387207031
			vertex -1.5667107105255127 -44.778099060058594 32.618499755859375
		endloop
	endfacet
	facet normal 0.999999999999705 -7.403646004444714e-7 2.0529746631083318e-7
		outer loop
			vertex -1.5667107105255127 -44.778099060058594 32.618499755859375
			vertex -1.5667109489440918 -45.03784942626953 32.84309387207031
			vertex -1.5667107105255127 -44.87495422363281 32.26921081542969
		endloop
	endfacet
	facet normal 0 0 0
		outer loop
			vertex -1.5667109489440918 -45.03784942626953 32.84309387207031
			vertex -1.5667109489440918 -45.03784942626953 32.84309387207031
			vertex -1.5667107105255127 -44.87495422363281 32.26921081542969
		endloop
	endfacet
	facet normal 0.9999999999997845 -6.103994700544292e-7 2.42187728195442e-7
		outer loop
			vertex -1.5667107105255127 -44.87495422363281 32.26921081542969
			vertex -1.5667109489440918 -45.03784942626953 32.84309387207031
			vertex -1.5667109489440918 -45.19525909423828 32.44636535644531
		endloop
	endfacet
	facet normal 0 0 0
		outer loop
			vertex -1.5667109489440918 -45.03784942626953 32.84309387207031
			vertex -1.5667109489440918 -45.03784942626953 32.84309387207031
			vertex -1.5667109489440918 -45.19525909423828 32.44636535644531
		endloop
	endfacet
	facet normal 0.9999999999999692 -2.3100324513756097e-7 9.165497987842612e-8
		outer loop
			vertex -1.5667109489440918 -45.19525909423828 32.44636535644531
			vertex -1.5667109489440918 -45.03784942626953 32.84309387207031
			vertex -1.5667119026184082 -47.964447021484375 35.8720703125
		endloop
	endfacet
	facet normal 0.9999999999999744 -1.5045475135115247e-7 1.6948094942609445e-7
		outer loop
			vertex -1.5667109489440918 -45.03784942626953 32.84309387207031
			vertex -1.5667109489440918 -44.42626953125 33.386016845703125
			vertex -1.5667119026184082 -47.964447021484375 35.8720703125
		endloop
	endfacet
	facet normal 0 0 0
		outer loop
			vertex -1.5667119026184082 -47.964447021484375 35.8720703125
			vertex -1.5667109489440918 -44.42626953125 33.386016845703125
			vertex -1.5667119026184082 -47.964447021484375 35.8720703125
		endloop
	endfacet
	facet normal 0.9999999999999609 -2.7950280274918474e-7 -1.4181597141511452e-8
		outer loop
			vertex -1.5667109489440918 -44.42626953125 33.386016845703125
			vertex -1.5667107105255127 -43.590843200683594 33.73256301879883
			vertex -1.5667119026184082 -47.964447021484375 35.8720703125
		endloop
	endfacet
	facet normal 0.9999999999999633 -1.6842693692570813e-7 2.1288088242775308e-7
		outer loop
			vertex -1.5667119026184082 -47.964447021484375 35.8720703125
			vertex -1.5667107105255127 -43.590843200683594 33.73256301879883
			vertex -1.5667104721069336 -39.46994400024414 35.87297058105469
		endloop
	endfacet
	facet normal 0.9999999999997866 -3.4581072112420385e-7 5.543956048407773e-7
		outer loop
			vertex -1.5667107105255127 -43.590843200683594 33.73256301879883
			vertex -1.5667104721069336 -42.778385162353516 33.80929183959961
			vertex -1.5667104721069336 -39.46994400024414 35.87297058105469
		endloop
	endfacet
	facet normal 0 0 0
		outer loop
			vertex -1.5667104721069336 -39.46994400024414 35.87297058105469
			vertex -1.5667104721069336 -42.778385162353516 33.80929183959961
			vertex -1.5667104721069336 -39.46994400024414 35.87297058105469
		endloop
	endfacet
	facet normal 1 0 0
		outer loop
			vertex -1.5667104721069336 -42.778385162353516 33.80929183959961
			vertex -1.5667104721069336 -41.91017532348633 33.583248138427734
			vertex -1.5667104721069336 -39.46994400024414 35.87297058105469
		endloop
	endfacet
	facet normal 0.9999999999996849 -5.432576992366958e-7 5.789673148108503e-7
		outer loop
			vertex -1.5667104721069336 -39.46994400024414 35.87297058105469
			vertex -1.5667104721069336 -41.91017532348633 33.583248138427734
			vertex -1.5667097568511963 -41.140377044677734 33.070167541503906
		endloop
	endfacet
	facet normal 0 0 0
		outer loop
			vertex -1.5667104721069336 -41.91017532348633 33.583248138427734
			vertex -1.5667097568511963 -41.140377044677734 33.070167541503906
			vertex -1.5667097568511963 -41.140377044677734 33.070167541503906
		endloop
	endfacet
	facet normal 0 0 0
		outer loop
			vertex -1.5667097568511963 -41.140377044677734 33.070167541503906
			vertex -1.5667097568511963 -41.140377044677734 33.070167541503906
			vertex -1.5667107105255127 -44.87495422363281 32.26921081542969
		endloop
	endfacet
	facet normal 0 0 0
		outer loop
			vertex -1.5667097568511963 -41.140377044677734 33.070167541503906
			vertex -1.5667107105255127 -44.87495422363281 32.26921081542969
			vertex -1.5667107105255127 -44.87495422363281 32.26921081542969
		endloop
	endfacet
	facet normal 0 0 0
		outer loop
			vertex -1.5667107105255127 -44.87495422363281 32.26921081542969
			vertex -1.5667107105255127 -44.87495422363281 32.26921081542969
			vertex -1.5667107105255127 -45.43403625488281 32.15141296386719
		endloop
	endfacet
	facet normal 0.9999999999995041 -2.053384490027134e-7 9.745596854222043e-7
		outer loop
			vertex -1.5667107105255127 -44.87495422363281 32.26921081542969
			vertex -1.5667109489440918 -45.19525909423828 32.44636535644531
			vertex -1.5667107105255127 -45.43403625488281 32.15141296386719
		endloop
	endfacet
	facet normal 0.9999999999995284 -1.8029978928969792e-7 9.54289769927184e-7
		outer loop
			vertex -1.5667107105255127 -45.43403625488281 32.15141296386719
			vertex -1.5667109489440918 -45.19525909423828 32.44636535644531
			vertex -1.5667109489440918 -45.67106628417969 32.356468200683594
		endloop
	endfacet
	facet normal 0.9999999999999699 -4.5628732371697544e-8 2.4150351305787297e-7
		outer loop
			vertex -1.5667109489440918 -45.19525909423828 32.44636535644531
			vertex -1.5667119026184082 -47.964447021484375 35.8720703125
			vertex -1.5667109489440918 -45.67106628417969 32.356468200683594
		endloop
	endfacet
	facet normal 0.9999999999999271 -3.8172315376417995e-7 2.2254449192998045e-8
		outer loop
			vertex -1.5667109489440918 -45.67106628417969 32.356468200683594
			vertex -1.5667119026184082 -47.964447021484375 35.8720703125
			vertex -1.566711187362671 -46.325157165527344 31.850364685058594
		endloop
	endfacet
	facet normal 0.9999999999990798 0.0000011848195821978993 6.607938784497753e-7
		outer loop
			vertex -1.5667119026184082 -47.964447021484375 35.8720703125
			vertex -1.5667102336883545 -46.689369201660156 31.0601806640625
			vertex -1.566711187362671 -46.325157165527344 31.850364685058594
		endloop
	endfacet
	facet normal 0.9999999999981254 0.0000019084175610611383 3.272727160095881e-7
		outer loop
			vertex -1.566711187362671 -46.325157165527344 31.850364685058594
			vertex -1.5667102336883545 -46.689369201660156 31.0601806640625
			vertex -1.5667107105255127 -46.4204216003418 30.948875427246094
		endloop
	endfacet
	facet normal 0 0 0
		outer loop
			vertex -1.5667102336883545 -46.689369201660156 31.0601806640625
			vertex -1.5667102336883545 -46.689369201660156 31.0601806640625
			vertex -1.5667107105255127 -46.4204216003418 30.948875427246094
		endloop
	endfacet
	facet normal 0.9999999999981237 0.0000019090939160476405 3.2890699716708917e-7
		outer loop
			vertex -1.5667107105255127 -46.4204216003418 30.948875427246094
			vertex -1.5667102336883545 -46.689369201660156 31.0601806640625
			vertex -1.5667104721069336 -46.418601989746094 30.21343231201172
		endloop
	endfacet
	facet normal 0.9999999999997129 7.568696060713902e-7 -3.954316061195105e-8
		outer loop
			vertex -1.5667102336883545 -46.689369201660156 31.0601806640625
			vertex -1.5667102336883545 -46.733131408691406 30.222557067871094
			vertex -1.5667104721069336 -46.418601989746094 30.21343231201172
		endloop
	endfacet
	facet normal 0.9999999999997075 7.543291653424187e-7 -1.271118976457406e-7
		outer loop
			vertex -1.5667104721069336 -46.418601989746094 30.21343231201172
			vertex -1.5667102336883545 -46.733131408691406 30.222557067871094
			vertex -1.5667107105255127 -46.215702056884766 29.54185676574707
		endloop
	endfacet
	facet normal 0.9999999999969137 0.000002264957351218041 0.0000010211810597700204
		outer loop
			vertex -1.5667102336883545 -46.733131408691406 30.222557067871094
			vertex -1.5667099952697754 -46.49456024169922 29.459938049316406
			vertex -1.5667107105255127 -46.215702056884766 29.54185676574707
		endloop
	endfacet
	facet normal 0.9999999999962516 0.0000020228836281750826 0.0000018452203262506904
		outer loop
			vertex -1.5667107105255127 -46.215702056884766 29.54185676574707
			vertex -1.5667099952697754 -46.49456024169922 29.459938049316406
			vertex -1.5667107105255127 -45.777687072753906 29.061668395996094
		endloop
	endfacet
	facet normal 0 0 0
		outer loop
			vertex -1.5667099952697754 -46.49456024169922 29.459938049316406
			vertex -1.5667099952697754 -46.49456024169922 29.459938049316406
			vertex -1.5667107105255127 -45.777687072753906 29.061668395996094
		endloop
	endfacet
	facet normal 0.9999999999995437 5.729350804008301e-7 -7.646426185842387e-7
		outer loop
			vertex -1.5667107105255127 -45.777687072753906 29.061668395996094
			vertex -1.5667099952697754 -46.49456024169922 29.459938049316406
			vertex -1.5667107105255127 -46.012367248535156 28.885826110839844
		endloop
	endfacet
	facet normal 0 0 0
		outer loop
			vertex -1.5667099952697754 -46.49456024169922 29.459938049316406
			vertex -1.5667099952697754 -46.49456024169922 29.459938049316406
			vertex -1.5667107105255127 -46.012367248535156 28.885826110839844
		endloop
	endfacet
	facet normal 0.9999999999993806 0.0000010525393659506364 -3.618260065532201e-7
		outer loop
			vertex -1.5667107105255127 -46.012367248535156 28.885826110839844
			vertex -1.5667099952697754 -46.49456024169922 29.459938049316406
			vertex -1.5667099952697754 -47.965553283691406 25.180870056152344
		endloop
	endfacet
	facet normal 0.9999999999998733 -4.7613936903688274e-7 1.636799648873799e-7
		outer loop
			vertex -1.5667099952697754 -46.49456024169922 29.459938049316406
			vertex -1.5667102336883545 -46.733131408691406 30.222557067871094
			vertex -1.5667099952697754 -47.965553283691406 25.180870056152344
		endloop
	endfacet
	facet normal 0 0 0
		outer loop
			vertex -1.5667099952697754 -47.965553283691406 25.180870056152344
			vertex -1.5667102336883545 -46.733131408691406 30.222557067871094
			vertex -1.5667099952697754 -47.965553283691406 25.180870056152344
		endloop
	endfacet
	facet normal 0.9999999999999697 2.460420561805463e-7 -1.2854632378941545e-8
		outer loop
			vertex -1.5667102336883545 -46.733131408691406 30.222557067871094
			vertex -1.5667102336883545 -46.689369201660156 31.0601806640625
			vertex -1.5667099952697754 -47.965553283691406 25.180870056152344
		endloop
	endfacet
	facet normal 0.9999999999997823 -6.353771029351438e-7 1.7846934682150517e-7
		outer loop
			vertex -1.5667099952697754 -47.965553283691406 25.180870056152344
			vertex -1.5667102336883545 -46.689369201660156 31.0601806640625
			vertex -1.5667119026184082 -47.964447021484375 35.8720703125
		endloop
	endfacet
	facet normal 0 0 0
		outer loop
			vertex -1.5667102336883545 -46.689369201660156 31.0601806640625
			vertex -1.5667119026184082 -47.964447021484375 35.8720703125
			vertex -1.5667119026184082 -47.964447021484375 35.8720703125
		endloop
	endfacet
	facet normal 0 0 0
		outer loop
			vertex -1.5667119026184082 -47.964447021484375 35.8720703125
			vertex -1.5667119026184082 -47.964447021484375 35.8720703125
			vertex -1.5667107105255127 -45.43403625488281 32.15141296386719
		endloop
	endfacet
	facet normal 0 0 0
		outer loop
			vertex -1.5667119026184082 -47.964447021484375 35.8720703125
			vertex -1.5667107105255127 -45.43403625488281 32.15141296386719
			vertex -1.5667107105255127 -45.43403625488281 32.15141296386719
		endloop
	endfacet
	facet normal 0 0 0
		outer loop
			vertex -1.5667107105255127 -45.43403625488281 32.15141296386719
			vertex -1.5667107105255127 -45.43403625488281 32.15141296386719
			vertex -1.5667113065719604 -46.09465026855469 31.65094757080078
		endloop
	endfacet
	facet normal 0.9999999999995463 -9.506272956149917e-7 6.384310673881968e-8
		outer loop
			vertex -1.5667107105255127 -45.43403625488281 32.15141296386719
			vertex -1.5667109489440918 -45.67106628417969 32.356468200683594
			vertex -1.5667113065719604 -46.09465026855469 31.65094757080078
		endloop
	endfacet
	facet normal 0 0 0
		outer loop
			vertex -1.5667113065719604 -46.09465026855469 31.65094757080078
			vertex -1.5667109489440918 -45.67106628417969 32.356468200683594
			vertex -1.5667113065719604 -46.09465026855469 31.65094757080078
		endloop
	endfacet
	facet normal 0.9999999999998541 5.1750857727159344e-8 -5.37969673865141e-7
		outer loop
			vertex -1.5667109489440918 -45.67106628417969 32.356468200683594
			vertex -1.566711187362671 -46.325157165527344 31.850364685058594
			vertex -1.5667113065719604 -46.09465026855469 31.65094757080078
		endloop
	endfacet
	facet normal 0.9999999999995068 8.931137442298673e-7 4.3456444848208307e-7
		outer loop
			vertex -1.5667113065719604 -46.09465026855469 31.65094757080078
			vertex -1.566711187362671 -46.325157165527344 31.850364685058594
			vertex -1.5667107105255127 -46.4204216003418 30.948875427246094
		endloop
	endfacet
	facet normal 0 0 0
		outer loop
			vertex -1.566711187362671 -46.325157165527344 31.850364685058594
			vertex -1.5667107105255127 -46.4204216003418 30.948875427246094
			vertex -1.5667107105255127 -46.4204216003418 30.948875427246094
		endloop
	endfacet
	facet normal 0 0 0
		outer loop
			vertex -1.5667107105255127 -46.4204216003418 30.948875427246094
			vertex -1.5667107105255127 -46.4204216003418 30.948875427246094
			vertex -1.5667107105255127 -45.777687072753906 29.061668395996094
		endloop
	endfacet
	facet normal 0 0 0
		outer loop
			vertex -1.5667107105255127 -46.4204216003418 30.948875427246094
			vertex -1.5667107105255127 -45.777687072753906 29.061668395996094
			vertex -1.5667107105255127 -45.777687072753906 29.061668395996094
		endloop
	endfacet
	facet normal 0 0 0
		outer loop
			vertex -1.5667107105255127 -45.777687072753906 29.061668395996094
			vertex -1.5667107105255127 -45.777687072753906 29.061668395996094
			vertex -1.5667102336883545 -45.20574951171875 28.714073181152344
		endloop
	endfacet
	facet normal 0.9999999999997055 -4.603385179582053e-7 6.143705663135367e-7
		outer loop
			vertex -1.5667107105255127 -45.777687072753906 29.061668395996094
			vertex -1.5667107105255127 -46.012367248535156 28.885826110839844
			vertex -1.5667102336883545 -45.20574951171875 28.714073181152344
		endloop
	endfacet
	facet normal 0.9999999999998157 -5.267407786195801e-7 3.025200417747589e-7
		outer loop
			vertex -1.5667102336883545 -45.20574951171875 28.714073181152344
			vertex -1.5667107105255127 -46.012367248535156 28.885826110839844
			vertex -1.5667102336883545 -45.33026123046875 28.497276306152344
		endloop
	endfacet
	facet normal 0.9999999999998042 -4.530464679112492e-7 4.318917007615168e-7
		outer loop
			vertex -1.5667107105255127 -46.012367248535156 28.885826110839844
			vertex -1.5667099952697754 -47.965553283691406 25.180870056152344
			vertex -1.5667102336883545 -45.33026123046875 28.497276306152344
		endloop
	endfacet
	facet normal 0.9999999999999151 -2.8486022194853315e-7 2.9824707340415657e-7
		outer loop
			vertex -1.5667102336883545 -45.33026123046875 28.497276306152344
			vertex -1.5667099952697754 -47.965553283691406 25.180870056152344
			vertex -1.5667099952697754 -44.629432678222656 28.36724853515625
		endloop
	endfacet
	facet normal 1 0 0
		outer loop
			vertex -1.5667099952697754 -47.965553283691406 25.180870056152344
			vertex -1.5667099952697754 -43.94004821777344 28.40021514892578
			vertex -1.5667099952697754 -44.629432678222656 28.36724853515625
		endloop
	endfacet
	facet normal 1 0 0
		outer loop
			vertex -1.5667099952697754 -44.629432678222656 28.36724853515625
			vertex -1.5667099952697754 -43.94004821777344 28.40021514892578
			vertex -1.5667099952697754 -44.051246643066406 28.62372589111328
		endloop
	endfacet
	facet normal 0 0 0
		outer loop
			vertex -1.5667099952697754 -43.94004821777344 28.40021514892578
			vertex -1.5667099952697754 -43.94004821777344 28.40021514892578
			vertex -1.5667099952697754 -44.051246643066406 28.62372589111328
		endloop
	endfacet
	facet normal 1 0 0
		outer loop
			vertex -1.5667099952697754 -44.051246643066406 28.62372589111328
			vertex -1.5667099952697754 -43.94004821777344 28.40021514892578
			vertex -1.5667099952697754 -43.42533874511719 28.89288330078125
		endloop
	endfacet
	facet normal 1 0 0
		outer loop
			vertex -1.5667099952697754 -43.94004821777344 28.40021514892578
			vertex -1.5667099952697754 -43.19877243041992 28.696983337402344
			vertex -1.5667099952697754 -43.42533874511719 28.89288330078125
		endloop
	endfacet
	facet normal 0.9999999999999893 9.617642659393239e-8 1.1123196838987082e-7
		outer loop
			vertex -1.5667099952697754 -43.42533874511719 28.89288330078125
			vertex -1.5667099952697754 -43.19877243041992 28.696983337402344
			vertex -1.566710114479065 -42.8315544128418 29.451187133789062
		endloop
	endfacet
	facet normal 0.9999999999999257 -2.5998876103643914e-7 2.846469985959711e-7
		outer loop
			vertex -1.5667099952697754 -43.19877243041992 28.696983337402344
			vertex -1.5667099952697754 -42.596012115478516 29.247528076171875
			vertex -1.566710114479065 -42.8315544128418 29.451187133789062
		endloop
	endfacet
	facet normal 0.9999999999999155 -3.87666510067741e-7 1.3698103823620708e-7
		outer loop
			vertex -1.566710114479065 -42.8315544128418 29.451187133789062
			vertex -1.5667099952697754 -42.596012115478516 29.247528076171875
			vertex -1.5667099952697754 -42.411075592041016 29.770912170410156
		endloop
	endfacet
	facet normal 0 0 0
		outer loop
			vertex -1.5667099952697754 -42.596012115478516 29.247528076171875
			vertex -1.5667099952697754 -42.596012115478516 29.247528076171875
			vertex -1.5667099952697754 -42.411075592041016 29.770912170410156
		endloop
	endfacet
	facet normal 0.9999999999999447 -3.134889531141823e-7 1.1077057511534496e-7
		outer loop
			vertex -1.5667099952697754 -42.411075592041016 29.770912170410156
			vertex -1.5667099952697754 -42.596012115478516 29.247528076171875
			vertex -1.5667085647583008 -39.469547271728516 25.181472778320312
		endloop
	endfacet
	facet normal 0.9999999999999608 -1.8876767866529807e-7 2.0667106127897167e-7
		outer loop
			vertex -1.5667099952697754 -42.596012115478516 29.247528076171875
			vertex -1.5667099952697754 -43.19877243041992 28.696983337402344
			vertex -1.5667085647583008 -39.469547271728516 25.181472778320312
		endloop
	endfacet
	facet normal 0 0 0
		outer loop
			vertex -1.5667085647583008 -39.469547271728516 25.181472778320312
			vertex -1.5667099952697754 -43.19877243041992 28.696983337402344
			vertex -1.5667085647583008 -39.469547271728516 25.181472778320312
		endloop
	endfacet
	facet normal 0.9999999999999528 -1.14346105440298e-7 2.8561686404524844e-7
		outer loop
			vertex -1.5667099952697754 -43.19877243041992 28.696983337402344
			vertex -1.5667099952697754 -43.94004821777344 28.40021514892578
			vertex -1.5667085647583008 -39.469547271728516 25.181472778320312
		endloop
	endfacet
	facet normal 0.9999999999999637 -1.683895208462418e-7 2.1055613787277506e-7
		outer loop
			vertex -1.5667085647583008 -39.469547271728516 25.181472778320312
			vertex -1.5667099952697754 -43.94004821777344 28.40021514892578
			vertex -1.5667099952697754 -47.965553283691406 25.180870056152344
		endloop
	endfacet
	facet normal 0 0 0
		outer loop
			vertex -1.5667099952697754 -43.94004821777344 28.40021514892578
			vertex -1.5667099952697754 -47.965553283691406 25.180870056152344
			vertex -1.5667099952697754 -47.965553283691406 25.180870056152344
		endloop
	endfacet
	facet normal 0 0 0
		outer loop
			vertex -1.5667099952697754 -47.965553283691406 25.180870056152344
			vertex -1.5667099952697754 -47.965553283691406 25.180870056152344
			vertex -1.5667102336883545 -45.20574951171875 28.714073181152344
		endloop
	endfacet
	facet normal 0 0 0
		outer loop
			vertex -1.5667099952697754 -47.965553283691406 25.180870056152344
			vertex -1.5667102336883545 -45.20574951171875 28.714073181152344
			vertex -1.5667102336883545 -45.20574951171875 28.714073181152344
		endloop
	endfacet
	facet normal 0 0 0
		outer loop
			vertex -1.5667102336883545 -45.20574951171875 28.714073181152344
			vertex -1.5667102336883545 -45.20574951171875 28.714073181152344
			vertex -1.5667099952697754 -44.61810302734375 28.621498107910156
		endloop
	endfacet
	facet normal 0.9999999999999081 -3.720554725458115e-7 2.1368050788104037e-7
		outer loop
			vertex -1.5667102336883545 -45.20574951171875 28.714073181152344
			vertex -1.5667102336883545 -45.33026123046875 28.497276306152344
			vertex -1.5667099952697754 -44.61810302734375 28.621498107910156
		endloop
	endfacet
	facet normal 0 0 0
		outer loop
			vertex -1.5667099952697754 -44.61810302734375 28.621498107910156
			vertex -1.5667102336883545 -45.33026123046875 28.497276306152344
			vertex -1.5667099952697754 -44.61810302734375 28.621498107910156
		endloop
	endfacet
	facet normal 0.9999999999999432 -3.374057559760921e-7 1.5035185225041164e-8
		outer loop
			vertex -1.5667102336883545 -45.33026123046875 28.497276306152344
			vertex -1.5667099952697754 -44.629432678222656 28.36724853515625
			vertex -1.5667099952697754 -44.61810302734375 28.621498107910156
		endloop
	endfacet
	facet normal 1 0 0
		outer loop
			vertex -1.5667099952697754 -44.61810302734375 28.621498107910156
			vertex -1.5667099952697754 -44.629432678222656 28.36724853515625
			vertex -1.5667099952697754 -44.051246643066406 28.62372589111328
		endloop
	endfacet
	facet normal 0 0 0
		outer loop
			vertex -1.5667099952697754 -44.629432678222656 28.36724853515625
			vertex -1.5667099952697754 -44.051246643066406 28.62372589111328
			vertex -1.5667099952697754 -44.051246643066406 28.62372589111328
		endloop
	endfacet
	facet normal 0 0 0
		outer loop
			vertex -1.5667099952697754 -44.051246643066406 28.62372589111328
			vertex -1.5667099952697754 -44.051246643066406 28.62372589111328
			vertex -1.566710114479065 -42.8315544128418 29.451187133789062
		endloop
	endfacet
	facet normal 0 0 0
		outer loop
			vertex -1.5667099952697754 -44.051246643066406 28.62372589111328
			vertex -1.566710114479065 -42.8315544128418 29.451187133789062
			vertex -1.566710114479065 -42.8315544128418 29.451187133789062
		endloop
	endfacet
	facet normal 0 0 0
		outer loop
			vertex -1.566710114479065 -42.8315544128418 29.451187133789062
			vertex -1.566710114479065 -42.8315544128418 29.451187133789062
			vertex -1.566710114479065 -42.68092727661133 29.947113037109375
		endloop
	endfacet
	facet normal 0.999999999999926 -3.6864783852018263e-7 1.1196908211907272e-7
		outer loop
			vertex -1.566710114479065 -42.8315544128418 29.451187133789062
			vertex -1.5667099952697754 -42.411075592041016 29.770912170410156
			vertex -1.566710114479065 -42.68092727661133 29.947113037109375
		endloop
	endfacet
	facet normal 0.9999999999999273 -2.591174262776851e-7 2.7971494403797974e-7
		outer loop
			vertex -1.566710114479065 -42.68092727661133 29.947113037109375
			vertex -1.5667099952697754 -42.411075592041016 29.770912170410156
			vertex -1.5667099952697754 -42.08419418334961 30.07372283935547
		endloop
	endfacet
	facet normal 1 0 0
		outer loop
			vertex -1.5667099952697754 -42.411075592041016 29.770912170410156
			vertex -1.5667099952697754 -41.859004974365234 29.879013061523438
			vertex -1.5667099952697754 -42.08419418334961 30.07372283935547
		endloop
	endfacet
	facet normal 1 0 0
		outer loop
			vertex -1.5667099952697754 -42.08419418334961 30.07372283935547
			vertex -1.5667099952697754 -41.859004974365234 29.879013061523438
			vertex -1.5667099952697754 -41.40790939331055 30.560691833496094
		endloop
	endfacet
	facet normal 0.9999999999986724 -0.0000013589584001854766 8.992800632280887e-7
		outer loop
			vertex -1.5667099952697754 -41.859004974365234 29.879013061523438
			vertex -1.5667095184326172 -41.18472671508789 30.367713928222656
			vertex -1.5667099952697754 -41.40790939331055 30.560691833496094
		endloop
	endfacet
	facet normal 0.9999999999982337 -0.0000018500928132405245 3.31273619600085e-7
		outer loop
			vertex -1.5667099952697754 -41.40790939331055 30.560691833496094
			vertex -1.5667095184326172 -41.18472671508789 30.367713928222656
			vertex -1.5667095184326172 -41.07740020751953 30.96710968017578
		endloop
	endfacet
	facet normal 0.999999999996772 0.0000025011159808533468 -4.47844420608096e-7
		outer loop
			vertex -1.5667095184326172 -41.18472671508789 30.367713928222656
			vertex -1.5667102336883545 -40.81003189086914 30.863197326660156
			vertex -1.5667095184326172 -41.07740020751953 30.96710968017578
		endloop
	endfacet
	facet normal 0.9999999999967631 0.000002507558056237475 -4.3126884712792667e-7
		outer loop
			vertex -1.5667095184326172 -41.07740020751953 30.96710968017578
			vertex -1.5667102336883545 -40.81003189086914 30.863197326660156
			vertex -1.5667095184326172 -40.98652648925781 31.4954833984375
		endloop
	endfacet
	facet normal 0.9999999999972773 0.0000022805492324962053 -4.946354670261693e-7
		outer loop
			vertex -1.5667102336883545 -40.81003189086914 30.863197326660156
			vertex -1.5667102336883545 -40.67485427856445 31.48644256591797
			vertex -1.5667095184326172 -40.98652648925781 31.4954833984375
		endloop
	endfacet
	facet normal 0.9999999999973498 0.000002298662732978558 1.2980644432238777e-7
		outer loop
			vertex -1.5667095184326172 -40.98652648925781 31.4954833984375
			vertex -1.5667102336883545 -40.67485427856445 31.48644256591797
			vertex -1.5667095184326172 -41.028099060058594 32.231666564941406
		endloop
	endfacet
	facet normal 0.9999999999968209 0.0000025110292941040545 2.304706467368581e-7
		outer loop
			vertex -1.5667102336883545 -40.67485427856445 31.48644256591797
			vertex -1.5667102336883545 -40.751529693603516 32.32183837890625
			vertex -1.5667095184326172 -41.028099060058594 32.231666564941406
		endloop
	endfacet
	facet normal 0.9999999999959975 0.0000019037724694361776 0.0000020930109227793056
		outer loop
			vertex -1.5667095184326172 -41.028099060058594 32.231666564941406
			vertex -1.5667102336883545 -40.751529693603516 32.32183837890625
			vertex -1.5667102336883545 -41.37832260131836 32.89196014404297
		endloop
	endfacet
	facet normal 0 0 0
		outer loop
			vertex -1.5667102336883545 -40.751529693603516 32.32183837890625
			vertex -1.5667102336883545 -41.37832260131836 32.89196014404297
			vertex -1.5667102336883545 -41.37832260131836 32.89196014404297
		endloop
	endfacet
	facet normal 0 0 0
		outer loop
			vertex -1.5667102336883545 -41.37832260131836 32.89196014404297
			vertex -1.5667102336883545 -41.37832260131836 32.89196014404297
			vertex -1.5667099952697754 -42.411075592041016 29.770912170410156
		endloop
	endfacet
	facet normal 0 0 0
		outer loop
			vertex -1.5667102336883545 -41.37832260131836 32.89196014404297
			vertex -1.5667099952697754 -42.411075592041016 29.770912170410156
			vertex -1.5667099952697754 -42.411075592041016 29.770912170410156
		endloop
	endfacet
	facet normal 0 0 0
		outer loop
			vertex -1.5667099952697754 -42.411075592041016 29.770912170410156
			vertex -1.5667099952697754 -42.411075592041016 29.770912170410156
			vertex -1.5667099952697754 -41.859004974365234 29.879013061523438
		endloop
	endfacet
	facet normal 0.9999999999999604 -5.422759791892692e-8 2.7694002491435324e-7
		outer loop
			vertex -1.5667099952697754 -42.411075592041016 29.770912170410156
			vertex -1.5667085647583008 -39.469547271728516 25.181472778320312
			vertex -1.5667099952697754 -41.859004974365234 29.879013061523438
		endloop
	endfacet
	facet normal 0.9999999999997695 -6.779544118843283e-7 -4.0325767419569844e-8
		outer loop
			vertex -1.5667099952697754 -41.859004974365234 29.879013061523438
			vertex -1.5667085647583008 -39.469547271728516 25.181472778320312
			vertex -1.5667095184326172 -41.18472671508789 30.367713928222656
		endloop
	endfacet
	facet normal 0 0 0
		outer loop
			vertex -1.5667085647583008 -39.469547271728516 25.181472778320312
			vertex -1.5667085647583008 -39.469547271728516 25.181472778320312
			vertex -1.5667095184326172 -41.18472671508789 30.367713928222656
		endloop
	endfacet
	facet normal 0.9999999999991678 0.0000011589123864152343 5.67157780215216e-7
		outer loop
			vertex -1.5667095184326172 -41.18472671508789 30.367713928222656
			vertex -1.5667085647583008 -39.469547271728516 25.181472778320312
			vertex -1.5667102336883545 -40.81003189086914 30.863197326660156
		endloop
	endfacet
	facet normal 0 0 0
		outer loop
			vertex -1.5667085647583008 -39.469547271728516 25.181472778320312
			vertex -1.5667085647583008 -39.469547271728516 25.181472778320312
			vertex -1.5667102336883545 -40.81003189086914 30.863197326660156
		endloop
	endfacet
	facet normal 0.9999999999997798 -6.48679451743545e-7 1.406941183252801e-7
		outer loop
			vertex -1.5667102336883545 -40.81003189086914 30.863197326660156
			vertex -1.5667085647583008 -39.469547271728516 25.181472778320312
			vertex -1.5667102336883545 -40.67485427856445 31.48644256591797
		endloop
	endfacet
	facet normal 0.9999999999964234 -0.0000026634022620396637 -2.444559461309316e-7
		outer loop
			vertex -1.5667085647583008 -39.469547271728516 25.181472778320312
			vertex -1.5667102336883545 -40.751529693603516 32.32183837890625
			vertex -1.5667102336883545 -40.67485427856445 31.48644256591797
		endloop
	endfacet
	facet normal 0 0 0
		outer loop
			vertex -1.5667102336883545 -40.67485427856445 31.48644256591797
			vertex -1.5667102336883545 -40.751529693603516 32.32183837890625
			vertex -1.5667102336883545 -40.751529693603516 32.32183837890625
		endloop
	endfacet
	facet normal 0 0 0
		outer loop
			vertex -1.5667102336883545 -40.751529693603516 32.32183837890625
			vertex -1.5667099952697754 -47.965553283691406 25.180870056152344
			vertex -1.5667102336883545 -40.751529693603516 32.32183837890625
		endloop
	endfacet
	facet normal 0 0 0
		outer loop
			vertex -1.5667102336883545 -40.751529693603516 32.32183837890625
			vertex -1.5667099952697754 -47.965553283691406 25.180870056152344
			vertex -1.5667099952697754 -47.965553283691406 25.180870056152344
		endloop
	endfacet
	facet normal 0 0 0
		outer loop
			vertex -1.5667099952697754 -47.965553283691406 25.180870056152344
			vertex -1.5667059421539307 -47.73099899291992 -10.505200386047363
			vertex -1.5667099952697754 -47.965553283691406 25.180870056152344
		endloop
	endfacet
	facet normal 0.9999999999999796 -1.683825624538545e-7 1.1247024237966025e-7
		outer loop
			vertex -1.5667099952697754 -47.965553283691406 25.180870056152344
			vertex -1.5667059421539307 -47.73099899291992 -10.505200386047363
			vertex -1.5667085647583008 -39.469547271728516 25.181472778320312
		endloop
	endfacet
	facet normal 0 0 0
		outer loop
			vertex -1.5667059421539307 -47.73099899291992 -10.505200386047363
			vertex -1.5667059421539307 -47.73099899291992 -10.505200386047363
			vertex -1.5667085647583008 -39.469547271728516 25.181472778320312
		endloop
	endfacet
	facet normal 0.9999999999999796 -1.683245163361546e-7 1.1245680472474712e-7
		outer loop
			vertex -1.5667085647583008 -39.469547271728516 25.181472778320312
			vertex -1.5667059421539307 -47.73099899291992 -10.505200386047363
			vertex -1.566704511642456 -39.232398986816406 -10.50510025024414
		endloop
	endfacet
	facet normal 0.9999999999999796 -1.6832452348311287e-7 1.1306337238392245e-7
		outer loop
			vertex -1.5667059421539307 -47.73099899291992 -10.505200386047363
			vertex -1.5667047500610352 -42.30962371826172 -12.977641105651855
			vertex -1.566704511642456 -39.232398986816406 -10.50510025024414
		endloop
	endfacet
	facet normal 0.9999999999999636 -2.1183472146604193e-7 1.6721441179357332e-7
		outer loop
			vertex -1.566704511642456 -39.232398986816406 -10.50510025024414
			vertex -1.5667047500610352 -42.30962371826172 -12.977641105651855
			vertex -1.566704511642456 -41.5477294921875 -13.438264846801758
		endloop
	endfacet
	facet normal 0.9999999999996696 1.6793676270961034e-7 7.953750452395884e-7
		outer loop
			vertex -1.5667047500610352 -42.30962371826172 -12.977641105651855
			vertex -1.566704511642456 -42.41301727294922 -13.255566596984863
			vertex -1.566704511642456 -41.5477294921875 -13.438264846801758
		endloop
	endfacet
	facet normal 0 0 0
		outer loop
			vertex -1.566704511642456 -41.5477294921875 -13.438264846801758
			vertex -1.566704511642456 -42.41301727294922 -13.255566596984863
			vertex -1.566704511642456 -41.5477294921875 -13.438264846801758
		endloop
	endfacet
	facet normal 1 0 0
		outer loop
			vertex -1.566704511642456 -42.41301727294922 -13.255566596984863
			vertex -1.566704511642456 -41.74504089355469 -13.650442123413086
			vertex -1.566704511642456 -41.5477294921875 -13.438264846801758
		endloop
	endfacet
	facet normal 0 0 0
		outer loop
			vertex -1.566704511642456 -41.5477294921875 -13.438264846801758
			vertex -1.566704511642456 -41.74504089355469 -13.650442123413086
			vertex -1.566704511642456 -41.5477294921875 -13.438264846801758
		endloop
	endfacet
	facet normal 0.9999999999999626 -2.0035377892717535e-7 1.8631629890201934e-7
		outer loop
			vertex -1.566704511642456 -41.74504089355469 -13.650442123413086
			vertex -1.566704273223877 -41.033714294433594 -14.165166854858398
			vertex -1.566704511642456 -41.5477294921875 -13.438264846801758
		endloop
	endfacet
	facet normal 0.999999999999961 -2.191741113392708e-7 1.7300785184949164e-7
		outer loop
			vertex -1.566704511642456 -41.5477294921875 -13.438264846801758
			vertex -1.566704273223877 -41.033714294433594 -14.165166854858398
			vertex -1.566704511642456 -39.232398986816406 -10.50510025024414
		endloop
	endfacet
	facet normal 0.9999999999999383 -2.852220716135526e-7 2.055135996216662e-7
		outer loop
			vertex -1.566704273223877 -41.033714294433594 -14.165166854858398
			vertex -1.5667040348052979 -40.8206787109375 -15.029616355895996
			vertex -1.566704511642456 -39.232398986816406 -10.50510025024414
		endloop
	endfacet
	facet normal 0 0 0
		outer loop
			vertex -1.566704511642456 -39.232398986816406 -10.50510025024414
			vertex -1.5667040348052979 -40.8206787109375 -15.029616355895996
			vertex -1.5667040348052979 -40.8206787109375 -15.029616355895996
		endloop
	endfacet
	facet normal 0 0 0
		outer loop
			vertex -1.5667040348052979 -40.8206787109375 -15.029616355895996
			vertex -1.5667099952697754 -47.965553283691406 25.180870056152344
			vertex -1.5667040348052979 -40.8206787109375 -15.029616355895996
		endloop
	endfacet
	facet normal 0 0 0
		outer loop
			vertex -1.5667040348052979 -40.8206787109375 -15.029616355895996
			vertex -1.5667099952697754 -47.965553283691406 25.180870056152344
			vertex -1.5667099952697754 -47.965553283691406 25.180870056152344
		endloop
	endfacet
	facet normal 0 0 0
		outer loop
			vertex -1.5667099952697754 -47.965553283691406 25.180870056152344
			vertex -1.5667164325714111 -112.57540130615234 -10.508000373840332
			vertex -1.5667099952697754 -47.965553283691406 25.180870056152344
		endloop
	endfacet
	facet normal 0.9999999999999806 -1.6178316312564185e-7 1.1251361833587425e-7
		outer loop
			vertex -1.5667099952697754 -47.965553283691406 25.180870056152344
			vertex -1.5667164325714111 -112.57540130615234 -10.508000373840332
			vertex -1.5667059421539307 -47.73099899291992 -10.505200386047363
		endloop
	endfacet
	facet normal 0 0 0
		outer loop
			vertex -1.5667164325714111 -112.57540130615234 -10.508000373840332
			vertex -1.5667059421539307 -47.73099899291992 -10.505200386047363
			vertex -1.5667059421539307 -47.73099899291992 -10.505200386047363
		endloop
	endfacet
	facet normal 0 0 0
		outer loop
			vertex -1.5667059421539307 -47.73099899291992 -10.505200386047363
			vertex -1.5667059421539307 -47.73099899291992 -10.505200386047363
			vertex -1.566704511642456 -42.41301727294922 -13.255566596984863
		endloop
	endfacet
	facet normal 0 0 0
		outer loop
			vertex -1.5667059421539307 -47.73099899291992 -10.505200386047363
			vertex -1.566704511642456 -42.41301727294922 -13.255566596984863
			vertex -1.566704511642456 -42.41301727294922 -13.255566596984863
		endloop
	endfacet
	facet normal 0 0 0
		outer loop
			vertex -1.566704511642456 -42.41301727294922 -13.255566596984863
			vertex -1.566704511642456 -42.41301727294922 -13.255566596984863
			vertex -1.5667047500610352 -43.176692962646484 -13.11667537689209
		endloop
	endfacet
	facet normal 0.9999999999995732 -1.4628227594393413e-7 9.122704879750979e-7
		outer loop
			vertex -1.566704511642456 -42.41301727294922 -13.255566596984863
			vertex -1.5667047500610352 -42.30962371826172 -12.977641105651855
			vertex -1.5667047500610352 -43.176692962646484 -13.11667537689209
		endloop
	endfacet
	facet normal 0.9999999999996565 -1.312567821264255e-7 8.185659397752938e-7
		outer loop
			vertex -1.5667047500610352 -43.176692962646484 -13.11667537689209
			vertex -1.5667047500610352 -42.30962371826172 -12.977641105651855
			vertex -1.5667049884796143 -43.18708419799805 -12.827077865600586
		endloop
	endfacet
	facet normal 0.9999999999999375 -3.0297638871699015e-7 -1.8219074112314528e-7
		outer loop
			vertex -1.5667047500610352 -42.30962371826172 -12.977641105651855
			vertex -1.5667059421539307 -47.73099899291992 -10.505200386047363
			vertex -1.5667049884796143 -43.18708419799805 -12.827077865600586
		endloop
	endfacet
	facet normal 0.9999999999999593 -6.828783521029082e-8 2.7709481544426e-7
		outer loop
			vertex -1.5667049884796143 -43.18708419799805 -12.827077865600586
			vertex -1.5667059421539307 -47.73099899291992 -10.505200386047363
			vertex -1.5667049884796143 -44.05153274536133 -13.040114402770996
		endloop
	endfacet
	facet normal 0.9999999999999742 -1.3128261782769393e-7 1.8565693041784976e-7
		outer loop
			vertex -1.5667059421539307 -47.73099899291992 -10.505200386047363
			vertex -1.5667049884796143 -44.77843475341797 -13.55412483215332
			vertex -1.5667049884796143 -44.05153274536133 -13.040114402770996
		endloop
	endfacet
	facet normal 1 0 0
		outer loop
			vertex -1.5667049884796143 -44.05153274536133 -13.040114402770996
			vertex -1.5667049884796143 -44.77843475341797 -13.55412483215332
			vertex -1.5667049884796143 -44.56626892089844 -13.751436233520508
		endloop
	endfacet
	facet normal 0 0 0
		outer loop
			vertex -1.5667049884796143 -44.77843475341797 -13.55412483215332
			vertex -1.5667049884796143 -44.77843475341797 -13.55412483215332
			vertex -1.5667049884796143 -44.56626892089844 -13.751436233520508
		endloop
	endfacet
	facet normal 1 0 0
		outer loop
			vertex -1.5667049884796143 -44.56626892089844 -13.751436233520508
			vertex -1.5667049884796143 -44.77843475341797 -13.55412483215332
			vertex -1.5667049884796143 -44.96122360229492 -14.41953182220459
		endloop
	endfacet
	facet normal 1 0 0
		outer loop
			vertex -1.5667049884796143 -44.77843475341797 -13.55412483215332
			vertex -1.5667049884796143 -45.23905563354492 -14.316019058227539
			vertex -1.5667049884796143 -44.96122360229492 -14.41953182220459
		endloop
	endfacet
	facet normal 0.9999999999999515 1.0894736844785893e-7 2.924187077249873e-7
		outer loop
			vertex -1.5667049884796143 -44.96122360229492 -14.41953182220459
			vertex -1.5667049884796143 -45.23905563354492 -14.316019058227539
			vertex -1.5667047500610352 -45.100154876708984 -15.18310260772705
		endloop
	endfacet
	facet normal 0.9999999999996466 -8.2875739115345e-7 1.422049239753872e-7
		outer loop
			vertex -1.5667049884796143 -45.23905563354492 -14.316019058227539
			vertex -1.5667049884796143 -45.389617919921875 -15.193482398986816
			vertex -1.5667047500610352 -45.100154876708984 -15.18310260772705
		endloop
	endfacet
	facet normal 0.9999999999996524 -8.274041848664963e-7 1.0446782501886605e-7
		outer loop
			vertex -1.5667047500610352 -45.100154876708984 -15.18310260772705
			vertex -1.5667049884796143 -45.389617919921875 -15.193482398986816
			vertex -1.566704511642456 -44.90690994262695 -15.93478775024414
		endloop
	endfacet
	facet normal 0.9999999999995867 -9.078138921269352e-7 5.210828507926944e-8
		outer loop
			vertex -1.5667049884796143 -45.389617919921875 -15.193482398986816
			vertex -1.5667047500610352 -45.176605224609375 -16.05788803100586
			vertex -1.566704511642456 -44.90690994262695 -15.93478775024414
		endloop
	endfacet
	facet normal 0.9999999999996663 -6.717665729823436e-7 -4.6503796271151e-7
		outer loop
			vertex -1.566704511642456 -44.90690994262695 -15.93478775024414
			vertex -1.5667047500610352 -45.176605224609375 -16.05788803100586
			vertex -1.566704511642456 -44.4652099609375 -16.57284164428711
		endloop
	endfacet
	facet normal 0.9999999999999626 -2.0019092948640216e-7 1.8643174367323617e-7
		outer loop
			vertex -1.5667047500610352 -45.176605224609375 -16.05788803100586
			vertex -1.566704511642456 -44.66260528564453 -16.784805297851562
			vertex -1.566704511642456 -44.4652099609375 -16.57284164428711
		endloop
	endfacet
	facet normal 0.9999999999999507 -2.3020920573264758e-7 2.1438685431191543e-7
		outer loop
			vertex -1.566704511642456 -44.4652099609375 -16.57284164428711
			vertex -1.566704511642456 -44.66260528564453 -16.784805297851562
			vertex -1.566704273223877 -43.79716873168945 -16.967592239379883
		endloop
	endfacet
	facet normal 0.9999999999999629 -2.5538691283358914e-7 9.517862265303491e-8
		outer loop
			vertex -1.566704511642456 -44.66260528564453 -16.784805297851562
			vertex -1.566704273223877 -43.900718688964844 -17.245441436767578
			vertex -1.566704273223877 -43.79716873168945 -16.967592239379883
		endloop
	endfacet
	facet normal 0.9999999999999514 -2.9242960746470645e-7 1.0898384319166155e-7
		outer loop
			vertex -1.566704273223877 -43.79716873168945 -16.967592239379883
			vertex -1.566704273223877 -43.900718688964844 -17.245441436767578
			vertex -1.5667040348052979 -43.033607482910156 -17.106426239013672
		endloop
	endfacet
	facet normal 0.9999999999999627 -2.7338466453153277e-7 -9.809524028978018e-9
		outer loop
			vertex -1.566704273223877 -43.900718688964844 -17.245441436767578
			vertex -1.5667040348052979 -43.023216247558594 -17.39602279663086
			vertex -1.5667040348052979 -43.033607482910156 -17.106426239013672
		endloop
	endfacet
	facet normal 1 0 0
		outer loop
			vertex -1.5667040348052979 -43.033607482910156 -17.106426239013672
			vertex -1.5667040348052979 -43.023216247558594 -17.39602279663086
			vertex -1.5667040348052979 -42.28212356567383 -16.913305282592773
		endloop
	endfacet
	facet normal 1 0 0
		outer loop
			vertex -1.5667040348052979 -43.023216247558594 -17.39602279663086
			vertex -1.5667040348052979 -42.15876770019531 -17.182987213134766
			vertex -1.5667040348052979 -42.28212356567383 -16.913305282592773
		endloop
	endfacet
	facet normal 1 0 0
		outer loop
			vertex -1.5667040348052979 -42.28212356567383 -16.913305282592773
			vertex -1.5667040348052979 -42.15876770019531 -17.182987213134766
			vertex -1.5667040348052979 -41.64404296875 -16.471660614013672
		endloop
	endfacet
	facet normal 0.9999999999996564 -6.71678365877197e-7 4.860347791309162e-7
		outer loop
			vertex -1.5667040348052979 -42.15876770019531 -17.182987213134766
			vertex -1.5667037963867188 -41.431861877441406 -16.668973922729492
			vertex -1.5667040348052979 -41.64404296875 -16.471660614013672
		endloop
	endfacet
	facet normal 0.9999999999996453 -7.250667172266034e-7 4.286235546868447e-7
		outer loop
			vertex -1.5667040348052979 -41.64404296875 -16.471660614013672
			vertex -1.5667037963867188 -41.431861877441406 -16.668973922729492
			vertex -1.5667040348052979 -41.249168395996094 -15.80368423461914
		endloop
	endfacet
	facet normal 0.9999999999999629 9.504106018384999e-8 2.554695843181263e-7
		outer loop
			vertex -1.5667037963867188 -41.431861877441406 -16.668973922729492
			vertex -1.5667040348052979 -40.97124481201172 -15.907078742980957
			vertex -1.5667040348052979 -41.249168395996094 -15.80368423461914
		endloop
	endfacet
	facet normal 1 0 0
		outer loop
			vertex -1.5667040348052979 -41.249168395996094 -15.80368423461914
			vertex -1.5667040348052979 -40.97124481201172 -15.907078742980957
			vertex -1.5667040348052979 -41.11027908325195 -15.040009498596191
		endloop
	endfacet
	facet normal 1 0 0
		outer loop
			vertex -1.5667040348052979 -40.97124481201172 -15.907078742980957
			vertex -1.5667040348052979 -40.8206787109375 -15.029616355895996
			vertex -1.5667040348052979 -41.11027908325195 -15.040009498596191
		endloop
	endfacet
	facet normal 0.9999999999999506 -1.1281875218258407e-8 3.143645149365107e-7
		outer loop
			vertex -1.5667040348052979 -41.11027908325195 -15.040009498596191
			vertex -1.5667040348052979 -40.8206787109375 -15.029616355895996
			vertex -1.566704273223877 -41.30339431762695 -14.288525581359863
		endloop
	endfacet
	facet normal 0.9999999999999628 -1.133789333482046e-7 2.478627515226422e-7
		outer loop
			vertex -1.5667040348052979 -40.8206787109375 -15.029616355895996
			vertex -1.566704273223877 -41.033714294433594 -14.165166854858398
			vertex -1.566704273223877 -41.30339431762695 -14.288525581359863
		endloop
	endfacet
	facet normal 0.9999999999999514 -1.2981594477909814e-7 2.8379643655351234e-7
		outer loop
			vertex -1.566704273223877 -41.30339431762695 -14.288525581359863
			vertex -1.566704273223877 -41.033714294433594 -14.165166854858398
			vertex -1.566704511642456 -41.74504089355469 -13.650442123413086
		endloop
	endfacet
	facet normal 0 0 0
		outer loop
			vertex -1.566704273223877 -41.033714294433594 -14.165166854858398
			vertex -1.566704511642456 -41.74504089355469 -13.650442123413086
			vertex -1.566704511642456 -41.74504089355469 -13.650442123413086
		endloop
	endfacet
	facet normal 0 0 0
		outer loop
			vertex -1.566704511642456 -41.74504089355469 -13.650442123413086
			vertex -1.566704511642456 -41.74504089355469 -13.650442123413086
			vertex -1.5667047500610352 -43.176692962646484 -13.11667537689209
		endloop
	endfacet
	facet normal 0 0 0
		outer loop
			vertex -1.566704511642456 -41.74504089355469 -13.650442123413086
			vertex -1.5667047500610352 -43.176692962646484 -13.11667537689209
			vertex -1.5667047500610352 -43.176692962646484 -13.11667537689209
		endloop
	endfacet
	facet normal 0 0 0
		outer loop
			vertex -1.5667047500610352 -43.176692962646484 -13.11667537689209
			vertex -1.5667047500610352 -43.176692962646484 -13.11667537689209
			vertex -1.5667049884796143 -43.92818069458008 -13.309795379638672
		endloop
	endfacet
	facet normal 0.9999999999995391 -5.239986343819856e-7 8.044737157053288e-7
		outer loop
			vertex -1.5667047500610352 -43.176692962646484 -13.11667537689209
			vertex -1.5667049884796143 -43.18708419799805 -12.827077865600586
			vertex -1.5667049884796143 -43.92818069458008 -13.309795379638672
		endloop
	endfacet
	facet normal 0 0 0
		outer loop
			vertex -1.5667049884796143 -43.92818069458008 -13.309795379638672
			vertex -1.5667049884796143 -43.18708419799805 -12.827077865600586
			vertex -1.5667049884796143 -43.92818069458008 -13.309795379638672
		endloop
	endfacet
	facet normal 1 0 0
		outer loop
			vertex -1.5667049884796143 -43.18708419799805 -12.827077865600586
			vertex -1.5667049884796143 -44.05153274536133 -13.040114402770996
			vertex -1.5667049884796143 -43.92818069458008 -13.309795379638672
		endloop
	endfacet
	facet normal 1 0 0
		outer loop
			vertex -1.5667049884796143 -43.92818069458008 -13.309795379638672
			vertex -1.5667049884796143 -44.05153274536133 -13.040114402770996
			vertex -1.5667049884796143 -44.56626892089844 -13.751436233520508
		endloop
	endfacet
	facet normal 0 0 0
		outer loop
			vertex -1.5667049884796143 -44.05153274536133 -13.040114402770996
			vertex -1.5667049884796143 -44.56626892089844 -13.751436233520508
			vertex -1.5667049884796143 -44.56626892089844 -13.751436233520508
		endloop
	endfacet
	facet normal 0 0 0
		outer loop
			vertex -1.5667049884796143 -44.56626892089844 -13.751436233520508
			vertex -1.5667049884796143 -44.56626892089844 -13.751436233520508
			vertex -1.5667049884796143 -45.23905563354492 -14.316019058227539
		endloop
	endfacet
	facet normal 0 0 0
		outer loop
			vertex -1.5667049884796143 -44.56626892089844 -13.751436233520508
			vertex -1.5667049884796143 -45.23905563354492 -14.316019058227539
			vertex -1.5667049884796143 -45.23905563354492 -14.316019058227539
		endloop
	endfacet
	facet normal 0 0 0
		outer loop
			vertex -1.5667049884796143 -45.23905563354492 -14.316019058227539
			vertex -1.5667049884796143 -45.23905563354492 -14.316019058227539
			vertex -1.5667059421539307 -47.73099899291992 -10.505200386047363
		endloop
	endfacet
	facet normal 0.9999999999999731 -1.9885355904053424e-7 1.2022154552029014e-7
		outer loop
			vertex -1.5667049884796143 -45.23905563354492 -14.316019058227539
			vertex -1.5667049884796143 -44.77843475341797 -13.55412483215332
			vertex -1.5667059421539307 -47.73099899291992 -10.505200386047363
		endloop
	endfacet
	facet normal 0 0 0
		outer loop
			vertex -1.5667059421539307 -47.73099899291992 -10.505200386047363
			vertex -1.5667049884796143 -44.77843475341797 -13.55412483215332
			vertex -1.5667049884796143 -44.77843475341797 -13.55412483215332
		endloop
	endfacet
	facet normal 0 0 0
		outer loop
			vertex -1.5667049884796143 -44.77843475341797 -13.55412483215332
			vertex -1.5667040348052979 -40.8206787109375 -15.029616355895996
			vertex -1.5667049884796143 -44.77843475341797 -13.55412483215332
		endloop
	endfacet
	facet normal 0 0 0
		outer loop
			vertex -1.5667049884796143 -44.77843475341797 -13.55412483215332
			vertex -1.5667040348052979 -40.8206787109375 -15.029616355895996
			vertex -1.5667040348052979 -40.8206787109375 -15.029616355895996
		endloop
	endfacet
	facet normal 0 0 0
		outer loop
			vertex -1.5667040348052979 -40.8206787109375 -15.029616355895996
			vertex -1.5667040348052979 -40.97124481201172 -15.907078742980957
			vertex -1.5667040348052979 -40.8206787109375 -15.029616355895996
		endloop
	endfacet
	facet normal 0.9999999999998225 5.873058747972978e-7 -1.007773746291079e-7
		outer loop
			vertex -1.5667040348052979 -40.8206787109375 -15.029616355895996
			vertex -1.5667040348052979 -40.97124481201172 -15.907078742980957
			vertex -1.566704511642456 -39.232398986816406 -10.50510025024414
		endloop
	endfacet
	facet normal 0 0 0
		outer loop
			vertex -1.5667040348052979 -40.97124481201172 -15.907078742980957
			vertex -1.5667040348052979 -40.97124481201172 -15.907078742980957
			vertex -1.566704511642456 -39.232398986816406 -10.50510025024414
		endloop
	endfacet
	facet normal 0.9999999999999696 -1.9517032988673248e-7 1.5109432083561104e-7
		outer loop
			vertex -1.566704511642456 -39.232398986816406 -10.50510025024414
			vertex -1.5667040348052979 -40.97124481201172 -15.907078742980957
			vertex -1.5667030811309814 -39.23249816894531 -19.972900390625
		endloop
	endfacet
	facet normal 0.9999999999999615 7.592347583260724e-8 2.670274545291965e-7
		outer loop
			vertex -1.5667040348052979 -40.97124481201172 -15.907078742980957
			vertex -1.5667037963867188 -41.431861877441406 -16.668973922729492
			vertex -1.5667030811309814 -39.23249816894531 -19.972900390625
		endloop
	endfacet
	facet normal 0 0 0
		outer loop
			vertex -1.5667030811309814 -39.23249816894531 -19.972900390625
			vertex -1.5667037963867188 -41.431861877441406 -16.668973922729492
			vertex -1.5667030811309814 -39.23249816894531 -19.972900390625
		endloop
	endfacet
	facet normal 0.9999999999999465 -3.2710101777766613e-7 -1.2586146356743835e-9
		outer loop
			vertex -1.5667037963867188 -41.431861877441406 -16.668973922729492
			vertex -1.5667040348052979 -42.15876770019531 -17.182987213134766
			vertex -1.5667030811309814 -39.23249816894531 -19.972900390625
		endloop
	endfacet
	facet normal 0 0 0
		outer loop
			vertex -1.5667030811309814 -39.23249816894531 -19.972900390625
			vertex -1.5667040348052979 -42.15876770019531 -17.182987213134766
			vertex -1.5667030811309814 -39.23249816894531 -19.972900390625
		endloop
	endfacet
	facet normal 0.9999999999999609 -6.6938209393525e-8 2.7161959013477595e-7
		outer loop
			vertex -1.5667040348052979 -42.15876770019531 -17.182987213134766
			vertex -1.5667040348052979 -43.023216247558594 -17.39602279663086
			vertex -1.5667030811309814 -39.23249816894531 -19.972900390625
		endloop
	endfacet
	facet normal 0 0 0
		outer loop
			vertex -1.5667030811309814 -39.23249816894531 -19.972900390625
			vertex -1.5667040348052979 -43.023216247558594 -17.39602279663086
			vertex -1.5667030811309814 -39.23249816894531 -19.972900390625
		endloop
	endfacet
	facet normal 0.9999999999999606 -2.7849535927104817e-7 -3.959174352333743e-8
		outer loop
			vertex -1.5667040348052979 -43.023216247558594 -17.39602279663086
			vertex -1.566704273223877 -43.900718688964844 -17.245441436767578
			vertex -1.5667030811309814 -39.23249816894531 -19.972900390625
		endloop
	endfacet
	facet normal 0.9999999999999748 -1.6832557404845556e-7 1.489708932616828e-7
		outer loop
			vertex -1.5667030811309814 -39.23249816894531 -19.972900390625
			vertex -1.566704273223877 -43.900718688964844 -17.245441436767578
			vertex -1.566704511642456 -47.73080062866211 -19.972700119018555
		endloop
	endfacet
	facet normal 0.9999999999999624 -1.9782052356990285e-7 1.903927335181931e-7
		outer loop
			vertex -1.566704273223877 -43.900718688964844 -17.245441436767578
			vertex -1.566704511642456 -44.66260528564453 -16.784805297851562
			vertex -1.566704511642456 -47.73080062866211 -19.972700119018555
		endloop
	endfacet
	facet normal 0 0 0
		outer loop
			vertex -1.566704511642456 -47.73080062866211 -19.972700119018555
			vertex -1.566704511642456 -44.66260528564453 -16.784805297851562
			vertex -1.566704511642456 -47.73080062866211 -19.972700119018555
		endloop
	endfacet
	facet normal 0.9999999999999628 -1.9645195717311476e-7 1.8907555422565346e-7
		outer loop
			vertex -1.566704511642456 -44.66260528564453 -16.784805297851562
			vertex -1.5667047500610352 -45.176605224609375 -16.05788803100586
			vertex -1.566704511642456 -47.73080062866211 -19.972700119018555
		endloop
	endfacet
	facet normal 0 0 0
		outer loop
			vertex -1.566704511642456 -47.73080062866211 -19.972700119018555
			vertex -1.5667047500610352 -45.176605224609375 -16.05788803100586
			vertex -1.566704511642456 -47.73080062866211 -19.972700119018555
		endloop
	endfacet
	facet normal 0.9999999999999479 -2.3909586616353327e-7 2.168983140172885e-7
		outer loop
			vertex -1.5667047500610352 -45.176605224609375 -16.05788803100586
			vertex -1.5667049884796143 -45.389617919921875 -15.193482398986816
			vertex -1.566704511642456 -47.73080062866211 -19.972700119018555
		endloop
	endfacet
	facet normal 0 0 0
		outer loop
			vertex -1.566704511642456 -47.73080062866211 -19.972700119018555
			vertex -1.5667049884796143 -45.389617919921875 -15.193482398986816
			vertex -1.566704511642456 -47.73080062866211 -19.972700119018555
		endloop
	endfacet
	facet normal 0.9999999999999496 3.134764948567052e-7 -5.378884290507005e-8
		outer loop
			vertex -1.5667049884796143 -45.389617919921875 -15.193482398986816
			vertex -1.5667049884796143 -45.23905563354492 -14.316019058227539
			vertex -1.566704511642456 -47.73080062866211 -19.972700119018555
		endloop
	endfacet
	facet normal 0 0 0
		outer loop
			vertex -1.566704511642456 -47.73080062866211 -19.972700119018555
			vertex -1.5667049884796143 -45.23905563354492 -14.316019058227539
			vertex -1.566704511642456 -47.73080062866211 -19.972700119018555
		endloop
	endfacet
	facet normal 0.9999999999999771 -1.5164184419302874e-7 1.5109389328057966e-7
		outer loop
			vertex -1.5667049884796143 -45.23905563354492 -14.316019058227539
			vertex -1.5667059421539307 -47.73099899291992 -10.505200386047363
			vertex -1.566704511642456 -47.73080062866211 -19.972700119018555
		endloop
	endfacet
	facet normal 0.9999999999999756 -1.6177569488338433e-7 1.5109368095485166e-7
		outer loop
			vertex -1.566704511642456 -47.73080062866211 -19.972700119018555
			vertex -1.5667059421539307 -47.73099899291992 -10.505200386047363
			vertex -1.5667150020599365 -112.57270050048828 -19.968900680541992
		endloop
	endfacet
	facet normal 0.9999999999999755 -1.617848317197801e-7 1.511562831083289e-7
		outer loop
			vertex -1.5667059421539307 -47.73099899291992 -10.505200386047363
			vertex -1.5667164325714111 -112.57540130615234 -10.508000373840332
			vertex -1.5667150020599365 -112.57270050048828 -19.968900680541992
		endloop
	endfacet
	facet normal 0 0 0
		outer loop
			vertex -1.5667150020599365 -112.57270050048828 -19.968900680541992
			vertex -1.5667164325714111 -112.57540130615234 -10.508000373840332
			vertex -1.5667164325714111 -112.57540130615234 -10.508000373840332
		endloop
	endfacet
	facet normal 0 0 0
		outer loop
			vertex -1.5667164325714111 -112.57540130615234 -10.508000373840332
			vertex -1.566704511642456 -39.232398986816406 -10.50510025024414
			vertex -1.5667164325714111 -112.57540130615234 -10.508000373840332
		endloop
	endfacet
	facet normal 0 0 0
		outer loop
			vertex -1.5667164325714111 -112.57540130615234 -10.508000373840332
			vertex -1.566704511642456 -39.232398986816406 -10.50510025024414
			vertex -1.566704511642456 -39.232398986816406 -10.50510025024414
		endloop
	endfacet
	facet normal 0 0 0
		outer loop
			vertex -1.566704511642456 -39.232398986816406 -10.50510025024414
			vertex -1.5667030811309814 -39.23249816894531 -19.972900390625
			vertex -1.566704511642456 -39.232398986816406 -10.50510025024414
		endloop
	endfacet
	facet normal 0.9999999999999752 -1.64341135774052e-7 1.5109399787726263e-7
		outer loop
			vertex -1.566704511642456 -39.232398986816406 -10.50510025024414
			vertex -1.5667030811309814 -39.23249816894531 -19.972900390625
			vertex -1.5666923522949219 26.05299949645996 -19.971200942993164
		endloop
	endfacet
	facet normal 0 0 0
		outer loop
			vertex -1.5667030811309814 -39.23249816894531 -19.972900390625
			vertex -1.5667030811309814 -39.23249816894531 -19.972900390625
			vertex -1.5666923522949219 26.05299949645996 -19.971200942993164
		endloop
	endfacet
	facet normal 0.9999999999999782 -1.643405657040278e-7 1.2919434968026085e-7
		outer loop
			vertex -1.5666923522949219 26.05299949645996 -19.971200942993164
			vertex -1.5667030811309814 -39.23249816894531 -19.972900390625
			vertex -1.5666990280151367 -39.23381805419922 -51.34681701660156
		endloop
	endfacet
	facet normal 0.9999999999999777 -1.6832604009995196e-7 1.2919451734720996e-7
		outer loop
			vertex -1.5667030811309814 -39.23249816894531 -19.972900390625
			vertex -1.566704511642456 -47.73080062866211 -19.972700119018555
			vertex -1.5666990280151367 -39.23381805419922 -51.34681701660156
		endloop
	endfacet
	facet normal 0.9999999999999816 -1.319693133776204e-7 1.3904092910224428e-7
		outer loop
			vertex -1.5666990280151367 -39.23381805419922 -51.34681701660156
			vertex -1.566704511642456 -47.73080062866211 -19.972700119018555
			vertex -1.5667002201080322 -48.26581954956055 -51.345767974853516
		endloop
	endfacet
	facet normal 0.9999999999999774 -1.6177637133464594e-7 1.395492421577793e-7
		outer loop
			vertex -1.566704511642456 -47.73080062866211 -19.972700119018555
			vertex -1.5667150020599365 -112.57270050048828 -19.968900680541992
			vertex -1.5667002201080322 -48.26581954956055 -51.345767974853516
		endloop
	endfacet
	facet normal 0.9999999999999775 -1.6320902544405927e-7 1.366130179517828e-7
		outer loop
			vertex -1.5667002201080322 -48.26581954956055 -51.345767974853516
			vertex -1.5667150020599365 -112.57270050048828 -19.968900680541992
			vertex -1.5667107105255127 -112.52153015136719 -51.321571350097656
		endloop
	endfacet
	facet normal 0 0 0
		outer loop
			vertex -1.5667150020599365 -112.57270050048828 -19.968900680541992
			vertex -1.5667150020599365 -112.57270050048828 -19.968900680541992
			vertex -1.5667107105255127 -112.52153015136719 -51.321571350097656
		endloop
	endfacet
	facet normal 0.9999999999999832 -1.2157431842482542e-7 1.3668096949939442e-7
		outer loop
			vertex -1.5667107105255127 -112.52153015136719 -51.321571350097656
			vertex -1.5667150020599365 -112.57270050048828 -19.968900680541992
			vertex -1.5667164325714111 -124.33903503417969 -19.968700408935547
		endloop
	endfacet
	facet normal 0.9999999999999618 -1.2157240854951323e-7 2.488897454171736e-7
		outer loop
			vertex -1.5667150020599365 -112.57270050048828 -19.968900680541992
			vertex -1.5667164325714111 -119.33280944824219 -17.523365020751953
			vertex -1.5667164325714111 -124.33903503417969 -19.968700408935547
		endloop
	endfacet
	facet normal 0.999999999999797 -2.7968133203678186e-7 5.725790609817555e-7
		outer loop
			vertex -1.5667164325714111 -124.33903503417969 -19.968700408935547
			vertex -1.5667164325714111 -119.33280944824219 -17.523365020751953
			vertex -1.5667169094085693 -120.09469604492188 -17.062726974487305
		endloop
	endfacet
	facet normal 0 0 0
		outer loop
			vertex -1.5667164325714111 -119.33280944824219 -17.523365020751953
			vertex -1.5667169094085693 -120.09469604492188 -17.062726974487305
			vertex -1.5667169094085693 -120.09469604492188 -17.062726974487305
		endloop
	endfacet
	facet normal 0 0 0
		outer loop
			vertex -1.5667169094085693 -120.09469604492188 -17.062726974487305
			vertex -1.5667169094085693 -120.09469604492188 -17.062726974487305
			vertex -1.5667166709899902 -116.68125915527344 -16.081607818603516
		endloop
	endfacet
	facet normal 0 0 0
		outer loop
			vertex -1.5667169094085693 -120.09469604492188 -17.062726974487305
			vertex -1.5667166709899902 -116.68125915527344 -16.081607818603516
			vertex -1.5667166709899902 -116.68125915527344 -16.081607818603516
		endloop
	endfacet
	facet normal 0 0 0
		outer loop
			vertex -1.5667166709899902 -116.68125915527344 -16.081607818603516
			vertex -1.5667166709899902 -116.68125915527344 -16.081607818603516
			vertex -1.5667164325714111 -116.40333557128906 -16.185001373291016
		endloop
	endfacet
	facet normal 0.9999999999996653 -7.003414983923088e-7 4.234031800881431e-7
		outer loop
			vertex -1.5667166709899902 -116.68125915527344 -16.081607818603516
			vertex -1.5667164325714111 -116.86395263671875 -16.946897506713867
			vertex -1.5667164325714111 -116.40333557128906 -16.185001373291016
		endloop
	endfacet
	facet normal 0.9999999999999628 -2.3381038075046103e-7 1.4135398084308627e-7
		outer loop
			vertex -1.5667164325714111 -116.40333557128906 -16.185001373291016
			vertex -1.5667164325714111 -116.86395263671875 -16.946897506713867
			vertex -1.5667150020599365 -112.57270050048828 -19.968900680541992
		endloop
	endfacet
	facet normal 0.9999999999998903 -3.360585072554662e-9 4.68593272502689e-7
		outer loop
			vertex -1.5667164325714111 -116.86395263671875 -16.946897506713867
			vertex -1.566716194152832 -117.59085083007812 -17.460906982421875
			vertex -1.5667150020599365 -112.57270050048828 -19.968900680541992
		endloop
	endfacet
	facet normal 0.999999999999964 -2.631711300905994e-7 -5.1251882248049876e-8
		outer loop
			vertex -1.5667150020599365 -112.57270050048828 -19.968900680541992
			vertex -1.566716194152832 -117.59085083007812 -17.460906982421875
			vertex -1.5667164325714111 -118.45530700683594 -17.673946380615234
		endloop
	endfacet
	facet normal 0.999999999999963 -2.4785847934590844e-7 -1.1338647158240699e-7
		outer loop
			vertex -1.566716194152832 -117.59085083007812 -17.460906982421875
			vertex -1.566716194152832 -117.71421813964844 -17.19123077392578
			vertex -1.5667164325714111 -118.45530700683594 -17.673946380615234
		endloop
	endfacet
	facet normal 0 0 0
		outer loop
			vertex -1.5667164325714111 -118.45530700683594 -17.673946380615234
			vertex -1.566716194152832 -117.71421813964844 -17.19123077392578
			vertex -1.5667164325714111 -118.45530700683594 -17.673946380615234
		endloop
	endfacet
	facet normal 0.9999999999999506 -3.1436125753363136e-7 -1.128811828911796e-8
		outer loop
			vertex -1.566716194152832 -117.71421813964844 -17.19123077392578
			vertex -1.5667164325714111 -118.46570587158203 -17.384349822998047
			vertex -1.5667164325714111 -118.45530700683594 -17.673946380615234
		endloop
	endfacet
	facet normal 1 0 0
		outer loop
			vertex -1.5667164325714111 -118.45530700683594 -17.673946380615234
			vertex -1.5667164325714111 -118.46570587158203 -17.384349822998047
			vertex -1.5667164325714111 -119.33280944824219 -17.523365020751953
		endloop
	endfacet
	facet normal 1 0 0
		outer loop
			vertex -1.5667164325714111 -118.46570587158203 -17.384349822998047
			vertex -1.5667164325714111 -119.2292709350586 -17.245512008666992
			vertex -1.5667164325714111 -119.33280944824219 -17.523365020751953
		endloop
	endfacet
	facet normal 0.9999999999998516 -5.107851069109784e-7 1.9033779813664357e-7
		outer loop
			vertex -1.5667164325714111 -119.33280944824219 -17.523365020751953
			vertex -1.5667164325714111 -119.2292709350586 -17.245512008666992
			vertex -1.5667169094085693 -120.09469604492188 -17.062726974487305
		endloop
	endfacet
	facet normal 0.9999999999985796 -8.574672155822965e-7 -0.0000014510843419832797
		outer loop
			vertex -1.5667164325714111 -119.2292709350586 -17.245512008666992
			vertex -1.5667164325714111 -119.89730072021484 -16.85076332092285
			vertex -1.5667169094085693 -120.09469604492188 -17.062726974487305
		endloop
	endfacet
	facet normal 0.999999999998586 -0.0000013730852065228181 -9.709049384161524e-7
		outer loop
			vertex -1.5667169094085693 -120.09469604492188 -17.062726974487305
			vertex -1.5667164325714111 -119.89730072021484 -16.85076332092285
			vertex -1.5667169094085693 -120.60869598388672 -16.335811614990234
		endloop
	endfacet
	facet normal 0.9999999999996627 -8.013739060387572e-7 -1.8109745420561974e-7
		outer loop
			vertex -1.5667164325714111 -119.89730072021484 -16.85076332092285
			vertex -1.5667166709899902 -120.33900451660156 -16.21270179748535
			vertex -1.5667169094085693 -120.60869598388672 -16.335811614990234
		endloop
	endfacet
	facet normal 0 0 0
		outer loop
			vertex -1.5667169094085693 -120.60869598388672 -16.335811614990234
			vertex -1.5667166709899902 -120.33900451660156 -16.21270179748535
			vertex -1.5667169094085693 -120.60869598388672 -16.335811614990234
		endloop
	endfacet
	facet normal 0.9999999999995867 -9.078237558236661e-7 5.2097726833910554e-8
		outer loop
			vertex -1.5667166709899902 -120.33900451660156 -16.21270179748535
			vertex -1.5667171478271484 -120.82171630859375 -15.471404075622559
			vertex -1.5667169094085693 -120.60869598388672 -16.335811614990234
		endloop
	endfacet
	facet normal 0.9999999999999629 -1.1353670155782135e-7 2.478379055164826e-7
		outer loop
			vertex -1.5667169094085693 -120.60869598388672 -16.335811614990234
			vertex -1.5667171478271484 -120.82171630859375 -15.471404075622559
			vertex -1.5667164325714111 -124.33903503417969 -19.968700408935547
		endloop
	endfacet
	facet normal 0 0 0
		outer loop
			vertex -1.5667171478271484 -120.82171630859375 -15.471404075622559
			vertex -1.5667171478271484 -120.82171630859375 -15.471404075622559
			vertex -1.5667164325714111 -124.33903503417969 -19.968700408935547
		endloop
	endfacet
	facet normal 0.9999999999999887 1.0014648661420307e-8 1.5120885430663814e-7
		outer loop
			vertex -1.5667164325714111 -124.33903503417969 -19.968700408935547
			vertex -1.5667171478271484 -120.82171630859375 -15.471404075622559
			vertex -1.5667178630828857 -124.33903503417969 -10.508199691772461
		endloop
	endfacet
	facet normal 0 0 0
		outer loop
			vertex -1.5667171478271484 -120.82171630859375 -15.471404075622559
			vertex -1.5667171478271484 -120.82171630859375 -15.471404075622559
			vertex -1.5667178630828857 -124.33903503417969 -10.508199691772461
		endloop
	endfacet
	facet normal 0.9999999999999591 1.449558422072855e-7 2.4683884457183495e-7
		outer loop
			vertex -1.5667178630828857 -124.33903503417969 -10.508199691772461
			vertex -1.5667171478271484 -120.82171630859375 -15.471404075622559
			vertex -1.5667173862457275 -120.671142578125 -14.593940734863281
		endloop
	endfacet
	facet normal 0 0 0
		outer loop
			vertex -1.5667171478271484 -120.82171630859375 -15.471404075622559
			vertex -1.5667171478271484 -120.82171630859375 -15.471404075622559
			vertex -1.5667173862457275 -120.671142578125 -14.593940734863281
		endloop
	endfacet
	facet normal 0.999999999999562 -8.385516774028979e-7 4.1560987954582473e-7
		outer loop
			vertex -1.5667173862457275 -120.671142578125 -14.593940734863281
			vertex -1.5667171478271484 -120.82171630859375 -15.471404075622559
			vertex -1.5667169094085693 -120.5322494506836 -15.461023330688477
		endloop
	endfacet
	facet normal 0.9999999999996523 -8.273937546511905e-7 1.0447143425387856e-7
		outer loop
			vertex -1.5667171478271484 -120.82171630859375 -15.471404075622559
			vertex -1.5667166709899902 -120.33900451660156 -16.21270179748535
			vertex -1.5667169094085693 -120.5322494506836 -15.461023330688477
		endloop
	endfacet
	facet normal 0 0 0
		outer loop
			vertex -1.5667169094085693 -120.5322494506836 -15.461023330688477
			vertex -1.5667166709899902 -120.33900451660156 -16.21270179748535
			vertex -1.5667166709899902 -120.33900451660156 -16.21270179748535
		endloop
	endfacet
	facet normal 0 0 0
		outer loop
			vertex -1.5667166709899902 -120.33900451660156 -16.21270179748535
			vertex -1.5667164325714111 -119.33280944824219 -17.523365020751953
			vertex -1.5667166709899902 -120.33900451660156 -16.21270179748535
		endloop
	endfacet
	facet normal 0 0 0
		outer loop
			vertex -1.5667166709899902 -120.33900451660156 -16.21270179748535
			vertex -1.5667164325714111 -119.33280944824219 -17.523365020751953
			vertex -1.5667164325714111 -119.33280944824219 -17.523365020751953
		endloop
	endfacet
	facet normal 0 0 0
		outer loop
			vertex -1.5667164325714111 -119.33280944824219 -17.523365020751953
			vertex -1.5667150020599365 -112.57270050048828 -19.968900680541992
			vertex -1.5667164325714111 -119.33280944824219 -17.523365020751953
		endloop
	endfacet
	facet normal 0.9999999999993626 1.9096196370125515e-7 0.0000011128176124569875
		outer loop
			vertex -1.5667164325714111 -119.33280944824219 -17.523365020751953
			vertex -1.5667150020599365 -112.57270050048828 -19.968900680541992
			vertex -1.5667164325714111 -118.45530700683594 -17.673946380615234
		endloop
	endfacet
	facet normal 0 0 0
		outer loop
			vertex -1.5667150020599365 -112.57270050048828 -19.968900680541992
			vertex -1.5667164325714111 -118.45530700683594 -17.673946380615234
			vertex -1.5667164325714111 -118.45530700683594 -17.673946380615234
		endloop
	endfacet
	facet normal 0 0 0
		outer loop
			vertex -1.5667164325714111 -118.45530700683594 -17.673946380615234
			vertex -1.5667164325714111 -118.45530700683594 -17.673946380615234
			vertex -1.5667164325714111 -116.40333557128906 -16.185001373291016
		endloop
	endfacet
	facet normal 0 0 0
		outer loop
			vertex -1.5667164325714111 -118.45530700683594 -17.673946380615234
			vertex -1.5667164325714111 -116.40333557128906 -16.185001373291016
			vertex -1.5667164325714111 -116.40333557128906 -16.185001373291016
		endloop
	endfacet
	facet normal 0 0 0
		outer loop
			vertex -1.5667164325714111 -116.40333557128906 -16.185001373291016
			vertex -1.5667164325714111 -116.40333557128906 -16.185001373291016
			vertex -1.5667164325714111 -112.57540130615234 -10.508000373840332
		endloop
	endfacet
	facet normal 0.9999999999999635 -2.2414525658316392e-7 1.511384810616693e-7
		outer loop
			vertex -1.5667164325714111 -116.40333557128906 -16.185001373291016
			vertex -1.5667150020599365 -112.57270050048828 -19.968900680541992
			vertex -1.5667164325714111 -112.57540130615234 -10.508000373840332
		endloop
	endfacet
	facet normal 0 0 0
		outer loop
			vertex -1.5667164325714111 -112.57540130615234 -10.508000373840332
			vertex -1.5667150020599365 -112.57270050048828 -19.968900680541992
			vertex -1.5667150020599365 -112.57270050048828 -19.968900680541992
		endloop
	endfacet
	facet normal 0 0 0
		outer loop
			vertex -1.5667150020599365 -112.57270050048828 -19.968900680541992
			vertex -1.566716194152832 -117.71421813964844 -17.19123077392578
			vertex -1.5667150020599365 -112.57270050048828 -19.968900680541992
		endloop
	endfacet
	facet normal 0 0 0
		outer loop
			vertex -1.5667150020599365 -112.57270050048828 -19.968900680541992
			vertex -1.566716194152832 -117.71421813964844 -17.19123077392578
			vertex -1.566716194152832 -117.71421813964844 -17.19123077392578
		endloop
	endfacet
	facet normal 0 0 0
		outer loop
			vertex -1.566716194152832 -117.71421813964844 -17.19123077392578
			vertex -1.566716194152832 -117.59085083007812 -17.460906982421875
			vertex -1.566716194152832 -117.71421813964844 -17.19123077392578
		endloop
	endfacet
	facet normal 0.9999999999999514 2.837872341170121e-7 1.298226037760513e-7
		outer loop
			vertex -1.566716194152832 -117.71421813964844 -17.19123077392578
			vertex -1.566716194152832 -117.59085083007812 -17.460906982421875
			vertex -1.5667164325714111 -117.07612609863281 -16.74958038330078
		endloop
	endfacet
	facet normal 0.9999999999999626 1.8632153104699626e-7 2.003499928823101e-7
		outer loop
			vertex -1.566716194152832 -117.59085083007812 -17.460906982421875
			vertex -1.5667164325714111 -116.86395263671875 -16.946897506713867
			vertex -1.5667164325714111 -117.07612609863281 -16.74958038330078
		endloop
	endfacet
	facet normal 0.9999999999999506 2.1418710230564462e-7 2.303136099262444e-7
		outer loop
			vertex -1.5667164325714111 -117.07612609863281 -16.74958038330078
			vertex -1.5667164325714111 -116.86395263671875 -16.946897506713867
			vertex -1.5667166709899902 -116.68125915527344 -16.081607818603516
		endloop
	endfacet
	facet normal 0 0 0
		outer loop
			vertex -1.5667164325714111 -116.86395263671875 -16.946897506713867
			vertex -1.5667166709899902 -116.68125915527344 -16.081607818603516
			vertex -1.5667166709899902 -116.68125915527344 -16.081607818603516
		endloop
	endfacet
	facet normal 0 0 0
		outer loop
			vertex -1.5667166709899902 -116.68125915527344 -16.081607818603516
			vertex -1.5667166709899902 -116.68125915527344 -16.081607818603516
			vertex -1.5667164325714111 -124.33903503417969 -19.968700408935547
		endloop
	endfacet
	facet normal 0 0 0
		outer loop
			vertex -1.5667166709899902 -116.68125915527344 -16.081607818603516
			vertex -1.5667164325714111 -124.33903503417969 -19.968700408935547
			vertex -1.5667164325714111 -124.33903503417969 -19.968700408935547
		endloop
	endfacet
	facet normal 0 0 0
		outer loop
			vertex -1.5667164325714111 -124.33903503417969 -19.968700408935547
			vertex -1.5667164325714111 -124.33903503417969 -19.968700408935547
			vertex -1.5667169094085693 -120.60869598388672 -16.335811614990234
		endloop
	endfacet
	facet normal 0.9999999999999957 7.569870925669332e-8 5.3526358233203126e-8
		outer loop
			vertex -1.5667164325714111 -124.33903503417969 -19.968700408935547
			vertex -1.5667169094085693 -120.09469604492188 -17.062726974487305
			vertex -1.5667169094085693 -120.60869598388672 -16.335811614990234
		endloop
	endfacet
	facet normal 0 0 0
		outer loop
			vertex -1.5667169094085693 -120.60869598388672 -16.335811614990234
			vertex -1.5667169094085693 -120.09469604492188 -17.062726974487305
			vertex -1.5667169094085693 -120.09469604492188 -17.062726974487305
		endloop
	endfacet
	facet normal 0 0 0
		outer loop
			vertex -1.5667169094085693 -120.09469604492188 -17.062726974487305
			vertex -1.5667169094085693 -120.5322494506836 -15.461023330688477
			vertex -1.5667169094085693 -120.09469604492188 -17.062726974487305
		endloop
	endfacet
	facet normal 0 0 0
		outer loop
			vertex -1.5667169094085693 -120.09469604492188 -17.062726974487305
			vertex -1.5667169094085693 -120.5322494506836 -15.461023330688477
			vertex -1.5667169094085693 -120.5322494506836 -15.461023330688477
		endloop
	endfacet
	facet normal 0 0 0
		outer loop
			vertex -1.5667169094085693 -120.5322494506836 -15.461023330688477
			vertex -1.5667171478271484 -120.39331817626953 -14.697457313537598
			vertex -1.5667169094085693 -120.5322494506836 -15.461023330688477
		endloop
	endfacet
	facet normal 0.9999999999996625 -6.94723513372355e-7 4.386489113665406e-7
		outer loop
			vertex -1.5667169094085693 -120.5322494506836 -15.461023330688477
			vertex -1.5667171478271484 -120.39331817626953 -14.697457313537598
			vertex -1.5667173862457275 -120.671142578125 -14.593940734863281
		endloop
	endfacet
	facet normal 0.9999999999996653 -7.003922108569051e-7 4.2343489919464463e-7
		outer loop
			vertex -1.5667171478271484 -120.39331817626953 -14.697457313537598
			vertex -1.5667173862457275 -120.21052551269531 -13.832046508789062
			vertex -1.5667173862457275 -120.671142578125 -14.593940734863281
		endloop
	endfacet
	facet normal 0.9999999999999959 -7.768605704111859e-8 4.69665242161811e-8
		outer loop
			vertex -1.5667173862457275 -120.671142578125 -14.593940734863281
			vertex -1.5667173862457275 -120.21052551269531 -13.832046508789062
			vertex -1.5667178630828857 -124.33903503417969 -10.508199691772461
		endloop
	endfacet
	facet normal 0 0 0
		outer loop
			vertex -1.5667173862457275 -120.21052551269531 -13.832046508789062
			vertex -1.5667173862457275 -120.21052551269531 -13.832046508789062
			vertex -1.5667178630828857 -124.33903503417969 -10.508199691772461
		endloop
	endfacet
	facet normal 0.9999999999999641 -2.2862997263834145e-7 -1.4051906915199578e-7
		outer loop
			vertex -1.5667178630828857 -124.33903503417969 -10.508199691772461
			vertex -1.5667173862457275 -120.21052551269531 -13.832046508789062
			vertex -1.5667171478271484 -119.48362731933594 -13.318038940429688
		endloop
	endfacet
	facet normal 0.9999999999999626 -1.863223897598807e-7 -2.0034952195624943e-7
		outer loop
			vertex -1.5667173862457275 -120.21052551269531 -13.832046508789062
			vertex -1.5667173862457275 -119.99835968017578 -14.02935791015625
			vertex -1.5667171478271484 -119.48362731933594 -13.318038940429688
		endloop
	endfacet
	facet normal 0 0 0
		outer loop
			vertex -1.5667171478271484 -119.48362731933594 -13.318038940429688
			vertex -1.5667173862457275 -119.99835968017578 -14.02935791015625
			vertex -1.5667171478271484 -119.48362731933594 -13.318038940429688
		endloop
	endfacet
	facet normal 0.9999999999999515 -2.8378583594160964e-7 -1.2982196416034822e-7
		outer loop
			vertex -1.5667173862457275 -119.99835968017578 -14.02935791015625
			vertex -1.5667171478271484 -119.36026000976562 -13.587715148925781
			vertex -1.5667171478271484 -119.48362731933594 -13.318038940429688
		endloop
	endfacet
	facet normal 0.999999999999963 -2.4785859176115315e-7 -1.1338652300839805e-7
		outer loop
			vertex -1.5667171478271484 -119.48362731933594 -13.318038940429688
			vertex -1.5667171478271484 -119.36026000976562 -13.587715148925781
			vertex -1.5667169094085693 -118.61917114257812 -13.105000495910645
		endloop
	endfacet
	facet normal 0.9999999999999506 -3.143613427059823e-7 -1.1288009829405337e-8
		outer loop
			vertex -1.5667171478271484 -119.36026000976562 -13.587715148925781
			vertex -1.5667169094085693 -118.60877227783203 -13.394599914550781
			vertex -1.5667169094085693 -118.61917114257812 -13.105000495910645
		endloop
	endfacet
	facet normal 1 0 0
		outer loop
			vertex -1.5667169094085693 -118.61917114257812 -13.105000495910645
			vertex -1.5667169094085693 -118.60877227783203 -13.394599914550781
			vertex -1.5667169094085693 -117.74171447753906 -13.255563735961914
		endloop
	endfacet
	facet normal 1 0 0
		outer loop
			vertex -1.5667169094085693 -118.60877227783203 -13.394599914550781
			vertex -1.5667169094085693 -117.8450927734375 -13.533498764038086
			vertex -1.5667169094085693 -117.74171447753906 -13.255563735961914
		endloop
	endfacet
	facet normal 1 0 0
		outer loop
			vertex -1.5667169094085693 -117.74171447753906 -13.255563735961914
			vertex -1.5667169094085693 -117.8450927734375 -13.533498764038086
			vertex -1.5667169094085693 -116.97981262207031 -13.71618938446045
		endloop
	endfacet
	facet normal 0.9999999999981571 -3.9661033073335984e-7 -0.0000018784710797815163
		outer loop
			vertex -1.5667169094085693 -117.8450927734375 -13.533498764038086
			vertex -1.5667173862457275 -117.1771240234375 -13.928373336791992
			vertex -1.5667169094085693 -116.97981262207031 -13.71618938446045
		endloop
	endfacet
	facet normal 0.9999999999985866 -0.0000013727807096701435 -9.707231406725634e-7
		outer loop
			vertex -1.5667169094085693 -116.97981262207031 -13.71618938446045
			vertex -1.5667173862457275 -117.1771240234375 -13.928373336791992
			vertex -1.5667169094085693 -116.46580505371094 -14.443090438842773
		endloop
	endfacet
	facet normal 0.9999999999996627 -8.013059037706833e-7 -1.8096723682171436e-7
		outer loop
			vertex -1.5667173862457275 -117.1771240234375 -13.928373336791992
			vertex -1.5667171478271484 -116.73548126220703 -14.566457748413086
			vertex -1.5667169094085693 -116.46580505371094 -14.443090438842773
		endloop
	endfacet
	facet normal 0.9999999999996653 -7.945165586563163e-7 -1.958084849205152e-7
		outer loop
			vertex -1.5667169094085693 -116.46580505371094 -14.443090438842773
			vertex -1.5667171478271484 -116.73548126220703 -14.566457748413086
			vertex -1.5667169094085693 -116.25276184082031 -15.307538986206055
		endloop
	endfacet
	facet normal 0.9999999999999507 -1.128157941938764e-8 3.14368694997214e-7
		outer loop
			vertex -1.5667171478271484 -116.73548126220703 -14.566457748413086
			vertex -1.5667169094085693 -116.54237365722656 -15.31793212890625
			vertex -1.5667169094085693 -116.25276184082031 -15.307538986206055
		endloop
	endfacet
	facet normal 0.9999999999998503 -1.962252632928841e-8 5.467947142299783e-7
		outer loop
			vertex -1.5667169094085693 -116.25276184082031 -15.307538986206055
			vertex -1.5667169094085693 -116.54237365722656 -15.31793212890625
			vertex -1.5667164325714111 -116.40333557128906 -16.185001373291016
		endloop
	endfacet
	facet normal 0.9999999999996627 -6.947096255250309e-7 4.385417474441876e-7
		outer loop
			vertex -1.5667169094085693 -116.54237365722656 -15.31793212890625
			vertex -1.5667166709899902 -116.68125915527344 -16.081607818603516
			vertex -1.5667164325714111 -116.40333557128906 -16.185001373291016
		endloop
	endfacet
	facet normal 0 0 0
		outer loop
			vertex -1.5667164325714111 -116.40333557128906 -16.185001373291016
			vertex -1.5667166709899902 -116.68125915527344 -16.081607818603516
			vertex -1.5667166709899902 -116.68125915527344 -16.081607818603516
		endloop
	endfacet
	facet normal 0 0 0
		outer loop
			vertex -1.5667166709899902 -116.68125915527344 -16.081607818603516
			vertex -1.5667171478271484 -120.39331817626953 -14.697457313537598
			vertex -1.5667166709899902 -116.68125915527344 -16.081607818603516
		endloop
	endfacet
	facet normal 0 0 0
		outer loop
			vertex -1.5667166709899902 -116.68125915527344 -16.081607818603516
			vertex -1.5667171478271484 -120.39331817626953 -14.697457313537598
			vertex -1.5667171478271484 -120.39331817626953 -14.697457313537598
		endloop
	endfacet
	facet normal 0 0 0
		outer loop
			vertex -1.5667171478271484 -120.39331817626953 -14.697457313537598
			vertex -1.5667173862457275 -119.99835968017578 -14.02935791015625
			vertex -1.5667171478271484 -120.39331817626953 -14.697457313537598
		endloop
	endfacet
	facet normal 0.9999999999999507 2.141442128020468e-7 2.3026588870977184e-7
		outer loop
			vertex -1.5667171478271484 -120.39331817626953 -14.697457313537598
			vertex -1.5667173862457275 -119.99835968017578 -14.02935791015625
			vertex -1.5667173862457275 -120.21052551269531 -13.832046508789062
		endloop
	endfacet
	facet normal 0 0 0
		outer loop
			vertex -1.5667173862457275 -119.99835968017578 -14.02935791015625
			vertex -1.5667173862457275 -120.21052551269531 -13.832046508789062
			vertex -1.5667173862457275 -120.21052551269531 -13.832046508789062
		endloop
	endfacet
	facet normal 0 0 0
		outer loop
			vertex -1.5667173862457275 -120.21052551269531 -13.832046508789062
			vertex -1.5667173862457275 -120.21052551269531 -13.832046508789062
			vertex -1.5667164325714111 -116.40333557128906 -16.185001373291016
		endloop
	endfacet
	facet normal 0 0 0
		outer loop
			vertex -1.5667173862457275 -120.21052551269531 -13.832046508789062
			vertex -1.5667164325714111 -116.40333557128906 -16.185001373291016
			vertex -1.5667164325714111 -116.40333557128906 -16.185001373291016
		endloop
	endfacet
	facet normal 0 0 0
		outer loop
			vertex -1.5667164325714111 -116.40333557128906 -16.185001373291016
			vertex -1.5667164325714111 -116.40333557128906 -16.185001373291016
			vertex -1.5667169094085693 -116.25276184082031 -15.307538986206055
		endloop
	endfacet
	facet normal 0.9999999999991501 -0.0000010810459068192238 7.289363995707452e-7
		outer loop
			vertex -1.5667164325714111 -116.40333557128906 -16.185001373291016
			vertex -1.5667164325714111 -112.57540130615234 -10.508000373840332
			vertex -1.5667169094085693 -116.25276184082031 -15.307538986206055
		endloop
	endfacet
	facet normal 0.9999999999999949 -9.811048109568123e-8 -2.4179313129304117e-8
		outer loop
			vertex -1.5667169094085693 -116.25276184082031 -15.307538986206055
			vertex -1.5667164325714111 -112.57540130615234 -10.508000373840332
			vertex -1.5667169094085693 -116.46580505371094 -14.443090438842773
		endloop
	endfacet
	facet normal 0 0 0
		outer loop
			vertex -1.5667164325714111 -112.57540130615234 -10.508000373840332
			vertex -1.5667164325714111 -112.57540130615234 -10.508000373840332
			vertex -1.5667169094085693 -116.46580505371094 -14.443090438842773
		endloop
	endfacet
	facet normal 0.9999999999999963 -7.145777840981131e-8 -5.0529351552531336e-8
		outer loop
			vertex -1.5667169094085693 -116.46580505371094 -14.443090438842773
			vertex -1.5667164325714111 -112.57540130615234 -10.508000373840332
			vertex -1.5667169094085693 -116.97981262207031 -13.71618938446045
		endloop
	endfacet
	facet normal 0 0 0
		outer loop
			vertex -1.5667164325714111 -112.57540130615234 -10.508000373840332
			vertex -1.5667164325714111 -112.57540130615234 -10.508000373840332
			vertex -1.5667169094085693 -116.97981262207031 -13.71618938446045
		endloop
	endfacet
	facet normal 0.9999999999999957 -4.9103068397493764e-8 -8.121935685346104e-8
		outer loop
			vertex -1.5667169094085693 -116.97981262207031 -13.71618938446045
			vertex -1.5667164325714111 -112.57540130615234 -10.508000373840332
			vertex -1.5667169094085693 -117.74171447753906 -13.255563735961914
		endloop
	endfacet
	facet normal 0 0 0
		outer loop
			vertex -1.5667164325714111 -112.57540130615234 -10.508000373840332
			vertex -1.5667164325714111 -112.57540130615234 -10.508000373840332
			vertex -1.5667169094085693 -117.74171447753906 -13.255563735961914
		endloop
	endfacet
	facet normal 0.9999999999999911 -2.2515003876411012e-8 -1.3121356984619827e-7
		outer loop
			vertex -1.5667169094085693 -117.74171447753906 -13.255563735961914
			vertex -1.5667164325714111 -112.57540130615234 -10.508000373840332
			vertex -1.5667169094085693 -118.61917114257812 -13.105000495910645
		endloop
	endfacet
	facet normal 0 0 0
		outer loop
			vertex -1.5667164325714111 -112.57540130615234 -10.508000373840332
			vertex -1.5667164325714111 -112.57540130615234 -10.508000373840332
			vertex -1.5667169094085693 -118.61917114257812 -13.105000495910645
		endloop
	endfacet
	facet normal 0.9999999999992768 -5.405976347499101e-7 0.0000010744745433886811
		outer loop
			vertex -1.5667169094085693 -118.61917114257812 -13.105000495910645
			vertex -1.5667164325714111 -112.57540130615234 -10.508000373840332
			vertex -1.5667171478271484 -119.48362731933594 -13.318038940429688
		endloop
	endfacet
	facet normal 0.9999999999999918 -1.2160531017343425e-7 4.44197568178562e-8
		outer loop
			vertex -1.5667164325714111 -112.57540130615234 -10.508000373840332
			vertex -1.5667178630828857 -124.33903503417969 -10.508199691772461
			vertex -1.5667171478271484 -119.48362731933594 -13.318038940429688
		endloop
	endfacet
	facet normal 0 0 0
		outer loop
			vertex -1.5667171478271484 -119.48362731933594 -13.318038940429688
			vertex -1.5667178630828857 -124.33903503417969 -10.508199691772461
			vertex -1.5667178630828857 -124.33903503417969 -10.508199691772461
		endloop
	endfacet
	facet normal 0 0 0
		outer loop
			vertex -1.5667178630828857 -124.33903503417969 -10.508199691772461
			vertex -1.5667059421539307 89.06729125976562 144.85855102539062
			vertex -1.5667178630828857 -124.33903503417969 -10.508199691772461
		endloop
	endfacet
	facet normal 0 0 0
		outer loop
			vertex -1.5667178630828857 -124.33903503417969 -10.508199691772461
			vertex -1.5667059421539307 89.06729125976562 144.85855102539062
			vertex -1.5667059421539307 89.06729125976562 144.85855102539062
		endloop
	endfacet
	facet normal 0 0 0
		outer loop
			vertex -1.5667059421539307 89.06729125976562 144.85855102539062
			vertex -1.5667061805725098 88.19251251220703 144.78195190429688
			vertex -1.5667059421539307 89.06729125976562 144.85855102539062
		endloop
	endfacet
	facet normal 0.9999999999999627 -2.734043781687494e-7 9.788107216315344e-9
		outer loop
			vertex -1.5667059421539307 89.06729125976562 144.85855102539062
			vertex -1.5667061805725098 88.19251251220703 144.78195190429688
			vertex -1.5667059421539307 89.05692291259766 144.56893920898438
		endloop
	endfacet
	facet normal 0 0 0
		outer loop
			vertex -1.5667061805725098 88.19251251220703 144.78195190429688
			vertex -1.5667061805725098 88.19251251220703 144.78195190429688
			vertex -1.5667059421539307 89.05692291259766 144.56893920898438
		endloop
	endfacet
	facet normal 0.9999999999999303 -1.9765098241869706e-7 3.1719712363751596e-7
		outer loop
			vertex -1.5667059421539307 89.05692291259766 144.56893920898438
			vertex -1.5667061805725098 88.19251251220703 144.78195190429688
			vertex -1.5667064189910889 81.73816680908203 141.51177978515625
		endloop
	endfacet
	facet normal 0.9999999999999587 -1.5842603747629684e-7 2.3977876594237615e-7
		outer loop
			vertex -1.5667061805725098 88.19251251220703 144.78195190429688
			vertex -1.5667064189910889 87.46554565429688 145.29595947265625
			vertex -1.5667064189910889 81.73816680908203 141.51177978515625
		endloop
	endfacet
	facet normal 1 0 0
		outer loop
			vertex -1.5667064189910889 81.73816680908203 141.51177978515625
			vertex -1.5667064189910889 87.46554565429688 145.29595947265625
			vertex -1.5667064189910889 87.00494384765625 146.05776977539062
		endloop
	endfacet
	facet normal 1 0 0
		outer loop
			vertex -1.5667064189910889 87.46554565429688 145.29595947265625
			vertex -1.5667064189910889 87.67744445800781 145.4935302734375
			vertex -1.5667064189910889 87.00494384765625 146.05776977539062
		endloop
	endfacet
	facet normal 0 0 0
		outer loop
			vertex -1.5667064189910889 87.00494384765625 146.05776977539062
			vertex -1.5667064189910889 87.67744445800781 145.4935302734375
			vertex -1.5667064189910889 87.00494384765625 146.05776977539062
		endloop
	endfacet
	facet normal 0.999999999999574 5.933737071001549e-7 7.072248199747181e-7
		outer loop
			vertex -1.5667064189910889 87.67744445800781 145.4935302734375
			vertex -1.566706657409668 87.28253173828125 146.1619873046875
			vertex -1.5667064189910889 87.00494384765625 146.05776977539062
		endloop
	endfacet
	facet normal 0.9999999999996698 7.110794666715323e-7 3.93710445432844e-7
		outer loop
			vertex -1.5667064189910889 87.00494384765625 146.05776977539062
			vertex -1.566706657409668 87.28253173828125 146.1619873046875
			vertex -1.566706657409668 86.85436248779297 146.935302734375
		endloop
	endfacet
	facet normal 0.9999999999995394 8.397417862110766e-7 4.6494819242257134e-7
		outer loop
			vertex -1.566706657409668 87.28253173828125 146.1619873046875
			vertex -1.566706895828247 87.14388275146484 146.92518615722656
			vertex -1.566706657409668 86.85436248779297 146.935302734375
		endloop
	endfacet
	facet normal 0.9999999999996563 8.260213196866776e-7 7.229037668234102e-8
		outer loop
			vertex -1.566706657409668 86.85436248779297 146.935302734375
			vertex -1.566706895828247 87.14388275146484 146.92518615722656
			vertex -1.566706895828247 87.06734466552734 147.79974365234375
		endloop
	endfacet
	facet normal 1 0 0
		outer loop
			vertex -1.566706895828247 87.14388275146484 146.92518615722656
			vertex -1.566706895828247 87.33714294433594 147.6767120361328
			vertex -1.566706895828247 87.06734466552734 147.79974365234375
		endloop
	endfacet
	facet normal 1 0 0
		outer loop
			vertex -1.566706895828247 87.06734466552734 147.79974365234375
			vertex -1.566706895828247 87.33714294433594 147.6767120361328
			vertex -1.566706895828247 87.58134460449219 148.52670288085938
		endloop
	endfacet
	facet normal 1 0 0
		outer loop
			vertex -1.566706895828247 87.33714294433594 147.6767120361328
			vertex -1.566706895828247 87.77865600585938 148.31455993652344
			vertex -1.566706895828247 87.58134460449219 148.52670288085938
		endloop
	endfacet
	facet normal 1 0 0
		outer loop
			vertex -1.566706895828247 87.58134460449219 148.52670288085938
			vertex -1.566706895828247 87.77865600585938 148.31455993652344
			vertex -1.566706895828247 88.34323120117188 148.98733520507812
		endloop
	endfacet
	facet normal 1 0 0
		outer loop
			vertex -1.566706895828247 87.77865600585938 148.31455993652344
			vertex -1.566706895828247 88.44662475585938 148.70941162109375
			vertex -1.566706895828247 88.34323120117188 148.98733520507812
		endloop
	endfacet
	facet normal 1 0 0
		outer loop
			vertex -1.566706895828247 88.34323120117188 148.98733520507812
			vertex -1.566706895828247 88.44662475585938 148.70941162109375
			vertex -1.566706895828247 89.22069549560547 149.13790893554688
		endloop
	endfacet
	facet normal 0.9999999999998849 2.3246339190673397e-7 -4.199398774920825e-7
		outer loop
			vertex -1.566706895828247 88.44662475585938 148.70941162109375
			vertex -1.5667070150375366 89.2103271484375 148.84829711914062
			vertex -1.566706895828247 89.22069549560547 149.13790893554688
		endloop
	endfacet
	facet normal 0.9999999999998509 -3.7393399312077567e-7 -3.9823033991956104e-7
		outer loop
			vertex -1.566706895828247 89.22069549560547 149.13790893554688
			vertex -1.5667070150375366 89.2103271484375 148.84829711914062
			vertex -1.566706657409668 90.08514404296875 148.92489624023438
		endloop
	endfacet
	facet normal 0.9999999999998905 -4.2582637223078907e-7 1.944178431749327e-7
		outer loop
			vertex -1.5667070150375366 89.2103271484375 148.84829711914062
			vertex -1.566706657409668 89.96195983886719 148.65509033203125
			vertex -1.566706657409668 90.08514404296875 148.92489624023438
		endloop
	endfacet
	facet normal 0.9999999999999629 -2.4792779075280403e-7 1.1319539954458696e-7
		outer loop
			vertex -1.566706657409668 90.08514404296875 148.92489624023438
			vertex -1.566706657409668 89.96195983886719 148.65509033203125
			vertex -1.5667064189910889 90.8121109008789 148.410888671875
		endloop
	endfacet
	facet normal 0.9999999999999506 -2.143323771938893e-7 2.3015273921851355e-7
		outer loop
			vertex -1.566706657409668 89.96195983886719 148.65509033203125
			vertex -1.5667064189910889 90.60000610351562 148.21336364746094
			vertex -1.5667064189910889 90.8121109008789 148.410888671875
		endloop
	endfacet
	facet normal 0.9999999999999626 -1.8644467595043194e-7 2.002065830860548e-7
		outer loop
			vertex -1.5667064189910889 90.8121109008789 148.410888671875
			vertex -1.5667064189910889 90.60000610351562 148.21336364746094
			vertex -1.5667061805725098 91.27275085449219 147.6490020751953
		endloop
	endfacet
	facet normal 0.9999999999999514 -1.091554641832417e-7 2.923388509064051e-7
		outer loop
			vertex -1.5667064189910889 90.60000610351562 148.21336364746094
			vertex -1.5667061805725098 90.99490356445312 147.54525756835938
			vertex -1.5667061805725098 91.27275085449219 147.6490020751953
		endloop
	endfacet
	facet normal 0.9999999999999629 -9.53408185459766e-8 2.553406331671846e-7
		outer loop
			vertex -1.5667061805725098 91.27275085449219 147.6490020751953
			vertex -1.5667061805725098 90.99490356445312 147.54525756835938
			vertex -1.5667059421539307 91.42333221435547 146.77149963378906
		endloop
	endfacet
	facet normal 0.9999999999999507 1.1262883307454473e-8 3.143669487874792e-7
		outer loop
			vertex -1.5667061805725098 90.99490356445312 147.54525756835938
			vertex -1.5667059421539307 91.13372039794922 146.78187561035156
			vertex -1.5667059421539307 91.42333221435547 146.77149963378906
		endloop
	endfacet
	facet normal 1 0 0
		outer loop
			vertex -1.5667059421539307 91.42333221435547 146.77149963378906
			vertex -1.5667059421539307 91.13372039794922 146.78187561035156
			vertex -1.5667059421539307 91.21029663085938 145.90704345703125
		endloop
	endfacet
	facet normal 1 0 0
		outer loop
			vertex -1.5667059421539307 91.13372039794922 146.78187561035156
			vertex -1.5667059421539307 90.94060516357422 146.03038024902344
			vertex -1.5667059421539307 91.21029663085938 145.90704345703125
		endloop
	endfacet
	facet normal 0.9999999999999629 1.1334578508723413e-7 2.4784486929658785e-7
		outer loop
			vertex -1.5667059421539307 91.21029663085938 145.90704345703125
			vertex -1.5667059421539307 90.94060516357422 146.03038024902344
			vertex -1.5667057037353516 90.6962890625 145.18014526367188
		endloop
	endfacet
	facet normal 0.9999999999996452 -6.92704048529942e-7 4.794643109964219e-7
		outer loop
			vertex -1.5667059421539307 90.94060516357422 146.03038024902344
			vertex -1.5667059421539307 90.49896240234375 145.39231872558594
			vertex -1.5667057037353516 90.6962890625 145.18014526367188
		endloop
	endfacet
	facet normal 0.9999999999996563 -6.35157989695686e-7 5.329835941927377e-7
		outer loop
			vertex -1.5667057037353516 90.6962890625 145.18014526367188
			vertex -1.5667059421539307 90.49896240234375 145.39231872558594
			vertex -1.5667059421539307 89.93438720703125 144.71951293945312
		endloop
	endfacet
	facet normal 1 0 0
		outer loop
			vertex -1.5667059421539307 90.49896240234375 145.39231872558594
			vertex -1.5667059421539307 89.83096313476562 144.9974365234375
			vertex -1.5667059421539307 89.93438720703125 144.71951293945312
		endloop
	endfacet
	facet normal 1 0 0
		outer loop
			vertex -1.5667059421539307 89.93438720703125 144.71951293945312
			vertex -1.5667059421539307 89.83096313476562 144.9974365234375
			vertex -1.5667059421539307 89.05692291259766 144.56893920898438
		endloop
	endfacet
	facet normal 1 0 0
		outer loop
			vertex -1.5667059421539307 89.83096313476562 144.9974365234375
			vertex -1.5667059421539307 89.06729125976562 144.85855102539062
			vertex -1.5667059421539307 89.05692291259766 144.56893920898438
		endloop
	endfacet
	facet normal 0 0 0
		outer loop
			vertex -1.5667059421539307 89.05692291259766 144.56893920898438
			vertex -1.5667059421539307 89.06729125976562 144.85855102539062
			vertex -1.5667059421539307 89.06729125976562 144.85855102539062
		endloop
	endfacet
	facet normal 0 0 0
		outer loop
			vertex -1.5667059421539307 89.06729125976562 144.85855102539062
			vertex -1.5667059421539307 89.06729125976562 144.85855102539062
			vertex -1.5667059421539307 89.06729125976562 144.85855102539062
		endloop
	endfacet
	facet normal 0 0 0
		outer loop
			vertex -1.5667059421539307 89.06729125976562 144.85855102539062
			vertex -1.5667059421539307 89.06729125976562 144.85855102539062
			vertex -1.5667059421539307 89.06729125976562 144.85855102539062
		endloop
	endfacet
	facet normal 0 0 0
		outer loop
			vertex -1.5667059421539307 89.06729125976562 144.85855102539062
			vertex -1.5667061805725098 88.31535339355469 145.05184936523438
			vertex -1.5667059421539307 89.06729125976562 144.85855102539062
		endloop
	endfacet
	facet normal 0.9999999999999514 -2.8386019871192365e-7 1.2919586893545576e-7
		outer loop
			vertex -1.5667059421539307 89.06729125976562 144.85855102539062
			vertex -1.5667061805725098 88.31535339355469 145.05184936523438
			vertex -1.5667061805725098 88.19251251220703 144.78195190429688
		endloop
	endfacet
	facet normal 0 0 0
		outer loop
			vertex -1.5667061805725098 88.31535339355469 145.05184936523438
			vertex -1.5667061805725098 88.31535339355469 145.05184936523438
			vertex -1.5667061805725098 88.19251251220703 144.78195190429688
		endloop
	endfacet
	facet normal 0.9999999999999629 -2.481170300955106e-7 1.129277561501531e-7
		outer loop
			vertex -1.5667061805725098 88.19251251220703 144.78195190429688
			vertex -1.5667061805725098 88.31535339355469 145.05184936523438
			vertex -1.5667064189910889 87.46554565429688 145.29595947265625
		endloop
	endfacet
	facet normal 0.9999999999999506 -2.1447831257320026e-7 2.3003246267408342e-7
		outer loop
			vertex -1.5667061805725098 88.31535339355469 145.05184936523438
			vertex -1.5667064189910889 87.67744445800781 145.4935302734375
			vertex -1.5667064189910889 87.46554565429688 145.29595947265625
		endloop
	endfacet
	facet normal 0 0 0
		outer loop
			vertex -1.5667064189910889 87.46554565429688 145.29595947265625
			vertex -1.5667064189910889 87.67744445800781 145.4935302734375
			vertex -1.5667064189910889 87.67744445800781 145.4935302734375
		endloop
	endfacet
	facet normal 0 0 0
		outer loop
			vertex -1.5667064189910889 87.67744445800781 145.4935302734375
			vertex -1.5667064189910889 90.8121109008789 148.410888671875
			vertex -1.5667064189910889 87.67744445800781 145.4935302734375
		endloop
	endfacet
	facet normal 0 0 0
		outer loop
			vertex -1.5667064189910889 87.67744445800781 145.4935302734375
			vertex -1.5667064189910889 90.8121109008789 148.410888671875
			vertex -1.5667064189910889 90.8121109008789 148.410888671875
		endloop
	endfacet
	facet normal 0 0 0
		outer loop
			vertex -1.5667064189910889 90.8121109008789 148.410888671875
			vertex -1.5667071342468262 94.5835952758789 151.9199981689453
			vertex -1.5667064189910889 90.8121109008789 148.410888671875
		endloop
	endfacet
	facet normal 0.9999999999999446 -1.0446194652242525e-7 3.161008048686246e-7
		outer loop
			vertex -1.5667064189910889 90.8121109008789 148.410888671875
			vertex -1.5667071342468262 94.5835952758789 151.9199981689453
			vertex -1.566706657409668 90.08514404296875 148.92489624023438
		endloop
	endfacet
	facet normal 0.9999999999998975 -1.7266904117668336e-7 4.185434917432912e-7
		outer loop
			vertex -1.5667071342468262 94.5835952758789 151.9199981689453
			vertex -1.566706895828247 89.22069549560547 149.13790893554688
			vertex -1.566706657409668 90.08514404296875 148.92489624023438
		endloop
	endfacet
	facet normal 0 0 0
		outer loop
			vertex -1.566706657409668 90.08514404296875 148.92489624023438
			vertex -1.566706895828247 89.22069549560547 149.13790893554688
			vertex -1.566706895828247 89.22069549560547 149.13790893554688
		endloop
	endfacet
	facet normal 0 0 0
		outer loop
			vertex -1.566706895828247 89.22069549560547 149.13790893554688
			vertex -1.5667064189910889 90.8121109008789 148.410888671875
			vertex -1.566706895828247 89.22069549560547 149.13790893554688
		endloop
	endfacet
	facet normal 0 0 0
		outer loop
			vertex -1.566706895828247 89.22069549560547 149.13790893554688
			vertex -1.5667064189910889 90.8121109008789 148.410888671875
			vertex -1.5667064189910889 90.8121109008789 148.410888671875
		endloop
	endfacet
	facet normal 0 0 0
		outer loop
			vertex -1.5667064189910889 90.8121109008789 148.410888671875
			vertex -1.5667061805725098 91.27275085449219 147.6490020751953
			vertex -1.5667064189910889 90.8121109008789 148.410888671875
		endloop
	endfacet
	facet normal 0.9999999999999606 -6.496680929740152e-8 2.7365263018014414e-7
		outer loop
			vertex -1.5667064189910889 90.8121109008789 148.410888671875
			vertex -1.5667061805725098 91.27275085449219 147.6490020751953
			vertex -1.5667071342468262 94.5835952758789 151.9199981689453
		endloop
	endfacet
	facet normal 0 0 0
		outer loop
			vertex -1.5667061805725098 91.27275085449219 147.6490020751953
			vertex -1.5667061805725098 91.27275085449219 147.6490020751953
			vertex -1.5667071342468262 94.5835952758789 151.9199981689453
		endloop
	endfacet
	facet normal 0.9999999999999646 -4.909023244875287e-8 2.6134522583318553e-7
		outer loop
			vertex -1.5667071342468262 94.5835952758789 151.9199981689453
			vertex -1.5667061805725098 91.27275085449219 147.6490020751953
			vertex -1.5667030811309814 121.41999816894531 141.4521942138672
		endloop
	endfacet
	facet normal 0.9999999999999641 -4.867856373763136e-8 2.6334797930296003e-7
		outer loop
			vertex -1.5667061805725098 91.27275085449219 147.6490020751953
			vertex -1.5667059421539307 91.42333221435547 146.77149963378906
			vertex -1.5667030811309814 121.41999816894531 141.4521942138672
		endloop
	endfacet
	facet normal 0 0 0
		outer loop
			vertex -1.5667030811309814 121.41999816894531 141.4521942138672
			vertex -1.5667059421539307 91.42333221435547 146.77149963378906
			vertex -1.5667030811309814 121.41999816894531 141.4521942138672
		endloop
	endfacet
	facet normal 0.9999999999999956 -9.138444239658303e-8 2.2520676619418104e-8
		outer loop
			vertex -1.5667059421539307 91.42333221435547 146.77149963378906
			vertex -1.5667059421539307 91.21029663085938 145.90704345703125
			vertex -1.5667030811309814 121.41999816894531 141.4521942138672
		endloop
	endfacet
	facet normal 0 0 0
		outer loop
			vertex -1.5667030811309814 121.41999816894531 141.4521942138672
			vertex -1.5667059421539307 91.21029663085938 145.90704345703125
			vertex -1.5667030811309814 121.41999816894531 141.4521942138672
		endloop
	endfacet
	facet normal 0.9999999999999353 -4.1962350558019206e-8 3.5766706706613263e-7
		outer loop
			vertex -1.5667059421539307 91.21029663085938 145.90704345703125
			vertex -1.5667057037353516 90.6962890625 145.18014526367188
			vertex -1.5667030811309814 121.41999816894531 141.4521942138672
		endloop
	endfacet
	facet normal 0 0 0
		outer loop
			vertex -1.5667030811309814 121.41999816894531 141.4521942138672
			vertex -1.5667057037353516 90.6962890625 145.18014526367188
			vertex -1.5667030811309814 121.41999816894531 141.4521942138672
		endloop
	endfacet
	facet normal 0.9999999999999434 -1.2339847642537072e-7 -3.1348440688775355e-7
		outer loop
			vertex -1.5667057037353516 90.6962890625 145.18014526367188
			vertex -1.5667059421539307 89.93438720703125 144.71951293945312
			vertex -1.5667030811309814 121.41999816894531 141.4521942138672
		endloop
	endfacet
	facet normal 0 0 0
		outer loop
			vertex -1.5667030811309814 121.41999816894531 141.4521942138672
			vertex -1.5667059421539307 89.93438720703125 144.71951293945312
			vertex -1.5667030811309814 121.41999816894531 141.4521942138672
		endloop
	endfacet
	facet normal 0.9999999999999439 -5.6624966557967544e-8 3.2998044329136627e-7
		outer loop
			vertex -1.5667059421539307 89.93438720703125 144.71951293945312
			vertex -1.5667059421539307 89.05692291259766 144.56893920898438
			vertex -1.5667030811309814 121.41999816894531 141.4521942138672
		endloop
	endfacet
	facet normal 0.9999999999999954 -8.404765374362939e-8 4.523385975274777e-8
		outer loop
			vertex -1.5667030811309814 121.41999816894531 141.4521942138672
			vertex -1.5667059421539307 89.05692291259766 144.56893920898438
			vertex -1.5667064189910889 81.73816680908203 141.51177978515625
		endloop
	endfacet
	facet normal 0 0 0
		outer loop
			vertex -1.5667059421539307 89.05692291259766 144.56893920898438
			vertex -1.5667064189910889 81.73816680908203 141.51177978515625
			vertex -1.5667064189910889 81.73816680908203 141.51177978515625
		endloop
	endfacet
	facet normal 0 0 0
		outer loop
			vertex -1.5667064189910889 81.73816680908203 141.51177978515625
			vertex -1.5667064189910889 81.73816680908203 141.51177978515625
			vertex -1.5667064189910889 81.73816680908203 141.51177978515625
		endloop
	endfacet
	facet normal 0 0 0
		outer loop
			vertex -1.5667064189910889 81.73816680908203 141.51177978515625
			vertex -1.5667064189910889 81.73816680908203 141.51177978515625
			vertex -1.5667064189910889 81.73816680908203 141.51177978515625
		endloop
	endfacet
	facet normal 0 0 0
		outer loop
			vertex -1.5667064189910889 81.73816680908203 141.51177978515625
			vertex -1.5667064189910889 81.73816680908203 141.51177978515625
			vertex -1.5667078495025635 81.76235961914062 151.9199981689453
		endloop
	endfacet
	facet normal 0.9999999999999835 -1.1886956867280032e-7 1.3771687052017653e-7
		outer loop
			vertex -1.5667064189910889 81.73816680908203 141.51177978515625
			vertex -1.5667064189910889 87.00494384765625 146.05776977539062
			vertex -1.5667078495025635 81.76235961914062 151.9199981689453
		endloop
	endfacet
	facet normal 0 0 0
		outer loop
			vertex -1.5667078495025635 81.76235961914062 151.9199981689453
			vertex -1.5667064189910889 87.00494384765625 146.05776977539062
			vertex -1.5667078495025635 81.76235961914062 151.9199981689453
		endloop
	endfacet
	facet normal 0.9999999999999606 3.8286962310928734e-8 2.782617786048476e-7
		outer loop
			vertex -1.5667064189910889 87.00494384765625 146.05776977539062
			vertex -1.566706657409668 86.85436248779297 146.935302734375
			vertex -1.5667078495025635 81.76235961914062 151.9199981689453
		endloop
	endfacet
	facet normal 0 0 0
		outer loop
			vertex -1.5667078495025635 81.76235961914062 151.9199981689453
			vertex -1.566706657409668 86.85436248779297 146.935302734375
			vertex -1.5667078495025635 81.76235961914062 151.9199981689453
		endloop
	endfacet
	facet normal 0.9999999999999635 2.8910660747894253e-8 2.6868362983266825e-7
		outer loop
			vertex -1.566706657409668 86.85436248779297 146.935302734375
			vertex -1.566706895828247 87.06734466552734 147.79974365234375
			vertex -1.5667078495025635 81.76235961914062 151.9199981689453
		endloop
	endfacet
	facet normal 0 0 0
		outer loop
			vertex -1.5667078495025635 81.76235961914062 151.9199981689453
			vertex -1.566706895828247 87.06734466552734 147.79974365234375
			vertex -1.5667078495025635 81.76235961914062 151.9199981689453
		endloop
	endfacet
	facet normal 0.9999999999999899 -1.1604375564196148e-7 8.204928278991843e-8
		outer loop
			vertex -1.566706895828247 87.06734466552734 147.79974365234375
			vertex -1.566706895828247 87.58134460449219 148.52670288085938
			vertex -1.5667078495025635 81.76235961914062 151.9199981689453
		endloop
	endfacet
	facet normal 0 0 0
		outer loop
			vertex -1.5667078495025635 81.76235961914062 151.9199981689453
			vertex -1.566706895828247 87.58134460449219 148.52670288085938
			vertex -1.5667078495025635 81.76235961914062 151.9199981689453
		endloop
	endfacet
	facet normal 0.999999999999987 -8.342511925163713e-8 1.3798527989113203e-7
		outer loop
			vertex -1.566706895828247 87.58134460449219 148.52670288085938
			vertex -1.566706895828247 88.34323120117188 148.98733520507812
			vertex -1.5667078495025635 81.76235961914062 151.9199981689453
		endloop
	endfacet
	facet normal 0 0 0
		outer loop
			vertex -1.5667078495025635 81.76235961914062 151.9199981689453
			vertex -1.566706895828247 88.34323120117188 148.98733520507812
			vertex -1.5667078495025635 81.76235961914062 151.9199981689453
		endloop
	endfacet
	facet normal 0.9999999999999716 -4.0288917206066884e-8 2.3478256266654634e-7
		outer loop
			vertex -1.566706895828247 88.34323120117188 148.98733520507812
			vertex -1.566706895828247 89.22069549560547 149.13790893554688
			vertex -1.5667078495025635 81.76235961914062 151.9199981689453
		endloop
	endfacet
	facet normal 0.9999999999999799 -5.578680218148599e-8 1.932352139568539e-7
		outer loop
			vertex -1.5667078495025635 81.76235961914062 151.9199981689453
			vertex -1.566706895828247 89.22069549560547 149.13790893554688
			vertex -1.5667071342468262 94.5835952758789 151.9199981689453
		endloop
	endfacet
	facet normal 0 0 0
		outer loop
			vertex -1.566706895828247 89.22069549560547 149.13790893554688
			vertex -1.5667071342468262 94.5835952758789 151.9199981689453
			vertex -1.5667071342468262 94.5835952758789 151.9199981689453
		endloop
	endfacet
	facet normal 0 0 0
		outer loop
			vertex -1.5667071342468262 94.5835952758789 151.9199981689453
			vertex -1.5667071342468262 94.5835952758789 151.9199981689453
			vertex -1.5666794776916504 109.87499237060547 -15.934564590454102
		endloop
	endfacet
	facet normal 0 0 0
		outer loop
			vertex -1.5667071342468262 94.5835952758789 151.9199981689453
			vertex -1.5666794776916504 109.87499237060547 -15.934564590454102
			vertex -1.5666794776916504 109.87499237060547 -15.934564590454102
		endloop
	endfacet
	facet normal 0 0 0
		outer loop
			vertex -1.5666794776916504 109.87499237060547 -15.934564590454102
			vertex -1.5666794776916504 109.87499237060547 -15.934564590454102
			vertex -1.5666794776916504 109.60531616210938 -16.057933807373047
		endloop
	endfacet
	facet normal 0.9999999999999628 -1.1338903963986812e-7 2.4786026092054354e-7
		outer loop
			vertex -1.5666794776916504 109.87499237060547 -15.934564590454102
			vertex -1.5666797161102295 109.39228057861328 -15.19348430633545
			vertex -1.5666794776916504 109.60531616210938 -16.057933807373047
		endloop
	endfacet
	facet normal 0.9999999999999477 -2.4019697347144485e-7 2.1660961858305362e-7
		outer loop
			vertex -1.5666794776916504 109.60531616210938 -16.057933807373047
			vertex -1.5666797161102295 109.39228057861328 -15.19348430633545
			vertex -1.5666790008544922 108.0635986328125 -19.968900680541992
		endloop
	endfacet
	facet normal 0 0 0
		outer loop
			vertex -1.5666797161102295 109.39228057861328 -15.19348430633545
			vertex -1.5666797161102295 109.39228057861328 -15.19348430633545
			vertex -1.5666790008544922 108.0635986328125 -19.968900680541992
		endloop
	endfacet
	facet normal 0.9999999999989848 0.000001404514808379744 -2.410046875527739e-7
		outer loop
			vertex -1.5666790008544922 108.0635986328125 -19.968900680541992
			vertex -1.5666797161102295 109.39228057861328 -15.19348430633545
			vertex -1.5666797161102295 109.5428466796875 -14.316022872924805
		endloop
	endfacet
	facet normal 1 0 0
		outer loop
			vertex -1.5666797161102295 109.39228057861328 -15.19348430633545
			vertex -1.5666797161102295 109.681884765625 -15.183088302612305
			vertex -1.5666797161102295 109.5428466796875 -14.316022872924805
		endloop
	endfacet
	facet normal 0 0 0
		outer loop
			vertex -1.5666797161102295 109.5428466796875 -14.316022872924805
			vertex -1.5666797161102295 109.681884765625 -15.183088302612305
			vertex -1.5666797161102295 109.5428466796875 -14.316022872924805
		endloop
	endfacet
	facet normal 1 0 0
		outer loop
			vertex -1.5666797161102295 109.681884765625 -15.183088302612305
			vertex -1.5666797161102295 109.82077026367188 -14.419412612915039
			vertex -1.5666797161102295 109.5428466796875 -14.316022872924805
		endloop
	endfacet
	facet normal 1 0 0
		outer loop
			vertex -1.5666797161102295 109.5428466796875 -14.316022872924805
			vertex -1.5666797161102295 109.82077026367188 -14.419412612915039
			vertex -1.5666797161102295 110.00346374511719 -13.554129600524902
		endloop
	endfacet
	facet normal 0.9999999999998848 4.6966259634054e-7 -9.916327213345371e-8
		outer loop
			vertex -1.5666797161102295 109.82077026367188 -14.419412612915039
			vertex -1.566679835319519 110.21562194824219 -13.751445770263672
			vertex -1.5666797161102295 110.00346374511719 -13.554129600524902
		endloop
	endfacet
	facet normal 0.9999999999999118 2.4268543378356833e-7 -3.432135545925889e-7
		outer loop
			vertex -1.5666797161102295 110.00346374511719 -13.554129600524902
			vertex -1.566679835319519 110.21562194824219 -13.751445770263672
			vertex -1.5666797161102295 110.7303695678711 -13.040136337280273
		endloop
	endfacet
	facet normal 0.999999999999988 -1.4174983634477523e-7 -6.501235125697969e-8
		outer loop
			vertex -1.566679835319519 110.21562194824219 -13.751445770263672
			vertex -1.5666797161102295 110.85398864746094 -13.309669494628906
			vertex -1.5666797161102295 110.7303695678711 -13.040136337280273
		endloop
	endfacet
	facet normal 1 0 0
		outer loop
			vertex -1.5666797161102295 110.7303695678711 -13.040136337280273
			vertex -1.5666797161102295 110.85398864746094 -13.309669494628906
			vertex -1.5666797161102295 111.59486389160156 -12.827078819274902
		endloop
	endfacet
	facet normal 1 0 0
		outer loop
			vertex -1.5666797161102295 110.85398864746094 -13.309669494628906
			vertex -1.5666797161102295 111.60551452636719 -13.116661071777344
			vertex -1.5666797161102295 111.59486389160156 -12.827078819274902
		endloop
	endfacet
	facet normal 0.9999999999999626 -2.7344114093277656e-7 -1.005697585678612e-8
		outer loop
			vertex -1.5666797161102295 111.59486389160156 -12.827078819274902
			vertex -1.5666797161102295 111.60551452636719 -13.116661071777344
			vertex -1.5666794776916504 112.47232055664062 -12.977638244628906
		endloop
	endfacet
	facet normal 0.9999999999999514 -2.9248035749576966e-7 1.0865236178936984e-7
		outer loop
			vertex -1.5666797161102295 111.60551452636719 -13.116661071777344
			vertex -1.5666794776916504 112.36905670166016 -13.255613327026367
			vertex -1.5666794776916504 112.47232055664062 -12.977638244628906
		endloop
	endfacet
	facet normal 0.9999999999999628 -2.5553641472301243e-7 9.492820379653964e-8
		outer loop
			vertex -1.5666794776916504 112.47232055664062 -12.977638244628906
			vertex -1.5666794776916504 112.36905670166016 -13.255613327026367
			vertex -1.5666792392730713 113.23420715332031 -13.438289642333984
		endloop
	endfacet
	facet normal 0.9999999999999505 -2.3029461184391275e-7 2.1447274970438128e-7
		outer loop
			vertex -1.5666794776916504 112.36905670166016 -13.255613327026367
			vertex -1.5666792392730713 113.03680419921875 -13.65025520324707
			vertex -1.5666792392730713 113.23420715332031 -13.438289642333984
		endloop
	endfacet
	facet normal 0.9999999999999626 -2.00188091416645e-7 1.8643462858479712e-7
		outer loop
			vertex -1.5666792392730713 113.23420715332031 -13.438289642333984
			vertex -1.5666792392730713 113.03680419921875 -13.65025520324707
			vertex -1.5666790008544922 113.74819946289062 -14.16521167755127
		endloop
	endfacet
	facet normal 0.9999999999999157 -4.0069551406937376e-7 -9.055971544971591e-8
		outer loop
			vertex -1.5666792392730713 113.03680419921875 -13.65025520324707
			vertex -1.5666791200637817 113.478515625 -14.288314819335938
			vertex -1.5666790008544922 113.74819946289062 -14.16521167755127
		endloop
	endfacet
	facet normal 0.9999999999998586 -5.10507177159972e-7 1.5000628731919167e-7
		outer loop
			vertex -1.5666790008544922 113.74819946289062 -14.16521167755127
			vertex -1.5666791200637817 113.478515625 -14.288314819335938
			vertex -1.566678762435913 113.96122741699219 -15.029617309570312
		endloop
	endfacet
	facet normal 0.9999999999998888 -1.694197529778114e-8 4.7139970794640166e-7
		outer loop
			vertex -1.5666791200637817 113.478515625 -14.288314819335938
			vertex -1.566678762435913 113.6717529296875 -15.040020942687988
			vertex -1.566678762435913 113.96122741699219 -15.029617309570312
		endloop
	endfacet
	facet normal 0 0 0
		outer loop
			vertex -1.566678762435913 113.96122741699219 -15.029617309570312
			vertex -1.566678762435913 113.6717529296875 -15.040020942687988
			vertex -1.566678762435913 113.6717529296875 -15.040020942687988
		endloop
	endfacet
	facet normal 0 0 0
		outer loop
			vertex -1.566678762435913 113.6717529296875 -15.040020942687988
			vertex -1.5666794776916504 109.87499237060547 -15.934564590454102
			vertex -1.566678762435913 113.6717529296875 -15.040020942687988
		endloop
	endfacet
	facet normal 0 0 0
		outer loop
			vertex -1.566678762435913 113.6717529296875 -15.040020942687988
			vertex -1.5666794776916504 109.87499237060547 -15.934564590454102
			vertex -1.5666794776916504 109.87499237060547 -15.934564590454102
		endloop
	endfacet
	facet normal 0 0 0
		outer loop
			vertex -1.5666794776916504 109.87499237060547 -15.934564590454102
			vertex -1.5666797161102295 109.681884765625 -15.183088302612305
			vertex -1.5666794776916504 109.87499237060547 -15.934564590454102
		endloop
	endfacet
	facet normal 0.9999999999999507 -1.128492281307908e-8 3.143670379316898e-7
		outer loop
			vertex -1.5666794776916504 109.87499237060547 -15.934564590454102
			vertex -1.5666797161102295 109.681884765625 -15.183088302612305
			vertex -1.5666797161102295 109.39228057861328 -15.19348430633545
		endloop
	endfacet
	facet normal 0 0 0
		outer loop
			vertex -1.5666797161102295 109.681884765625 -15.183088302612305
			vertex -1.5666797161102295 109.39228057861328 -15.19348430633545
			vertex -1.5666797161102295 109.39228057861328 -15.19348430633545
		endloop
	endfacet
	facet normal 0 0 0
		outer loop
			vertex -1.5666797161102295 109.39228057861328 -15.19348430633545
			vertex -1.5666797161102295 109.39228057861328 -15.19348430633545
			vertex -1.566678762435913 113.96122741699219 -15.029617309570312
		endloop
	endfacet
	facet normal 0 0 0
		outer loop
			vertex -1.5666797161102295 109.39228057861328 -15.19348430633545
			vertex -1.566678762435913 113.96122741699219 -15.029617309570312
			vertex -1.566678762435913 113.96122741699219 -15.029617309570312
		endloop
	endfacet
	facet normal 0 0 0
		outer loop
			vertex -1.566678762435913 113.96122741699219 -15.029617309570312
			vertex -1.566678762435913 113.96122741699219 -15.029617309570312
			vertex -1.5666790008544922 113.74819946289062 -14.16521167755127
		endloop
	endfacet
	facet normal 0.9999999999999543 -2.0108659755619505e-7 2.2626126598698796e-7
		outer loop
			vertex -1.566678762435913 113.96122741699219 -15.029617309570312
			vertex -1.5666782855987549 121.41999816894531 -10.508199691772461
			vertex -1.5666790008544922 113.74819946289062 -14.16521167755127
		endloop
	endfacet
	facet normal 0.9999999999999635 -1.8666121083237732e-7 1.9599922046116188e-7
		outer loop
			vertex -1.5666790008544922 113.74819946289062 -14.16521167755127
			vertex -1.5666782855987549 121.41999816894531 -10.508199691772461
			vertex -1.5666792392730713 113.23420715332031 -13.438289642333984
		endloop
	endfacet
	facet normal 0 0 0
		outer loop
			vertex -1.5666782855987549 121.41999816894531 -10.508199691772461
			vertex -1.5666782855987549 121.41999816894531 -10.508199691772461
			vertex -1.5666792392730713 113.23420715332031 -13.438289642333984
		endloop
	endfacet
	facet normal 0.9999999999999613 -1.8954903097016705e-7 2.0406692231930183e-7
		outer loop
			vertex -1.5666792392730713 113.23420715332031 -13.438289642333984
			vertex -1.5666782855987549 121.41999816894531 -10.508199691772461
			vertex -1.5666794776916504 112.47232055664062 -12.977638244628906
		endloop
	endfacet
	facet normal 0.9999999999999707 -1.7853745316522244e-7 1.6416795496597528e-7
		outer loop
			vertex -1.5666782855987549 121.41999816894531 -10.508199691772461
			vertex -1.566680669784546 108.06620025634766 -10.508000373840332
			vertex -1.5666794776916504 112.47232055664062 -12.977638244628906
		endloop
	endfacet
	facet normal 0.9999999999999629 -2.722280057794853e-7 -2.986853721650356e-9
		outer loop
			vertex -1.5666794776916504 112.47232055664062 -12.977638244628906
			vertex -1.566680669784546 108.06620025634766 -10.508000373840332
			vertex -1.5666797161102295 111.59486389160156 -12.827078819274902
		endloop
	endfacet
	facet normal 0 0 0
		outer loop
			vertex -1.566680669784546 108.06620025634766 -10.508000373840332
			vertex -1.566680669784546 108.06620025634766 -10.508000373840332
			vertex -1.5666797161102295 111.59486389160156 -12.827078819274902
		endloop
	endfacet
	facet normal 0.9999999999999527 -7.37084261032424e-8 2.9907659008659527e-7
		outer loop
			vertex -1.5666797161102295 111.59486389160156 -12.827078819274902
			vertex -1.566680669784546 108.06620025634766 -10.508000373840332
			vertex -1.5666797161102295 110.7303695678711 -13.040136337280273
		endloop
	endfacet
	facet normal 0 0 0
		outer loop
			vertex -1.566680669784546 108.06620025634766 -10.508000373840332
			vertex -1.566680669784546 108.06620025634766 -10.508000373840332
			vertex -1.5666797161102295 110.7303695678711 -13.040136337280273
		endloop
	endfacet
	facet normal 0.9999999999999651 -1.527052287778904e-7 2.159606514352031e-7
		outer loop
			vertex -1.5666797161102295 110.7303695678711 -13.040136337280273
			vertex -1.566680669784546 108.06620025634766 -10.508000373840332
			vertex -1.5666797161102295 110.00346374511719 -13.554129600524902
		endloop
	endfacet
	facet normal 0 0 0
		outer loop
			vertex -1.566680669784546 108.06620025634766 -10.508000373840332
			vertex -1.566680669784546 108.06620025634766 -10.508000373840332
			vertex -1.5666797161102295 110.00346374511719 -13.554129600524902
		endloop
	endfacet
	facet normal 0.9999999999999565 -2.523709823173747e-7 1.5257567626036384e-7
		outer loop
			vertex -1.5666797161102295 110.00346374511719 -13.554129600524902
			vertex -1.566680669784546 108.06620025634766 -10.508000373840332
			vertex -1.5666797161102295 109.5428466796875 -14.316022872924805
		endloop
	endfacet
	facet normal 0 0 0
		outer loop
			vertex -1.566680669784546 108.06620025634766 -10.508000373840332
			vertex -1.566680669784546 108.06620025634766 -10.508000373840332
			vertex -1.5666797161102295 109.5428466796875 -14.316022872924805
		endloop
	endfacet
	facet normal 0.9999999999999662 -1.9078934055659598e-7 1.7645534374429317e-7
		outer loop
			vertex -1.5666797161102295 109.5428466796875 -14.316022872924805
			vertex -1.566680669784546 108.06620025634766 -10.508000373840332
			vertex -1.5666790008544922 108.0635986328125 -19.968900680541992
		endloop
	endfacet
	facet normal 0.9999999999999715 -1.6128264615562612e-7 1.7644722979021893e-7
		outer loop
			vertex -1.566680669784546 108.06620025634766 -10.508000373840332
			vertex -1.5666906833648682 35.626399993896484 -19.97089958190918
			vertex -1.5666790008544922 108.0635986328125 -19.968900680541992
		endloop
	endfacet
	facet normal 0.9999999999999796 -1.6128113722445878e-7 1.2176581899644951e-7
		outer loop
			vertex -1.5666790008544922 108.0635986328125 -19.968900680541992
			vertex -1.5666906833648682 35.626399993896484 -19.97089958190918
			vertex -1.5666868686676025 35.599937438964844 -51.3340950012207
		endloop
	endfacet
	facet normal 0.9999999999999774 -1.7433374410230914e-7 1.2177683207473696e-7
		outer loop
			vertex -1.5666906833648682 35.626399993896484 -19.97089958190918
			vertex -1.5666923522949219 26.05299949645996 -19.971200942993164
			vertex -1.5666868686676025 35.599937438964844 -51.3340950012207
		endloop
	endfacet
	facet normal 0 0 0
		outer loop
			vertex -1.5666868686676025 35.599937438964844 -51.3340950012207
			vertex -1.5666923522949219 26.05299949645996 -19.971200942993164
			vertex -1.5666923522949219 26.05299949645996 -19.971200942993164
		endloop
	endfacet
	facet normal 0 0 0
		outer loop
			vertex -1.5666923522949219 26.05299949645996 -19.971200942993164
			vertex -1.5666790008544922 108.0635986328125 -19.968900680541992
			vertex -1.5666923522949219 26.05299949645996 -19.971200942993164
		endloop
	endfacet
	facet normal 0 0 0
		outer loop
			vertex -1.5666923522949219 26.05299949645996 -19.971200942993164
			vertex -1.5666790008544922 108.0635986328125 -19.968900680541992
			vertex -1.5666790008544922 108.0635986328125 -19.968900680541992
		endloop
	endfacet
	facet normal 0 0 0
		outer loop
			vertex -1.5666790008544922 108.0635986328125 -19.968900680541992
			vertex -1.5666868686676025 35.599937438964844 -51.3340950012207
			vertex -1.5666790008544922 108.0635986328125 -19.968900680541992
		endloop
	endfacet
	facet normal 0.9999999999999746 -1.717958869214092e-7 1.4605826404837233e-7
		outer loop
			vertex -1.5666790008544922 108.0635986328125 -19.968900680541992
			vertex -1.5666868686676025 35.599937438964844 -51.3340950012207
			vertex -1.5666747093200684 106.38845825195312 -51.321571350097656
		endloop
	endfacet
	facet normal 0.9999999999999778 -1.7179184117881687e-7 1.2319016185291634e-7
		outer loop
			vertex -1.5666868686676025 35.599937438964844 -51.3340950012207
			vertex -1.5666728019714355 106.38868713378906 -66.80421447753906
			vertex -1.5666747093200684 106.38845825195312 -51.321571350097656
		endloop
	endfacet
	facet normal 0 0 0
		outer loop
			vertex -1.5666747093200684 106.38845825195312 -51.321571350097656
			vertex -1.5666728019714355 106.38868713378906 -66.80421447753906
			vertex -1.5666728019714355 106.38868713378906 -66.80421447753906
		endloop
	endfacet
	facet normal 0 0 0
		outer loop
			vertex -1.5666728019714355 106.38868713378906 -66.80421447753906
			vertex -1.5666794776916504 109.87499237060547 -15.934564590454102
			vertex -1.5666728019714355 106.38868713378906 -66.80421447753906
		endloop
	endfacet
	facet normal 0 0 0
		outer loop
			vertex -1.5666728019714355 106.38868713378906 -66.80421447753906
			vertex -1.5666794776916504 109.87499237060547 -15.934564590454102
			vertex -1.5666794776916504 109.87499237060547 -15.934564590454102
		endloop
	endfacet
	facet normal 0 0 0
		outer loop
			vertex -1.5666794776916504 109.87499237060547 -15.934564590454102
			vertex -1.5666794776916504 109.60531616210938 -16.057933807373047
			vertex -1.5666794776916504 109.87499237060547 -15.934564590454102
		endloop
	endfacet
	facet normal 0.9999999999999514 -1.2982555180002558e-7 2.83789290794855e-7
		outer loop
			vertex -1.5666794776916504 109.87499237060547 -15.934564590454102
			vertex -1.5666794776916504 109.60531616210938 -16.057933807373047
			vertex -1.5666792392730713 110.31663513183594 -16.572650909423828
		endloop
	endfacet
	facet normal 0.9999999999999626 -2.003591558311344e-7 1.863145996478003e-7
		outer loop
			vertex -1.5666794776916504 109.60531616210938 -16.057933807373047
			vertex -1.5666792392730713 110.11932373046875 -16.784835815429688
			vertex -1.5666792392730713 110.31663513183594 -16.572650909423828
		endloop
	endfacet
	facet normal 0.9999999999999506 -2.3031965594354272e-7 2.1417496150915634e-7
		outer loop
			vertex -1.5666792392730713 110.31663513183594 -16.572650909423828
			vertex -1.5666792392730713 110.11932373046875 -16.784835815429688
			vertex -1.5666790008544922 110.98460388183594 -16.967525482177734
		endloop
	endfacet
	facet normal 0.9999999999999629 -2.55476266767184e-7 9.502473036125512e-8
		outer loop
			vertex -1.5666792392730713 110.11932373046875 -16.784835815429688
			vertex -1.5666790008544922 110.8812255859375 -17.245460510253906
			vertex -1.5666790008544922 110.98460388183594 -16.967525482177734
		endloop
	endfacet
	facet normal 0.9999999999999515 -2.924133095834702e-7 1.0876351157320364e-7
		outer loop
			vertex -1.5666790008544922 110.98460388183594 -16.967525482177734
			vertex -1.5666790008544922 110.8812255859375 -17.245460510253906
			vertex -1.566678762435913 111.748291015625 -17.106416702270508
		endloop
	endfacet
	facet normal 0.9999999999999627 -2.733987757705611e-7 -9.809513503675033e-9
		outer loop
			vertex -1.5666790008544922 110.8812255859375 -17.245460510253906
			vertex -1.566678762435913 111.75868225097656 -17.396028518676758
			vertex -1.566678762435913 111.748291015625 -17.106416702270508
		endloop
	endfacet
	facet normal 1 0 0
		outer loop
			vertex -1.566678762435913 111.748291015625 -17.106416702270508
			vertex -1.566678762435913 111.75868225097656 -17.396028518676758
			vertex -1.566678762435913 112.49994659423828 -16.913227081298828
		endloop
	endfacet
	facet normal 0 0 0
		outer loop
			vertex -1.566678762435913 111.75868225097656 -17.396028518676758
			vertex -1.566678762435913 111.75868225097656 -17.396028518676758
			vertex -1.566678762435913 112.49994659423828 -16.913227081298828
		endloop
	endfacet
	facet normal 1 0 0
		outer loop
			vertex -1.566678762435913 112.49994659423828 -16.913227081298828
			vertex -1.566678762435913 111.75868225097656 -17.396028518676758
			vertex -1.566678762435913 112.62313842773438 -17.183006286621094
		endloop
	endfacet
	facet normal 0 0 0
		outer loop
			vertex -1.566678762435913 111.75868225097656 -17.396028518676758
			vertex -1.566678762435913 111.75868225097656 -17.396028518676758
			vertex -1.566678762435913 112.62313842773438 -17.183006286621094
		endloop
	endfacet
	facet normal 0.9999999999999214 -9.488653303449652e-8 3.850548779874348e-7
		outer loop
			vertex -1.566678762435913 112.62313842773438 -17.183006286621094
			vertex -1.566678762435913 111.75868225097656 -17.396028518676758
			vertex -1.5666768550872803 121.41999816894531 -19.968700408935547
		endloop
	endfacet
	facet normal 0.9999999999996096 -4.063507478100082e-7 -7.84606199852611e-7
		outer loop
			vertex -1.566678762435913 111.75868225097656 -17.396028518676758
			vertex -1.5666790008544922 110.8812255859375 -17.245460510253906
			vertex -1.5666768550872803 121.41999816894531 -19.968700408935547
		endloop
	endfacet
	facet normal 0.9999999999999735 -1.606571062732884e-7 1.662132319942983e-7
		outer loop
			vertex -1.5666768550872803 121.41999816894531 -19.968700408935547
			vertex -1.5666790008544922 110.8812255859375 -17.245460510253906
			vertex -1.5666790008544922 108.0635986328125 -19.968900680541992
		endloop
	endfacet
	facet normal 0.9999999999999617 -1.9251265122476837e-7 1.99170461251984e-7
		outer loop
			vertex -1.5666790008544922 110.8812255859375 -17.245460510253906
			vertex -1.5666792392730713 110.11932373046875 -16.784835815429688
			vertex -1.5666790008544922 108.0635986328125 -19.968900680541992
		endloop
	endfacet
	facet normal 0.9999999999999635 -1.8711074064120378e-7 1.9568283030463628e-7
		outer loop
			vertex -1.5666790008544922 108.0635986328125 -19.968900680541992
			vertex -1.5666792392730713 110.11932373046875 -16.784835815429688
			vertex -1.5666794776916504 109.60531616210938 -16.057933807373047
		endloop
	endfacet
	facet normal 0 0 0
		outer loop
			vertex -1.5666792392730713 110.11932373046875 -16.784835815429688
			vertex -1.5666794776916504 109.60531616210938 -16.057933807373047
			vertex -1.5666794776916504 109.60531616210938 -16.057933807373047
		endloop
	endfacet
	facet normal 0 0 0
		outer loop
			vertex -1.5666794776916504 109.60531616210938 -16.057933807373047
			vertex -1.5666794776916504 109.60531616210938 -16.057933807373047
			vertex -1.566678762435913 112.49994659423828 -16.913227081298828
		endloop
	endfacet
	facet normal 0 0 0
		outer loop
			vertex -1.5666794776916504 109.60531616210938 -16.057933807373047
			vertex -1.566678762435913 112.49994659423828 -16.913227081298828
			vertex -1.566678762435913 112.49994659423828 -16.913227081298828
		endloop
	endfacet
	facet normal 0 0 0
		outer loop
			vertex -1.566678762435913 112.49994659423828 -16.913227081298828
			vertex -1.566678762435913 112.49994659423828 -16.913227081298828
			vertex -1.566678762435913 113.13799285888672 -16.471508026123047
		endloop
	endfacet
	facet normal 1 0 0
		outer loop
			vertex -1.566678762435913 112.49994659423828 -16.913227081298828
			vertex -1.566678762435913 112.62313842773438 -17.183006286621094
			vertex -1.566678762435913 113.13799285888672 -16.471508026123047
		endloop
	endfacet
	facet normal 1 0 0
		outer loop
			vertex -1.566678762435913 113.13799285888672 -16.471508026123047
			vertex -1.566678762435913 112.62313842773438 -17.183006286621094
			vertex -1.566678762435913 113.35009765625 -16.668991088867188
		endloop
	endfacet
	facet normal 0.9999999999999664 -1.497533663231762e-7 2.1179255423890167e-7
		outer loop
			vertex -1.566678762435913 112.62313842773438 -17.183006286621094
			vertex -1.5666768550872803 121.41999816894531 -19.968700408935547
			vertex -1.566678762435913 113.35009765625 -16.668991088867188
		endloop
	endfacet
	facet normal 0 0 0
		outer loop
			vertex -1.566678762435913 113.35009765625 -16.668991088867188
			vertex -1.5666768550872803 121.41999816894531 -19.968700408935547
			vertex -1.566678762435913 113.35009765625 -16.668991088867188
		endloop
	endfacet
	facet normal 0.9999999999999756 -1.8950791450717753e-7 1.145672481124278e-7
		outer loop
			vertex -1.5666768550872803 121.41999816894531 -19.968700408935547
			vertex -1.566678762435913 113.81069946289062 -15.907100677490234
			vertex -1.566678762435913 113.35009765625 -16.668991088867188
		endloop
	endfacet
	facet normal 1 0 0
		outer loop
			vertex -1.566678762435913 113.35009765625 -16.668991088867188
			vertex -1.566678762435913 113.81069946289062 -15.907100677490234
			vertex -1.566678762435913 113.53289794921875 -15.803369522094727
		endloop
	endfacet
	facet normal 0 0 0
		outer loop
			vertex -1.566678762435913 113.81069946289062 -15.907100677490234
			vertex -1.566678762435913 113.81069946289062 -15.907100677490234
			vertex -1.566678762435913 113.53289794921875 -15.803369522094727
		endloop
	endfacet
	facet normal 1 0 0
		outer loop
			vertex -1.566678762435913 113.53289794921875 -15.803369522094727
			vertex -1.566678762435913 113.81069946289062 -15.907100677490234
			vertex -1.566678762435913 113.6717529296875 -15.040020942687988
		endloop
	endfacet
	facet normal 0 0 0
		outer loop
			vertex -1.566678762435913 113.81069946289062 -15.907100677490234
			vertex -1.566678762435913 113.81069946289062 -15.907100677490234
			vertex -1.566678762435913 113.6717529296875 -15.040020942687988
		endloop
	endfacet
	facet normal 1 0 0
		outer loop
			vertex -1.566678762435913 113.6717529296875 -15.040020942687988
			vertex -1.566678762435913 113.81069946289062 -15.907100677490234
			vertex -1.566678762435913 113.96122741699219 -15.029617309570312
		endloop
	endfacet
	facet normal 0 0 0
		outer loop
			vertex -1.566678762435913 113.81069946289062 -15.907100677490234
			vertex -1.566678762435913 113.81069946289062 -15.907100677490234
			vertex -1.566678762435913 113.96122741699219 -15.029617309570312
		endloop
	endfacet
	facet normal 0.9999999999999976 -7.134922903835377e-8 1.223960916698231e-8
		outer loop
			vertex -1.566678762435913 113.96122741699219 -15.029617309570312
			vertex -1.566678762435913 113.81069946289062 -15.907100677490234
			vertex -1.5666782855987549 121.41999816894531 -10.508199691772461
		endloop
	endfacet
	facet normal 0.9999999999999741 -1.6994979967595066e-7 1.5120885430663595e-7
		outer loop
			vertex -1.566678762435913 113.81069946289062 -15.907100677490234
			vertex -1.5666768550872803 121.41999816894531 -19.968700408935547
			vertex -1.5666782855987549 121.41999816894531 -10.508199691772461
		endloop
	endfacet
	facet normal 0 0 0
		outer loop
			vertex -1.5666782855987549 121.41999816894531 -10.508199691772461
			vertex -1.5666768550872803 121.41999816894531 -19.968700408935547
			vertex -1.5666768550872803 121.41999816894531 -19.968700408935547
		endloop
	endfacet
	facet normal 0 0 0
		outer loop
			vertex -1.5666768550872803 121.41999816894531 -19.968700408935547
			vertex -1.5666768550872803 121.41999816894531 -19.968700408935547
			vertex -1.5666768550872803 121.41999816894531 -19.968700408935547
		endloop
	endfacet
	facet normal 0 0 0
		outer loop
			vertex -1.5666768550872803 121.41999816894531 -19.968700408935547
			vertex -1.5666768550872803 121.41999816894531 -19.968700408935547
			vertex -1.5666768550872803 121.41999816894531 -19.968700408935547
		endloop
	endfacet
	facet normal 0 0 0
		outer loop
			vertex -1.5666768550872803 121.41999816894531 -19.968700408935547
			vertex -1.5666790008544922 108.0635986328125 -19.968900680541992
			vertex -1.5666768550872803 121.41999816894531 -19.968700408935547
		endloop
	endfacet
	facet normal 0.9999999999999779 -1.606566665158055e-7 1.368851771847787e-7
		outer loop
			vertex -1.5666768550872803 121.41999816894531 -19.968700408935547
			vertex -1.5666790008544922 108.0635986328125 -19.968900680541992
			vertex -1.5666725635528564 121.41999816894531 -51.320045471191406
		endloop
	endfacet
	facet normal 0.9999999999999793 -1.4276565969070982e-7 1.4450720938983352e-7
		outer loop
			vertex -1.5666790008544922 108.0635986328125 -19.968900680541992
			vertex -1.5666747093200684 106.38845825195312 -51.321571350097656
			vertex -1.5666725635528564 121.41999816894531 -51.320045471191406
		endloop
	endfacet
	facet normal 0 0 0
		outer loop
			vertex -1.5666725635528564 121.41999816894531 -51.320045471191406
			vertex -1.5666747093200684 106.38845825195312 -51.321571350097656
			vertex -1.5666747093200684 106.38845825195312 -51.321571350097656
		endloop
	endfacet
	facet normal 0 0 0
		outer loop
			vertex -1.5666747093200684 106.38845825195312 -51.321571350097656
			vertex -1.566678762435913 113.53289794921875 -15.803369522094727
			vertex -1.5666747093200684 106.38845825195312 -51.321571350097656
		endloop
	endfacet
	facet normal 0 0 0
		outer loop
			vertex -1.5666747093200684 106.38845825195312 -51.321571350097656
			vertex -1.566678762435913 113.53289794921875 -15.803369522094727
			vertex -1.566678762435913 113.53289794921875 -15.803369522094727
		endloop
	endfacet
	facet normal 0 0 0
		outer loop
			vertex -1.566678762435913 113.53289794921875 -15.803369522094727
			vertex -1.566678762435913 113.13799285888672 -16.471508026123047
			vertex -1.566678762435913 113.53289794921875 -15.803369522094727
		endloop
	endfacet
	facet normal 1 0 0
		outer loop
			vertex -1.566678762435913 113.53289794921875 -15.803369522094727
			vertex -1.566678762435913 113.13799285888672 -16.471508026123047
			vertex -1.566678762435913 113.35009765625 -16.668991088867188
		endloop
	endfacet
	facet normal 0 0 0
		outer loop
			vertex -1.566678762435913 113.13799285888672 -16.471508026123047
			vertex -1.566678762435913 113.35009765625 -16.668991088867188
			vertex -1.566678762435913 113.35009765625 -16.668991088867188
		endloop
	endfacet
	facet normal 0 0 0
		outer loop
			vertex -1.566678762435913 113.35009765625 -16.668991088867188
			vertex -1.566678762435913 113.35009765625 -16.668991088867188
			vertex -1.5666732788085938 114.08788299560547 -58.194149017333984
		endloop
	endfacet
	facet normal 0 0 0
		outer loop
			vertex -1.566678762435913 113.35009765625 -16.668991088867188
			vertex -1.5666732788085938 114.08788299560547 -58.194149017333984
			vertex -1.5666732788085938 114.08788299560547 -58.194149017333984
		endloop
	endfacet
	facet normal 0 0 0
		outer loop
			vertex -1.5666732788085938 114.08788299560547 -58.194149017333984
			vertex -1.5666732788085938 114.08788299560547 -58.194149017333984
			vertex -1.5666735172271729 113.85090637207031 -57.317073822021484
		endloop
	endfacet
	facet normal 0.9999999999995989 -8.952238651937696e-7 2.995347532362378e-8
		outer loop
			vertex -1.5666732788085938 114.08788299560547 -58.194149017333984
			vertex -1.5666730403900146 114.35791778564453 -58.08320999145508
			vertex -1.5666735172271729 113.85090637207031 -57.317073822021484
		endloop
	endfacet
	facet normal 0.9999999999998551 -4.0615911690208797e-7 3.536053524359204e-7
		outer loop
			vertex -1.5666735172271729 113.85090637207031 -57.317073822021484
			vertex -1.5666730403900146 114.35791778564453 -58.08320999145508
			vertex -1.5666725635528564 121.41999816894531 -51.320045471191406
		endloop
	endfacet
	facet normal 0.9999999999999984 -5.678101287117689e-8 -1.1214436797211004e-8
		outer loop
			vertex -1.5666730403900146 114.35791778564453 -58.08320999145508
			vertex -1.5666730403900146 114.53601837158203 -58.98497009277344
			vertex -1.5666725635528564 121.41999816894531 -51.320045471191406
		endloop
	endfacet
	facet normal 0.9999999999999959 -8.915075382436594e-8 1.7857296294620122e-8
		outer loop
			vertex -1.5666725635528564 121.41999816894531 -51.320045471191406
			vertex -1.5666730403900146 114.53601837158203 -58.98497009277344
			vertex -1.5666730403900146 114.35282897949219 -59.8995246887207
		endloop
	endfacet
	facet normal 0.9999999999996536 -8.162168822247428e-7 1.634919064764504e-7
		outer loop
			vertex -1.5666730403900146 114.53601837158203 -58.98497009277344
			vertex -1.5666732788085938 114.0832748413086 -59.786956787109375
			vertex -1.5666730403900146 114.35282897949219 -59.8995246887207
		endloop
	endfacet
	facet normal 0 0 0
		outer loop
			vertex -1.5666730403900146 114.35282897949219 -59.8995246887207
			vertex -1.5666732788085938 114.0832748413086 -59.786956787109375
			vertex -1.5666730403900146 114.35282897949219 -59.8995246887207
		endloop
	endfacet
	facet normal 0.9999999999996536 -6.900776362319852e-7 4.655438702956321e-7
		outer loop
			vertex -1.5666732788085938 114.0832748413086 -59.786956787109375
			vertex -1.5666732788085938 113.62561798095703 -60.4653434753418
			vertex -1.5666730403900146 114.35282897949219 -59.8995246887207
		endloop
	endfacet
	facet normal 0.9999999999999662 -1.8535392287232087e-7 -1.831455056238008e-7
		outer loop
			vertex -1.5666730403900146 114.35282897949219 -59.8995246887207
			vertex -1.5666732788085938 113.62561798095703 -60.4653434753418
			vertex -1.5666732788085938 113.8309326171875 -60.673133850097656
		endloop
	endfacet
	facet normal 0.9999999999999559 -2.113699762890555e-7 -2.0885158825484287e-7
		outer loop
			vertex -1.5666732788085938 113.62561798095703 -60.4653434753418
			vertex -1.5666735172271729 112.9417953491211 -60.91484451293945
			vertex -1.5666732788085938 113.8309326171875 -60.673133850097656
		endloop
	endfacet
	facet normal 0 0 0
		outer loop
			vertex -1.5666732788085938 113.8309326171875 -60.673133850097656
			vertex -1.5666735172271729 112.9417953491211 -60.91484451293945
			vertex -1.5666735172271729 112.9417953491211 -60.91484451293945
		endloop
	endfacet
	facet normal 0 0 0
		outer loop
			vertex -1.5666735172271729 112.9417953491211 -60.91484451293945
			vertex -1.5666732788085938 114.0832748413086 -59.786956787109375
			vertex -1.5666735172271729 112.9417953491211 -60.91484451293945
		endloop
	endfacet
	facet normal 0 0 0
		outer loop
			vertex -1.5666735172271729 112.9417953491211 -60.91484451293945
			vertex -1.5666732788085938 114.0832748413086 -59.786956787109375
			vertex -1.5666732788085938 114.0832748413086 -59.786956787109375
		endloop
	endfacet
	facet normal 0 0 0
		outer loop
			vertex -1.5666732788085938 114.0832748413086 -59.786956787109375
			vertex -1.5666730403900146 114.53601837158203 -58.98497009277344
			vertex -1.5666732788085938 114.0832748413086 -59.786956787109375
		endloop
	endfacet
	facet normal 0.999999999999956 -3.9969053617354853e-10 -2.9705931966172316e-7
		outer loop
			vertex -1.5666732788085938 114.0832748413086 -59.786956787109375
			vertex -1.5666730403900146 114.53601837158203 -58.98497009277344
			vertex -1.5666730403900146 114.2439956665039 -58.98457717895508
		endloop
	endfacet
	facet normal 1 0 0
		outer loop
			vertex -1.5666730403900146 114.53601837158203 -58.98497009277344
			vertex -1.5666730403900146 114.35791778564453 -58.08320999145508
			vertex -1.5666730403900146 114.2439956665039 -58.98457717895508
		endloop
	endfacet
	facet normal 0.9999999999995595 -9.312737799002521e-7 1.1770195762349814e-7
		outer loop
			vertex -1.5666730403900146 114.2439956665039 -58.98457717895508
			vertex -1.5666730403900146 114.35791778564453 -58.08320999145508
			vertex -1.5666732788085938 114.08788299560547 -58.194149017333984
		endloop
	endfacet
	facet normal 0 0 0
		outer loop
			vertex -1.5666730403900146 114.35791778564453 -58.08320999145508
			vertex -1.5666732788085938 114.08788299560547 -58.194149017333984
			vertex -1.5666732788085938 114.08788299560547 -58.194149017333984
		endloop
	endfacet
	facet normal 0 0 0
		outer loop
			vertex -1.5666732788085938 114.08788299560547 -58.194149017333984
			vertex -1.5666732788085938 114.08788299560547 -58.194149017333984
			vertex -1.5666732788085938 114.08788299560547 -58.194149017333984
		endloop
	endfacet
	facet normal 0 0 0
		outer loop
			vertex -1.5666732788085938 114.08788299560547 -58.194149017333984
			vertex -1.5666732788085938 114.08788299560547 -58.194149017333984
			vertex -1.5666732788085938 114.08788299560547 -58.194149017333984
		endloop
	endfacet
	facet normal 0 0 0
		outer loop
			vertex -1.5666732788085938 114.08788299560547 -58.194149017333984
			vertex -1.5666732788085938 114.08788299560547 -58.194149017333984
			vertex -1.5666735172271729 113.64324188232422 -57.52226257324219
		endloop
	endfacet
	facet normal 0.9999999999999546 -2.1199653634235142e-7 2.1455441531549066e-7
		outer loop
			vertex -1.5666732788085938 114.08788299560547 -58.194149017333984
			vertex -1.5666735172271729 113.85090637207031 -57.317073822021484
			vertex -1.5666735172271729 113.64324188232422 -57.52226257324219
		endloop
	endfacet
	facet normal 0 0 0
		outer loop
			vertex -1.5666735172271729 113.64324188232422 -57.52226257324219
			vertex -1.5666735172271729 113.85090637207031 -57.317073822021484
			vertex -1.5666735172271729 113.85090637207031 -57.317073822021484
		endloop
	endfacet
	facet normal 0 0 0
		outer loop
			vertex -1.5666735172271729 113.85090637207031 -57.317073822021484
			vertex -1.5666732788085938 113.8309326171875 -60.673133850097656
			vertex -1.5666735172271729 113.85090637207031 -57.317073822021484
		endloop
	endfacet
	facet normal 0 0 0
		outer loop
			vertex -1.5666735172271729 113.85090637207031 -57.317073822021484
			vertex -1.5666732788085938 113.8309326171875 -60.673133850097656
			vertex -1.5666732788085938 113.8309326171875 -60.673133850097656
		endloop
	endfacet
	facet normal 0 0 0
		outer loop
			vertex -1.5666732788085938 113.8309326171875 -60.673133850097656
			vertex -1.5666704177856445 121.41999816894531 -66.80203247070312
			vertex -1.5666732788085938 113.8309326171875 -60.673133850097656
		endloop
	endfacet
	facet normal 0.9999999999999174 -4.0515001173184466e-7 -3.486548910949228e-8
		outer loop
			vertex -1.5666732788085938 113.8309326171875 -60.673133850097656
			vertex -1.5666704177856445 121.41999816894531 -66.80203247070312
			vertex -1.5666730403900146 114.35282897949219 -59.8995246887207
		endloop
	endfacet
	facet normal 0.9999999999999626 -2.3572846215820237e-7 1.3859766268901122e-7
		outer loop
			vertex -1.5666704177856445 121.41999816894531 -66.80203247070312
			vertex -1.5666725635528564 121.41999816894531 -51.320045471191406
			vertex -1.5666730403900146 114.35282897949219 -59.8995246887207
		endloop
	endfacet
	facet normal 0 0 0
		outer loop
			vertex -1.5666730403900146 114.35282897949219 -59.8995246887207
			vertex -1.5666725635528564 121.41999816894531 -51.320045471191406
			vertex -1.5666725635528564 121.41999816894531 -51.320045471191406
		endloop
	endfacet
	facet normal 0 0 0
		outer loop
			vertex -1.5666725635528564 121.41999816894531 -51.320045471191406
			vertex -1.5666704177856445 121.41999816894531 -66.80203247070312
			vertex -1.5666725635528564 121.41999816894531 -51.320045471191406
		endloop
	endfacet
	facet normal 0 0 0
		outer loop
			vertex -1.5666725635528564 121.41999816894531 -51.320045471191406
			vertex -1.5666704177856445 121.41999816894531 -66.80203247070312
			vertex -1.5666704177856445 121.41999816894531 -66.80203247070312
		endloop
	endfacet
	facet normal 0 0 0
		outer loop
			vertex -1.5666704177856445 121.41999816894531 -66.80203247070312
			vertex -1.5666732788085938 113.8309326171875 -60.673133850097656
			vertex -1.5666704177856445 121.41999816894531 -66.80203247070312
		endloop
	endfacet
	facet normal 0.9999999999999418 -3.3771207165655744e-7 4.863906523022048e-8
		outer loop
			vertex -1.5666704177856445 121.41999816894531 -66.80203247070312
			vertex -1.5666732788085938 113.8309326171875 -60.673133850097656
			vertex -1.5666735172271729 113.0511245727539 -61.185726165771484
		endloop
	endfacet
	facet normal 0.9999999999999661 -2.416340197702158e-7 -9.752472900456815e-8
		outer loop
			vertex -1.5666732788085938 113.8309326171875 -60.673133850097656
			vertex -1.5666735172271729 112.9417953491211 -60.91484451293945
			vertex -1.5666735172271729 113.0511245727539 -61.185726165771484
		endloop
	endfacet
	facet normal 0 0 0
		outer loop
			vertex -1.5666735172271729 113.0511245727539 -61.185726165771484
			vertex -1.5666735172271729 112.9417953491211 -60.91484451293945
			vertex -1.5666735172271729 113.0511245727539 -61.185726165771484
		endloop
	endfacet
	facet normal 1 0 0
		outer loop
			vertex -1.5666735172271729 112.9417953491211 -60.91484451293945
			vertex -1.5666735172271729 112.1375503540039 -61.06595230102539
			vertex -1.5666735172271729 113.0511245727539 -61.185726165771484
		endloop
	endfacet
	facet normal 1 0 0
		outer loop
			vertex -1.5666735172271729 113.0511245727539 -61.185726165771484
			vertex -1.5666735172271729 112.1375503540039 -61.06595230102539
			vertex -1.5666735172271729 112.13444519042969 -61.35795974731445
		endloop
	endfacet
	facet normal 0.999999999999818 6.033938509267083e-7 -6.416400097381259e-9
		outer loop
			vertex -1.5666735172271729 112.1375503540039 -61.06595230102539
			vertex -1.5666730403900146 111.34905242919922 -60.90038299560547
			vertex -1.5666735172271729 112.13444519042969 -61.35795974731445
		endloop
	endfacet
	facet normal 0.9999999999998602 4.866638826162442e-7 -2.0677376481775455e-7
		outer loop
			vertex -1.5666735172271729 112.13444519042969 -61.35795974731445
			vertex -1.5666730403900146 111.34905242919922 -60.90038299560547
			vertex -1.5666730403900146 111.23489379882812 -61.1690673828125
		endloop
	endfacet
	facet normal 0.9999999999998976 -4.1640550811720926e-7 1.76922384585791e-7
		outer loop
			vertex -1.5666730403900146 111.34905242919922 -60.90038299560547
			vertex -1.5666733980178833 110.68253326416016 -60.447723388671875
			vertex -1.5666730403900146 111.23489379882812 -61.1690673828125
		endloop
	endfacet
	facet normal 0.9999999999998572 4.792086081086362e-8 5.324747472377948e-7
		outer loop
			vertex -1.5666730403900146 111.23489379882812 -61.1690673828125
			vertex -1.5666733980178833 110.68253326416016 -60.447723388671875
			vertex -1.5666732788085938 110.47486877441406 -60.65291213989258
		endloop
	endfacet
	facet normal 0.9999999999999143 2.4109436064417796e-7 3.3697048086503856e-7
		outer loop
			vertex -1.5666733980178833 110.68253326416016 -60.447723388671875
			vertex -1.5666735172271729 110.2378921508789 -59.77582550048828
			vertex -1.5666732788085938 110.47486877441406 -60.65291213989258
		endloop
	endfacet
	facet normal 0.9999999999999651 -1.0051578332747876e-7 2.4467216636929837e-7
		outer loop
			vertex -1.5666732788085938 110.47486877441406 -60.65291213989258
			vertex -1.5666735172271729 110.2378921508789 -59.77582550048828
			vertex -1.5666735172271729 109.96785736083984 -59.88676071166992
		endloop
	endfacet
	facet normal 0.9999999999998181 -2.2923369059812815e-7 5.579930019621159e-7
		outer loop
			vertex -1.5666735172271729 110.2378921508789 -59.77582550048828
			vertex -1.566673994064331 110.08177185058594 -58.98540496826172
			vertex -1.5666735172271729 109.96785736083984 -59.88676071166992
		endloop
	endfacet
	facet normal 0.9999999999998602 7.116733457773905e-10 5.289322132616582e-7
		outer loop
			vertex -1.5666735172271729 109.96785736083984 -59.88676071166992
			vertex -1.566673994064331 110.08177185058594 -58.98540496826172
			vertex -1.566673994064331 109.78974914550781 -58.98501205444336
		endloop
	endfacet
	facet normal 0.9999999999998237 -7.993734633601372e-10 -5.941129841470409e-7
		outer loop
			vertex -1.566673994064331 110.08177185058594 -58.98540496826172
			vertex -1.5666735172271729 110.24250030517578 -58.18301773071289
			vertex -1.566673994064331 109.78974914550781 -58.98501205444336
		endloop
	endfacet
	facet normal 0.9999999999998641 -2.0093042856641853e-7 -4.811326741842534e-7
		outer loop
			vertex -1.566673994064331 109.78974914550781 -58.98501205444336
			vertex -1.5666735172271729 110.24250030517578 -58.18301773071289
			vertex -1.5666735172271729 109.97295379638672 -58.07044982910156
		endloop
	endfacet
	facet normal 1 0 0
		outer loop
			vertex -1.5666735172271729 110.24250030517578 -58.18301773071289
			vertex -1.5666735172271729 110.70014953613281 -57.504638671875
			vertex -1.5666735172271729 109.97295379638672 -58.07044982910156
		endloop
	endfacet
	facet normal 1 0 0
		outer loop
			vertex -1.5666735172271729 109.97295379638672 -58.07044982910156
			vertex -1.5666735172271729 110.70014953613281 -57.504638671875
			vertex -1.5666735172271729 110.49483489990234 -57.29684829711914
		endloop
	endfacet
	facet normal 1 0 0
		outer loop
			vertex -1.5666735172271729 110.70014953613281 -57.504638671875
			vertex -1.5666735172271729 111.38396453857422 -57.055137634277344
			vertex -1.5666735172271729 110.49483489990234 -57.29684829711914
		endloop
	endfacet
	facet normal 1 0 0
		outer loop
			vertex -1.5666735172271729 110.49483489990234 -57.29684829711914
			vertex -1.5666735172271729 111.38396453857422 -57.055137634277344
			vertex -1.5666735172271729 111.2746353149414 -56.78425598144531
		endloop
	endfacet
	facet normal 0.9999999999998234 5.510997241015463e-7 2.2242667360583461e-7
		outer loop
			vertex -1.5666735172271729 111.38396453857422 -57.055137634277344
			vertex -1.566673994064331 112.18822479248047 -56.90403366088867
			vertex -1.5666735172271729 111.2746353149414 -56.78425598144531
		endloop
	endfacet
	facet normal 0.9999999999998643 5.212114455754522e-7 -5.542484672341773e-9
		outer loop
			vertex -1.5666735172271729 111.2746353149414 -56.78425598144531
			vertex -1.566673994064331 112.18822479248047 -56.90403366088867
			vertex -1.566673994064331 112.19132995605469 -56.61202621459961
		endloop
	endfacet
	facet normal 0.9999999999999545 -3.016940128184002e-7 3.2081690760591756e-9
		outer loop
			vertex -1.566673994064331 112.18822479248047 -56.90403366088867
			vertex -1.566673755645752 112.97673034667969 -57.069602966308594
			vertex -1.566673994064331 112.19132995605469 -56.61202621459961
		endloop
	endfacet
	facet normal 0.9999999999999651 -2.433268198992125e-7 1.0339161578135037e-7
		outer loop
			vertex -1.566673994064331 112.19132995605469 -56.61202621459961
			vertex -1.566673755645752 112.97673034667969 -57.069602966308594
			vertex -1.566673755645752 113.09089660644531 -56.80091857910156
		endloop
	endfacet
	facet normal 0.9999999999999546 -2.7760198352534073e-7 1.1795542157120706e-7
		outer loop
			vertex -1.566673755645752 112.97673034667969 -57.069602966308594
			vertex -1.5666735172271729 113.64324188232422 -57.52226257324219
			vertex -1.566673755645752 113.09089660644531 -56.80091857910156
		endloop
	endfacet
	facet normal 0 0 0
		outer loop
			vertex -1.566673755645752 113.09089660644531 -56.80091857910156
			vertex -1.5666735172271729 113.64324188232422 -57.52226257324219
			vertex -1.566673755645752 113.09089660644531 -56.80091857910156
		endloop
	endfacet
	facet normal 0.9999999999999651 -1.8591697157416198e-7 1.8816018328197644e-7
		outer loop
			vertex -1.5666735172271729 113.64324188232422 -57.52226257324219
			vertex -1.5666735172271729 113.85090637207031 -57.317073822021484
			vertex -1.566673755645752 113.09089660644531 -56.80091857910156
		endloop
	endfacet
	facet normal 0.9999999999985658 -0.0000011550317461408668 -0.0000012388071928815715
		outer loop
			vertex -1.566673755645752 113.09089660644531 -56.80091857910156
			vertex -1.5666735172271729 113.85090637207031 -57.317073822021484
			vertex -1.5666747093200684 106.38845825195312 -51.321571350097656
		endloop
	endfacet
	facet normal 0.9999999999999897 -1.427531374787345e-7 2.115002265157911e-8
		outer loop
			vertex -1.5666735172271729 113.85090637207031 -57.317073822021484
			vertex -1.5666725635528564 121.41999816894531 -51.320045471191406
			vertex -1.5666747093200684 106.38845825195312 -51.321571350097656
		endloop
	endfacet
	facet normal 0 0 0
		outer loop
			vertex -1.5666747093200684 106.38845825195312 -51.321571350097656
			vertex -1.5666725635528564 121.41999816894531 -51.320045471191406
			vertex -1.5666725635528564 121.41999816894531 -51.320045471191406
		endloop
	endfacet
	facet normal 0 0 0
		outer loop
			vertex -1.5666725635528564 121.41999816894531 -51.320045471191406
			vertex -1.566673755645752 113.09089660644531 -56.80091857910156
			vertex -1.5666725635528564 121.41999816894531 -51.320045471191406
		endloop
	endfacet
	facet normal 0 0 0
		outer loop
			vertex -1.5666725635528564 121.41999816894531 -51.320045471191406
			vertex -1.566673755645752 113.09089660644531 -56.80091857910156
			vertex -1.566673755645752 113.09089660644531 -56.80091857910156
		endloop
	endfacet
	facet normal 0 0 0
		outer loop
			vertex -1.566673755645752 113.09089660644531 -56.80091857910156
			vertex -1.5666747093200684 106.38845825195312 -51.321571350097656
			vertex -1.566673755645752 113.09089660644531 -56.80091857910156
		endloop
	endfacet
	facet normal 0.9999999999999325 -3.0746295747842873e-7 -2.0204545470721921e-7
		outer loop
			vertex -1.566673755645752 113.09089660644531 -56.80091857910156
			vertex -1.5666747093200684 106.38845825195312 -51.321571350097656
			vertex -1.566673994064331 112.19132995605469 -56.61202621459961
		endloop
	endfacet
	facet normal 0 0 0
		outer loop
			vertex -1.5666747093200684 106.38845825195312 -51.321571350097656
			vertex -1.5666747093200684 106.38845825195312 -51.321571350097656
			vertex -1.566673994064331 112.19132995605469 -56.61202621459961
		endloop
	endfacet
	facet normal 0.9999999999997446 4.1022943471384596e-7 5.851603681504044e-7
		outer loop
			vertex -1.566673994064331 112.19132995605469 -56.61202621459961
			vertex -1.5666747093200684 106.38845825195312 -51.321571350097656
			vertex -1.5666735172271729 111.2746353149414 -56.78425598144531
		endloop
	endfacet
	facet normal 0 0 0
		outer loop
			vertex -1.5666747093200684 106.38845825195312 -51.321571350097656
			vertex -1.5666747093200684 106.38845825195312 -51.321571350097656
			vertex -1.5666735172271729 111.2746353149414 -56.78425598144531
		endloop
	endfacet
	facet normal 0.9999999999999865 -9.0334072599955e-8 1.3742411883996637e-7
		outer loop
			vertex -1.5666735172271729 111.2746353149414 -56.78425598144531
			vertex -1.5666747093200684 106.38845825195312 -51.321571350097656
			vertex -1.5666735172271729 110.49483489990234 -57.29684829711914
		endloop
	endfacet
	facet normal 0 0 0
		outer loop
			vertex -1.5666747093200684 106.38845825195312 -51.321571350097656
			vertex -1.5666747093200684 106.38845825195312 -51.321571350097656
			vertex -1.5666735172271729 110.49483489990234 -57.29684829711914
		endloop
	endfacet
	facet normal 0.9999999999999846 -1.4649605616082989e-7 9.882804039177897e-8
		outer loop
			vertex -1.5666735172271729 110.49483489990234 -57.29684829711914
			vertex -1.5666747093200684 106.38845825195312 -51.321571350097656
			vertex -1.5666735172271729 109.97295379638672 -58.07044982910156
		endloop
	endfacet
	facet normal 0 0 0
		outer loop
			vertex -1.5666747093200684 106.38845825195312 -51.321571350097656
			vertex -1.5666747093200684 106.38845825195312 -51.321571350097656
			vertex -1.5666735172271729 109.97295379638672 -58.07044982910156
		endloop
	endfacet
	facet normal 0.9999999999994903 -9.543020919880226e-7 -3.302176366341164e-7
		outer loop
			vertex -1.5666735172271729 109.97295379638672 -58.07044982910156
			vertex -1.5666747093200684 106.38845825195312 -51.321571350097656
			vertex -1.566673994064331 109.78974914550781 -58.98501205444336
		endloop
	endfacet
	facet normal 0.9999999999999901 6.727794084488552e-8 1.2319369605119242e-7
		outer loop
			vertex -1.5666747093200684 106.38845825195312 -51.321571350097656
			vertex -1.5666728019714355 106.38868713378906 -66.80421447753906
			vertex -1.566673994064331 109.78974914550781 -58.98501205444336
		endloop
	endfacet
	facet normal 0.9999999999997385 -5.950169426347657e-7 4.112673187655469e-7
		outer loop
			vertex -1.566673994064331 109.78974914550781 -58.98501205444336
			vertex -1.5666728019714355 106.38868713378906 -66.80421447753906
			vertex -1.5666735172271729 109.96785736083984 -59.88676071166992
		endloop
	endfacet
	facet normal 0 0 0
		outer loop
			vertex -1.5666728019714355 106.38868713378906 -66.80421447753906
			vertex -1.5666728019714355 106.38868713378906 -66.80421447753906
			vertex -1.5666735172271729 109.96785736083984 -59.88676071166992
		endloop
	endfacet
	facet normal 0.9999999999999657 -1.762173579541616e-7 1.945755915312048e-7
		outer loop
			vertex -1.5666735172271729 109.96785736083984 -59.88676071166992
			vertex -1.5666728019714355 106.38868713378906 -66.80421447753906
			vertex -1.5666732788085938 110.47486877441406 -60.65291213989258
		endloop
	endfacet
	facet normal 0 0 0
		outer loop
			vertex -1.5666728019714355 106.38868713378906 -66.80421447753906
			vertex -1.5666728019714355 106.38868713378906 -66.80421447753906
			vertex -1.5666732788085938 110.47486877441406 -60.65291213989258
		endloop
	endfacet
	facet normal 0.9999999999999646 -1.798965489050143e-7 1.970196012206195e-7
		outer loop
			vertex -1.5666732788085938 110.47486877441406 -60.65291213989258
			vertex -1.5666728019714355 106.38868713378906 -66.80421447753906
			vertex -1.5666730403900146 111.23489379882812 -61.1690673828125
		endloop
	endfacet
	facet normal 0 0 0
		outer loop
			vertex -1.5666728019714355 106.38868713378906 -66.80421447753906
			vertex -1.5666728019714355 106.38868713378906 -66.80421447753906
			vertex -1.5666730403900146 111.23489379882812 -61.1690673828125
		endloop
	endfacet
	facet normal 0.9999999999998346 4.565253139617044e-7 -3.503009605598458e-7
		outer loop
			vertex -1.5666730403900146 111.23489379882812 -61.1690673828125
			vertex -1.5666728019714355 106.38868713378906 -66.80421447753906
			vertex -1.5666735172271729 112.13444519042969 -61.35795974731445
		endloop
	endfacet
	facet normal 0 0 0
		outer loop
			vertex -1.5666728019714355 106.38868713378906 -66.80421447753906
			vertex -1.5666728019714355 106.38868713378906 -66.80421447753906
			vertex -1.5666735172271729 112.13444519042969 -61.35795974731445
		endloop
	endfacet
	facet normal 0.9999999999999862 -3.0775783248724076e-8 1.6379805683798212e-7
		outer loop
			vertex -1.5666735172271729 112.13444519042969 -61.35795974731445
			vertex -1.5666728019714355 106.38868713378906 -66.80421447753906
			vertex -1.5666735172271729 113.0511245727539 -61.185726165771484
		endloop
	endfacet
	facet normal 0.9999999999999377 -1.5866041806610502e-7 3.1544443066617373e-7
		outer loop
			vertex -1.5666728019714355 106.38868713378906 -66.80421447753906
			vertex -1.5666704177856445 121.41999816894531 -66.80203247070312
			vertex -1.5666735172271729 113.0511245727539 -61.185726165771484
		endloop
	endfacet
endsolid exported
