2025-11-15 19:54:18 - Running RetroBat Installer.
2025-11-15 19:54:19 - Showing Welcome screen.
2025-11-15 19:54:21 - Welcome screen, user clicked NEXT
2025-11-15 19:54:21 - Showing License screen.
2025-11-15 19:54:22 - Licence screen, licence accepted: True
2025-11-15 19:54:23 - Licence screen, user clicked NEXT
2025-11-15 19:54:23 - Showing Prerequisites screen.
2025-11-15 19:54:33 - Launching DirectX installer...
2025-11-15 19:54:33 - Downloading ZIP from http://retrobat.ovh/repo/win64/prerequisites/directx_Jun2010_redist.zip...
2025-11-15 19:54:33 - wget stderr: --2025-11-15 19:54:33--  http://retrobat.ovh/repo/win64/prerequisites/directx_Jun2010_redist.zip
2025-11-15 19:54:33 - wget stderr: Resolving retrobat.ovh (retrobat.ovh)... 109.234.164.84
2025-11-15 19:54:33 - wget stderr: Connecting to retrobat.ovh (retrobat.ovh)|109.234.164.84|:80... connected.
2025-11-15 19:54:33 - wget stderr: HTTP request sent, awaiting response... 200 OK
2025-11-15 19:54:33 - wget stderr: Length: 100249790 (96M) [application/zip]
2025-11-15 19:54:33 - wget stderr: Saving to: 'C:/Users/rdesktop1/AppData/Local/Temp/DXDownloads/directx_Jun2010_redist.zip'
2025-11-15 19:54:33 - wget stderr: 
2025-11-15 19:54:33 - wget stderr:      0K .......... .......... .......... .......... ..........  0%  802K 2m2s
2025-11-15 19:54:33 - wget stderr:     50K .......... .......... .......... .......... ..........  0% 1.53M 92s
2025-11-15 19:54:33 - wget stderr:    100K .......... .......... .......... .......... ..........  0% 8.06M 65s
2025-11-15 19:54:33 - wget stderr:    150K .......... .......... .......... .......... ..........  0% 7.94M 52s
2025-11-15 19:54:33 - wget stderr:    200K .......... .......... .......... .......... ..........  0% 2.04M 51s
2025-11-15 19:54:33 - wget stderr:    250K .......... .......... .......... .......... ..........  0% 8.31M 44s
2025-11-15 19:54:33 - wget stderr:    300K .......... .......... .......... .......... ..........  0% 7.31M 40s
2025-11-15 19:54:33 - wget stderr:    350K .......... .......... .......... .......... ..........  0% 13.7M 36s
2025-11-15 19:54:33 - wget stderr:    400K .......... .......... .......... .......... ..........  0% 3.34M 35s
2025-11-15 19:54:33 - wget stderr:    450K .......... .......... .......... .......... ..........  0% 8.74M 32s
2025-11-15 19:54:33 - wget stderr:    500K .......... .......... .......... .......... ..........  0% 7.84M 31s
2025-11-15 19:54:33 - wget stderr:    550K .......... .......... .......... .......... ..........  0% 6.68M 29s
2025-11-15 19:54:33 - wget stderr:    600K .......... .......... .......... .......... ..........  0% 9.10M 28s
2025-11-15 19:54:33 - wget stderr:    650K .......... .......... .......... .......... ..........  0% 8.78M 27s
2025-11-15 19:54:33 - wget stderr:    700K .......... .......... .......... .......... ..........  0% 7.82M 26s
2025-11-15 19:54:33 - wget stderr:    750K .......... .......... .......... .......... ..........  0% 8.42M 25s
2025-11-15 19:54:33 - wget stderr:    800K .......... .......... .......... .......... ..........  0% 10.6M 24s
2025-11-15 19:54:33 - wget stderr:    850K .......... .......... .......... .......... ..........  0% 8.48M 23s
2025-11-15 19:54:33 - wget stderr:    900K .......... .......... .......... .......... ..........  0% 8.46M 22s
2025-11-15 19:54:33 - wget stderr:    950K .......... .......... .......... .......... ..........  1% 5.54M 22s
2025-11-15 19:54:33 - wget stderr:   1000K .......... .......... .......... .......... ..........  1% 10.9M 21s
2025-11-15 19:54:33 - wget stderr:   1050K .......... .......... .......... .......... ..........  1% 8.90M 21s
2025-11-15 19:54:33 - wget stderr:   1100K .......... .......... .......... .......... ..........  1% 10.7M 20s
2025-11-15 19:54:33 - wget stderr:   1150K .......... .......... .......... .......... ..........  1% 7.18M 20s
2025-11-15 19:54:33 - wget stderr:   1200K .......... .......... .......... .......... ..........  1% 9.75M 20s
2025-11-15 19:54:33 - wget stderr:   1250K .......... .......... .......... .......... ..........  1% 8.87M 19s
2025-11-15 19:54:33 - wget stderr:   1300K .......... .......... .......... .......... ..........  1% 9.70M 19s
2025-11-15 19:54:33 - wget stderr:   1350K .......... .......... .......... .......... ..........  1% 8.04M 19s
2025-11-15 19:54:33 - wget stderr:   1400K .......... .......... .......... .......... ..........  1% 8.10M 18s
2025-11-15 19:54:33 - wget stderr:   1450K .......... .......... .......... .......... ..........  1% 9.76M 18s
2025-11-15 19:54:33 - wget stderr:   1500K .......... .......... .......... .......... ..........  1% 7.26M 18s
2025-11-15 19:54:33 - wget stderr:   1550K .......... .......... .......... .......... ..........  1% 8.46M 18s
2025-11-15 19:54:33 - wget stderr:   1600K .......... .......... .......... .......... ..........  1% 8.32M 18s
2025-11-15 19:54:33 - wget stderr:   1650K .......... .......... .......... .......... ..........  1% 9.46M 17s
2025-11-15 19:54:33 - wget stderr:   1700K .......... .......... .......... .......... ..........  1% 6.73M 17s
2025-11-15 19:54:33 - wget stderr:   1750K .......... .......... .......... .......... ..........  1% 10.3M 17s
2025-11-15 19:54:33 - wget stderr:   1800K .......... .......... .......... .......... ..........  1% 10.2M 17s
2025-11-15 19:54:33 - wget stderr:   1850K .......... .......... .......... .......... ..........  1% 6.72M 17s
2025-11-15 19:54:33 - wget stderr:   1900K .......... .......... .......... .......... ..........  1% 7.61M 17s
2025-11-15 19:54:33 - wget stderr:   1950K .......... .......... .......... .......... ..........  2% 13.1M 16s
2025-11-15 19:54:33 - wget stderr:   2000K .......... .......... .......... .......... ..........  2% 8.34M 16s
2025-11-15 19:54:33 - wget stderr:   2050K .......... .......... .......... .......... ..........  2% 8.73M 16s
2025-11-15 19:54:33 - wget stderr:   2100K .......... .......... .......... .......... ..........  2% 7.23M 16s
2025-11-15 19:54:33 - wget stderr:   2150K .......... .......... .......... .......... ..........  2% 8.18M 16s
2025-11-15 19:54:33 - wget stderr:   2200K .......... .......... .......... .......... ..........  2% 10.0M 16s
2025-11-15 19:54:33 - wget stderr:   2250K .......... .......... .......... .......... ..........  2% 8.63M 16s
2025-11-15 19:54:33 - wget stderr:   2300K .......... .......... .......... .......... ..........  2% 8.09M 15s
2025-11-15 19:54:33 - wget stderr:   2350K .......... .......... .......... .......... ..........  2% 8.65M 15s
2025-11-15 19:54:33 - wget stderr:   2400K .......... .......... .......... .......... ..........  2% 8.32M 15s
2025-11-15 19:54:33 - wget stderr:   2450K .......... .......... .......... .......... ..........  2% 8.10M 15s
2025-11-15 19:54:33 - wget stderr:   2500K .......... .......... .......... .......... ..........  2% 8.96M 15s
2025-11-15 19:54:33 - wget stderr:   2550K .......... .......... .......... .......... ..........  2% 7.06M 15s
2025-11-15 19:54:33 - wget stderr:   2600K .......... .......... .......... .......... ..........  2% 13.0M 15s
2025-11-15 19:54:33 - wget stderr:   2650K .......... .......... .......... .......... ..........  2% 6.93M 15s
2025-11-15 19:54:33 - wget stderr:   2700K .......... .......... .......... .......... ..........  2% 7.69M 15s
2025-11-15 19:54:33 - wget stderr:   2750K .......... .......... .......... .......... ..........  2% 10.7M 15s
2025-11-15 19:54:33 - wget stderr:   2800K .......... .......... .......... .......... ..........  2% 9.25M 15s
2025-11-15 19:54:33 - wget stderr:   2850K .......... .......... .......... .......... ..........  2% 8.32M 15s
2025-11-15 19:54:33 - wget stderr:   2900K .......... .......... .......... .......... ..........  3% 8.57M 14s
2025-11-15 19:54:33 - wget stderr:   2950K .......... .......... .......... .......... ..........  3% 8.00M 14s
2025-11-15 19:54:33 - wget stderr:   3000K .......... .......... .......... .......... ..........  3% 6.77M 14s
2025-11-15 19:54:33 - wget stderr:   3050K .......... .......... .......... .......... ..........  3% 11.7M 14s
2025-11-15 19:54:33 - wget stderr:   3100K .......... .......... .......... .......... ..........  3% 8.22M 14s
2025-11-15 19:54:33 - wget stderr:   3150K .......... .......... .......... .......... ..........  3% 8.73M 14s
2025-11-15 19:54:33 - wget stderr:   3200K .......... .......... .......... .......... ..........  3% 7.91M 14s
2025-11-15 19:54:33 - wget stderr:   3250K .......... .......... .......... .......... ..........  3% 7.82M 14s
2025-11-15 19:54:33 - wget stderr:   3300K .......... .......... .......... .......... ..........  3% 9.78M 14s
2025-11-15 19:54:33 - wget stderr:   3350K .......... .......... .......... .......... ..........  3% 8.98M 14s
2025-11-15 19:54:33 - wget stderr:   3400K .......... .......... .......... .......... ..........  3% 8.87M 14s
2025-11-15 19:54:33 - wget stderr:   3450K .......... .......... .......... .......... ..........  3% 8.07M 14s
2025-11-15 19:54:33 - wget stderr:   3500K .......... .......... .......... .......... ..........  3% 8.12M 14s
2025-11-15 19:54:33 - wget stderr:   3550K .......... .......... .......... .......... ..........  3% 9.27M 14s
2025-11-15 19:54:33 - wget stderr:   3600K .......... .......... .......... .......... ..........  3% 7.05M 14s
2025-11-15 19:54:33 - wget stderr:   3650K .......... .......... .......... .......... ..........  3% 7.70M 14s
2025-11-15 19:54:33 - wget stderr:   3700K .......... .......... .......... .......... ..........  3% 13.5M 14s
2025-11-15 19:54:33 - wget stderr:   3750K .......... .......... .......... .......... ..........  3% 7.77M 14s
2025-11-15 19:54:33 - wget stderr:   3800K .......... .......... .......... .......... ..........  3% 8.60M 13s
2025-11-15 19:54:33 - wget stderr:   3850K .......... .......... .......... .......... ..........  3% 9.29M 13s
2025-11-15 19:54:33 - wget stderr:   3900K .......... .......... .......... .......... ..........  4% 7.73M 13s
2025-11-15 19:54:33 - wget stderr:   3950K .......... .......... .......... .......... ..........  4% 8.54M 13s
2025-11-15 19:54:33 - wget stderr:   4000K .......... .......... .......... .......... ..........  4% 8.58M 13s
2025-11-15 19:54:33 - wget stderr:   4050K .......... .......... .......... .......... ..........  4% 6.84M 13s
2025-11-15 19:54:34 - wget stderr:   4100K .......... .......... .......... .......... ..........  4%  601K 15s
2025-11-15 19:54:34 - wget stderr:   4150K .......... .......... .......... .......... ..........  4%  157M 15s
2025-11-15 19:54:34 - wget stderr:   4200K .......... .......... .......... .......... ..........  4%  309M 15s
2025-11-15 19:54:34 - wget stderr:   4250K .......... .......... .......... .......... ..........  4% 3.29M 15s
2025-11-15 19:54:34 - wget stderr:   4300K .......... .......... .......... .......... ..........  4% 21.5M 15s
2025-11-15 19:54:34 - wget stderr:   4350K .......... .......... .......... .......... ..........  4%  111M 15s
2025-11-15 19:54:34 - wget stderr:   4400K .......... .......... .......... .......... ..........  4%  208M 14s
2025-11-15 19:54:34 - wget stderr:   4450K .......... .......... .......... .......... ..........  4% 4.70M 14s
2025-11-15 19:54:34 - wget stderr:   4500K .......... .......... .......... .......... ..........  4% 11.7M 14s
2025-11-15 19:54:34 - wget stderr:   4550K .......... .......... .......... .......... ..........  4% 70.5M 14s
2025-11-15 19:54:34 - wget stderr:   4600K .......... .......... .......... .......... ..........  4%  148M 14s
2025-11-15 19:54:34 - wget stderr:   4650K .......... .......... .......... .......... ..........  4%  196M 14s
2025-11-15 19:54:34 - wget stderr:   4700K .......... .......... .......... .......... ..........  4%  359M 14s
2025-11-15 19:54:34 - wget stderr:   4750K .......... .......... .......... .......... ..........  4%  346M 14s
2025-11-15 19:54:34 - wget stderr:   4800K .......... .......... .......... .......... ..........  4% 29.5M 13s
2025-11-15 19:54:34 - wget stderr:   4850K .......... .......... .......... .......... ..........  5%  116M 13s
2025-11-15 19:54:34 - wget stderr:   4900K .......... .......... .......... .......... ..........  5%  246M 13s
2025-11-15 19:54:34 - wget stderr:   4950K .......... .......... .......... .......... ..........  5%  370M 13s
2025-11-15 19:54:34 - wget stderr:   5000K .......... .......... .......... .......... ..........  5%  296M 13s
2025-11-15 19:54:34 - wget stderr:   5050K .......... .......... .......... .......... ..........  5% 81.2M 13s
2025-11-15 19:54:34 - wget stderr:   5100K .......... .......... .......... .......... ..........  5%  139M 13s
2025-11-15 19:54:34 - wget stderr:   5150K .......... .......... .......... .......... ..........  5% 15.1M 13s
2025-11-15 19:54:34 - wget stderr:   5200K .......... .......... .......... .......... ..........  5% 6.25M 13s
2025-11-15 19:54:34 - wget stderr:   5250K .......... .......... .......... .......... ..........  5% 7.79M 13s
2025-11-15 19:54:34 - wget stderr:   5300K .......... .......... .......... .......... ..........  5% 10.6M 13s
2025-11-15 19:54:34 - wget stderr:   5350K .......... .......... .......... .......... ..........  5% 7.95M 13s
2025-11-15 19:54:34 - wget stderr:   5400K .......... .......... .......... .......... ..........  5% 11.0M 12s
2025-11-15 19:54:34 - wget stderr:   5450K .......... .......... .......... .......... ..........  5% 4.77M 13s
2025-11-15 19:54:34 - wget stderr:   5500K .......... .......... .......... .......... ..........  5% 35.7M 12s
2025-11-15 19:54:34 - wget stderr:   5550K .......... .......... .......... .......... ..........  5% 6.98M 12s
2025-11-15 19:54:34 - wget stderr:   5600K .......... .......... .......... .......... ..........  5% 9.25M 12s
2025-11-15 19:54:34 - wget stderr:   5650K .......... .......... .......... .......... ..........  5% 9.50M 12s
2025-11-15 19:54:34 - wget stderr:   5700K .......... .......... .......... .......... ..........  5% 8.84M 12s
2025-11-15 19:54:34 - wget stderr:   5750K .......... .......... .......... .......... ..........  5% 7.97M 12s
2025-11-15 19:54:34 - wget stderr:   5800K .......... .......... .......... .......... ..........  5% 10.3M 12s
2025-11-15 19:54:34 - wget stderr:   5850K .......... .......... .......... .......... ..........  6% 7.90M 12s
2025-11-15 19:54:34 - wget stderr:   5900K .......... .......... .......... .......... ..........  6% 6.80M 12s
2025-11-15 19:54:34 - wget stderr:   5950K .......... .......... .......... .......... ..........  6% 8.06M 12s
2025-11-15 19:54:34 - wget stderr:   6000K .......... .......... .......... .......... ..........  6% 11.9M 12s
2025-11-15 19:54:34 - wget stderr:   6050K .......... .......... .......... .......... ..........  6% 8.73M 12s
2025-11-15 19:54:34 - wget stderr:   6100K .......... .......... .......... .......... ..........  6% 7.30M 12s
2025-11-15 19:54:34 - wget stderr:   6150K .......... .......... .......... .......... ..........  6% 7.70M 12s
2025-11-15 19:54:34 - wget stderr:   6200K .......... .......... .......... .......... ..........  6% 5.86M 12s
2025-11-15 19:54:34 - wget stderr:   6250K .......... .......... .......... .......... ..........  6% 16.1M 12s
2025-11-15 19:54:34 - wget stderr:   6300K .......... .......... .......... .......... ..........  6% 4.96M 12s
2025-11-15 19:54:34 - wget stderr:   6350K .......... .......... .......... .......... ..........  6% 30.1M 12s
2025-11-15 19:54:34 - wget stderr:   6400K .......... .......... .......... .......... ..........  6% 11.4M 12s
2025-11-15 19:54:34 - wget stderr:   6450K .......... .......... .......... .......... ..........  6% 8.46M 12s
2025-11-15 19:54:34 - wget stderr:   6500K .......... .......... .......... .......... ..........  6% 8.10M 12s
2025-11-15 19:54:34 - wget stderr:   6550K .......... .......... .......... .......... ..........  6% 10.4M 12s
2025-11-15 19:54:34 - wget stderr:   6600K .......... .......... .......... .......... ..........  6% 7.15M 12s
2025-11-15 19:54:34 - wget stderr:   6650K .......... .......... .......... .......... ..........  6% 10.5M 12s
2025-11-15 19:54:34 - wget stderr:   6700K .......... .......... .......... .......... ..........  6% 8.71M 12s
2025-11-15 19:54:34 - wget stderr:   6750K .......... .......... .......... .......... ..........  6% 7.67M 12s
2025-11-15 19:54:34 - wget stderr:   6800K .......... .......... .......... .......... ..........  6% 5.81M 12s
2025-11-15 19:54:34 - wget stderr:   6850K .......... .......... .......... .......... ..........  7% 18.4M 12s
2025-11-15 19:54:34 - wget stderr:   6900K .......... .......... .......... .......... ..........  7% 7.59M 12s
2025-11-15 19:54:34 - wget stderr:   6950K .......... .......... .......... .......... ..........  7% 9.52M 12s
2025-11-15 19:54:34 - wget stderr:   7000K .......... .......... .......... .......... ..........  7% 7.28M 12s
2025-11-15 19:54:34 - wget stderr:   7050K .......... .......... .......... .......... ..........  7% 7.80M 12s
2025-11-15 19:54:34 - wget stderr:   7100K .......... .......... .......... .......... ..........  7% 11.4M 12s
2025-11-15 19:54:34 - wget stderr:   7150K .......... .......... .......... .......... ..........  7% 6.65M 12s
2025-11-15 19:54:34 - wget stderr:   7200K .......... .......... .......... .......... ..........  7% 8.56M 12s
2025-11-15 19:54:34 - wget stderr:   7250K .......... .......... .......... .......... ..........  7% 9.20M 12s
2025-11-15 19:54:34 - wget stderr:   7300K .......... .......... .......... .......... ..........  7% 4.55M 12s
2025-11-15 19:54:34 - wget stderr:   7350K .......... .......... .......... .......... ..........  7%  120M 12s
2025-11-15 19:54:34 - wget stderr:   7400K .......... .......... .......... .......... ..........  7% 10.2M 12s
2025-11-15 19:54:34 - wget stderr:   7450K .......... .......... .......... .......... ..........  7% 7.41M 12s
2025-11-15 19:54:34 - wget stderr:   7500K .......... .......... .......... .......... ..........  7% 10.8M 12s
2025-11-15 19:54:34 - wget stderr:   7550K .......... .......... .......... .......... ..........  7% 6.83M 12s
2025-11-15 19:54:34 - wget stderr:   7600K .......... .......... .......... .......... ..........  7% 9.96M 12s
2025-11-15 19:54:34 - wget stderr:   7650K .......... .......... .......... .......... ..........  7% 9.87M 12s
2025-11-15 19:54:34 - wget stderr:   7700K .......... .......... .......... .......... ..........  7% 6.86M 12s
2025-11-15 19:54:34 - wget stderr:   7750K .......... .......... .......... .......... ..........  7% 10.2M 12s
2025-11-15 19:54:34 - wget stderr:   7800K .......... .......... .......... .......... ..........  8% 4.45M 12s
2025-11-15 19:54:34 - wget stderr:   7850K .......... .......... .......... .......... ..........  8% 91.4M 12s
2025-11-15 19:54:34 - wget stderr:   7900K .......... .......... .......... .......... ..........  8% 7.94M 12s
2025-11-15 19:54:34 - wget stderr:   7950K .......... .......... .......... .......... ..........  8% 8.61M 12s
2025-11-15 19:54:34 - wget stderr:   8000K .......... .......... .......... .......... ..........  8% 8.46M 12s
2025-11-15 19:54:34 - wget stderr:   8050K .......... .......... .......... .......... ..........  8% 8.73M 12s
2025-11-15 19:54:34 - wget stderr:   8100K .......... .......... .......... .......... ..........  8% 6.14M 12s
2025-11-15 19:54:34 - wget stderr:   8150K .......... .......... .......... .......... ..........  8% 11.8M 12s
2025-11-15 19:54:34 - wget stderr:   8200K .......... .......... .......... .......... ..........  8% 7.74M 11s
2025-11-15 19:54:34 - wget stderr:   8250K .......... .......... .......... .......... ..........  8% 9.68M 11s
2025-11-15 19:54:34 - wget stderr:   8300K .......... .......... .......... .......... ..........  8% 8.25M 11s
2025-11-15 19:54:34 - wget stderr:   8350K .......... .......... .......... .......... ..........  8% 9.49M 11s
2025-11-15 19:54:34 - wget stderr:   8400K .......... .......... .......... .......... ..........  8% 8.73M 11s
2025-11-15 19:54:34 - wget stderr:   8450K .......... .......... .......... .......... ..........  8% 8.56M 11s
2025-11-15 19:54:34 - wget stderr:   8500K .......... .......... .......... .......... ..........  8% 8.15M 11s
2025-11-15 19:54:34 - wget stderr:   8550K .......... .......... .......... .......... ..........  8% 9.91M 11s
2025-11-15 19:54:34 - wget stderr:   8600K .......... .......... .......... .......... ..........  8% 8.34M 11s
2025-11-15 19:54:34 - wget stderr:   8650K .......... .......... .......... .......... ..........  8% 8.25M 11s
2025-11-15 19:54:34 - wget stderr:   8700K .......... .......... .......... .......... ..........  8% 8.00M 11s
2025-11-15 19:54:34 - wget stderr:   8750K .......... .......... .......... .......... ..........  8% 8.19M 11s
2025-11-15 19:54:34 - wget stderr:   8800K .......... .......... .......... .......... ..........  9% 8.80M 11s
2025-11-15 19:54:34 - wget stderr:   8850K .......... .......... .......... .......... ..........  9% 8.47M 11s
2025-11-15 19:54:34 - wget stderr:   8900K .......... .......... .......... .......... ..........  9% 9.28M 11s
2025-11-15 19:54:34 - wget stderr:   8950K .......... .......... .......... .......... ..........  9% 6.50M 11s
2025-11-15 19:54:34 - wget stderr:   9000K .......... .......... .......... .......... ..........  9% 10.1M 11s
2025-11-15 19:54:34 - wget stderr:   9050K .......... .......... .......... .......... ..........  9% 7.64M 11s
2025-11-15 19:54:34 - wget stderr:   9100K .......... .......... .......... .......... ..........  9% 10.8M 11s
2025-11-15 19:54:34 - wget stderr:   9150K .......... .......... .......... .......... ..........  9% 8.30M 11s
2025-11-15 19:54:34 - wget stderr:   9200K .......... .......... .......... .......... ..........  9% 8.85M 11s
2025-11-15 19:54:34 - wget stderr:   9250K .......... .......... .......... .......... ..........  9% 8.35M 11s
2025-11-15 19:54:34 - wget stderr:   9300K .......... .......... .......... .......... ..........  9% 8.35M 11s
2025-11-15 19:54:34 - wget stderr:   9350K .......... .......... .......... .......... ..........  9% 8.68M 11s
2025-11-15 19:54:34 - wget stderr:   9400K .......... .......... .......... .......... ..........  9% 8.88M 11s
2025-11-15 19:54:34 - wget stderr:   9450K .......... .......... .......... .......... ..........  9% 8.12M 11s
2025-11-15 19:54:34 - wget stderr:   9500K .......... .......... .......... .......... ..........  9% 6.40M 11s
2025-11-15 19:54:34 - wget stderr:   9550K .......... .......... .......... .......... ..........  9% 12.0M 11s
2025-11-15 19:54:34 - wget stderr:   9600K .......... .......... .......... .......... ..........  9% 9.78M 11s
2025-11-15 19:54:34 - wget stderr:   9650K .......... .......... .......... .......... ..........  9% 8.33M 11s
2025-11-15 19:54:34 - wget stderr:   9700K .......... .......... .......... .......... ..........  9% 7.88M 11s
2025-11-15 19:54:34 - wget stderr:   9750K .......... .......... .......... .......... .......... 10% 8.71M 11s
2025-11-15 19:54:34 - wget stderr:   9800K .......... .......... .......... .......... .......... 10% 8.72M 11s
2025-11-15 19:54:34 - wget stderr:   9850K .......... .......... .......... .......... .......... 10% 7.84M 11s
2025-11-15 19:54:34 - wget stderr:   9900K .......... .......... .......... .......... .......... 10% 6.72M 11s
2025-11-15 19:54:34 - wget stderr:   9950K .......... .......... .......... .......... .......... 10% 11.6M 11s
2025-11-15 19:54:34 - wget stderr:  10000K .......... .......... .......... .......... .......... 10% 9.39M 11s
2025-11-15 19:54:34 - wget stderr:  10050K .......... .......... .......... .......... .......... 10% 7.80M 11s
2025-11-15 19:54:34 - wget stderr:  10100K .......... .......... .......... .......... .......... 10% 8.70M 11s
2025-11-15 19:54:34 - wget stderr:  10150K .......... .......... .......... .......... .......... 10% 8.39M 11s
2025-11-15 19:54:34 - wget stderr:  10200K .......... .......... .......... .......... .......... 10% 9.93M 11s
2025-11-15 19:54:34 - wget stderr:  10250K .......... .......... .......... .......... .......... 10% 5.95M 11s
2025-11-15 19:54:34 - wget stderr:  10300K .......... .......... .......... .......... .......... 10% 15.1M 11s
2025-11-15 19:54:34 - wget stderr:  10350K .......... .......... .......... .......... .......... 10% 6.68M 11s
2025-11-15 19:54:34 - wget stderr:  10400K .......... .......... .......... .......... .......... 10% 10.7M 11s
2025-11-15 19:54:34 - wget stderr:  10450K .......... .......... .......... .......... .......... 10% 6.02M 11s
2025-11-15 19:54:34 - wget stderr:  10500K .......... .......... .......... .......... .......... 10% 7.40M 11s
2025-11-15 19:54:34 - wget stderr:  10550K .......... .......... .......... .......... .......... 10% 8.16M 11s
2025-11-15 19:54:34 - wget stderr:  10600K .......... .......... .......... .......... .......... 10% 17.6M 11s
2025-11-15 19:54:34 - wget stderr:  10650K .......... .......... .......... .......... .......... 10% 8.87M 11s
2025-11-15 19:54:34 - wget stderr:  10700K .......... .......... .......... .......... .......... 10% 9.50M 11s
2025-11-15 19:54:34 - wget stderr:  10750K .......... .......... .......... .......... .......... 11% 8.22M 11s
2025-11-15 19:54:34 - wget stderr:  10800K .......... .......... .......... .......... .......... 11% 7.98M 11s
2025-11-15 19:54:34 - wget stderr:  10850K .......... .......... .......... .......... .......... 11% 8.30M 11s
2025-11-15 19:54:34 - wget stderr:  10900K .......... .......... .......... .......... .......... 11% 7.63M 11s
2025-11-15 19:54:34 - wget stderr:  10950K .......... .......... .......... .......... .......... 11% 11.8M 11s
2025-11-15 19:54:34 - wget stderr:  11000K .......... .......... .......... .......... .......... 11% 7.81M 11s
2025-11-15 19:54:34 - wget stderr:  11050K .......... .......... .......... .......... .......... 11% 7.71M 11s
2025-11-15 19:54:34 - wget stderr:  11100K .......... .......... .......... .......... .......... 11% 9.62M 11s
2025-11-15 19:54:34 - wget stderr:  11150K .......... .......... .......... .......... .......... 11% 8.43M 11s
2025-11-15 19:54:34 - wget stderr:  11200K .......... .......... .......... .......... .......... 11% 9.28M 11s
2025-11-15 19:54:34 - wget stderr:  11250K .......... .......... .......... .......... .......... 11% 8.26M 11s
2025-11-15 19:54:34 - wget stderr:  11300K .......... .......... .......... .......... .......... 11% 8.88M 11s
2025-11-15 19:54:34 - wget stderr:  11350K .......... .......... .......... .......... .......... 11% 7.26M 11s
2025-11-15 19:54:34 - wget stderr:  11400K .......... .......... .......... .......... .......... 11% 9.81M 11s
2025-11-15 19:54:34 - wget stderr:  11450K .......... .......... .......... .......... .......... 11% 8.26M 11s
2025-11-15 19:54:34 - wget stderr:  11500K .......... .......... .......... .......... .......... 11% 8.71M 11s
2025-11-15 19:54:34 - wget stderr:  11550K .......... .......... .......... .......... .......... 11% 5.90M 11s
2025-11-15 19:54:34 - wget stderr:  11600K .......... .......... .......... .......... .......... 11% 17.7M 11s
2025-11-15 19:54:34 - wget stderr:  11650K .......... .......... .......... .......... .......... 11% 7.84M 11s
2025-11-15 19:54:34 - wget stderr:  11700K .......... .......... .......... .......... .......... 12% 5.23M 11s
2025-11-15 19:54:34 - wget stderr:  11750K .......... .......... .......... .......... .......... 12% 13.2M 11s
2025-11-15 19:54:34 - wget stderr:  11800K .......... .......... .......... .......... .......... 12% 11.0M 11s
2025-11-15 19:54:34 - wget stderr:  11850K .......... .......... .......... .......... .......... 12% 7.19M 11s
2025-11-15 19:54:34 - wget stderr:  11900K .......... .......... .......... .......... .......... 12% 12.3M 11s
2025-11-15 19:54:34 - wget stderr:  11950K .......... .......... .......... .......... .......... 12% 8.10M 11s
2025-11-15 19:54:34 - wget stderr:  12000K .......... .......... .......... .......... .......... 12% 9.10M 11s
2025-11-15 19:54:34 - wget stderr:  12050K .......... .......... .......... .......... .......... 12% 7.74M 11s
2025-11-15 19:54:34 - wget stderr:  12100K .......... .......... .......... .......... .......... 12% 7.91M 11s
2025-11-15 19:54:34 - wget stderr:  12150K .......... .......... .......... .......... .......... 12% 9.69M 11s
2025-11-15 19:54:34 - wget stderr:  12200K .......... .......... .......... .......... .......... 12% 8.21M 11s
2025-11-15 19:54:34 - wget stderr:  12250K .......... .......... .......... .......... .......... 12% 8.76M 11s
2025-11-15 19:54:34 - wget stderr:  12300K .......... .......... .......... .......... .......... 12% 8.56M 11s
2025-11-15 19:54:34 - wget stderr:  12350K .......... .......... .......... .......... .......... 12% 8.62M 11s
2025-11-15 19:54:34 - wget stderr:  12400K .......... .......... .......... .......... .......... 12% 7.84M 11s
2025-11-15 19:54:34 - wget stderr:  12450K .......... .......... .......... .......... .......... 12% 9.26M 11s
2025-11-15 19:54:34 - wget stderr:  12500K .......... .......... .......... .......... .......... 12% 8.02M 11s
2025-11-15 19:54:34 - wget stderr:  12550K .......... .......... .......... .......... .......... 12% 5.76M 11s
2025-11-15 19:54:34 - wget stderr:  12600K .......... .......... .......... .......... .......... 12% 9.97M 11s
2025-11-15 19:54:34 - wget stderr:  12650K .......... .......... .......... .......... .......... 12% 11.8M 11s
2025-11-15 19:54:34 - wget stderr:  12700K .......... .......... .......... .......... .......... 13% 9.91M 11s
2025-11-15 19:54:34 - wget stderr:  12750K .......... .......... .......... .......... .......... 13% 7.92M 10s
2025-11-15 19:54:34 - wget stderr:  12800K .......... .......... .......... .......... .......... 13% 8.60M 10s
2025-11-15 19:54:34 - wget stderr:  12850K .......... .......... .......... .......... .......... 13% 8.83M 10s
2025-11-15 19:54:34 - wget stderr:  12900K .......... .......... .......... .......... .......... 13% 7.96M 10s
2025-11-15 19:54:34 - wget stderr:  12950K .......... .......... .......... .......... .......... 13% 8.03M 10s
2025-11-15 19:54:34 - wget stderr:  13000K .......... .......... .......... .......... .......... 13% 7.73M 10s
2025-11-15 19:54:34 - wget stderr:  13050K .......... .......... .......... .......... .......... 13% 11.5M 10s
2025-11-15 19:54:34 - wget stderr:  13100K .......... .......... .......... .......... .......... 13% 8.29M 10s
2025-11-15 19:54:34 - wget stderr:  13150K .......... .......... .......... .......... .......... 13% 7.13M 10s
2025-11-15 19:54:34 - wget stderr:  13200K .......... .......... .......... .......... .......... 13% 8.55M 10s
2025-11-15 19:54:35 - wget stderr:  13250K .......... .......... .......... .......... .......... 13% 9.46M 10s
2025-11-15 19:54:35 - wget stderr:  13300K .......... .......... .......... .......... .......... 13% 9.42M 10s
2025-11-15 19:54:35 - wget stderr:  13350K .......... .......... .......... .......... .......... 13% 7.87M 10s
2025-11-15 19:54:35 - wget stderr:  13400K .......... .......... .......... .......... .......... 13% 8.42M 10s
2025-11-15 19:54:35 - wget stderr:  13450K .......... .......... .......... .......... .......... 13% 5.62M 10s
2025-11-15 19:54:35 - wget stderr:  13500K .......... .......... .......... .......... .......... 13% 12.9M 10s
2025-11-15 19:54:35 - wget stderr:  13550K .......... .......... .......... .......... .......... 13% 8.01M 10s
2025-11-15 19:54:35 - wget stderr:  13600K .......... .......... .......... .......... .......... 13% 7.06M 10s
2025-11-15 19:54:35 - wget stderr:  13650K .......... .......... .......... .......... .......... 13% 22.6M 10s
2025-11-15 19:54:35 - wget stderr:  13700K .......... .......... .......... .......... .......... 14% 8.31M 10s
2025-11-15 19:54:35 - wget stderr:  13750K .......... .......... .......... .......... .......... 14% 8.21M 10s
2025-11-15 19:54:35 - wget stderr:  13800K .......... .......... .......... .......... .......... 14% 7.62M 10s
2025-11-15 19:54:35 - wget stderr:  13850K .......... .......... .......... .......... .......... 14% 8.30M 10s
2025-11-15 19:54:35 - wget stderr:  13900K .......... .......... .......... .......... .......... 14% 8.93M 10s
2025-11-15 19:54:35 - wget stderr:  13950K .......... .......... .......... .......... .......... 14% 9.25M 10s
2025-11-15 19:54:35 - wget stderr:  14000K .......... .......... .......... .......... .......... 14% 7.53M 10s
2025-11-15 19:54:35 - wget stderr:  14050K .......... .......... .......... .......... .......... 14% 8.84M 10s
2025-11-15 19:54:35 - wget stderr:  14100K .......... .......... .......... .......... .......... 14% 10.0M 10s
2025-11-15 19:54:35 - wget stderr:  14150K .......... .......... .......... .......... .......... 14% 8.53M 10s
2025-11-15 19:54:35 - wget stderr:  14200K .......... .......... .......... .......... .......... 14% 8.52M 10s
2025-11-15 19:54:35 - wget stderr:  14250K .......... .......... .......... .......... .......... 14% 5.14M 10s
2025-11-15 19:54:35 - wget stderr:  14300K .......... .......... .......... .......... .......... 14% 20.2M 10s
2025-11-15 19:54:35 - wget stderr:  14350K .......... .......... .......... .......... .......... 14% 5.39M 10s
2025-11-15 19:54:35 - wget stderr:  14400K .......... .......... .......... .......... .......... 14% 17.8M 10s
2025-11-15 19:54:35 - wget stderr:  14450K .......... .......... .......... .......... .......... 14% 8.54M 10s
2025-11-15 19:54:35 - wget stderr:  14500K .......... .......... .......... .......... .......... 14% 9.43M 10s
2025-11-15 19:54:35 - wget stderr:  14550K .......... .......... .......... .......... .......... 14% 8.54M 10s
2025-11-15 19:54:35 - wget stderr:  14600K .......... .......... .......... .......... .......... 14% 7.72M 10s
2025-11-15 19:54:35 - wget stderr:  14650K .......... .......... .......... .......... .......... 15% 8.04M 10s
2025-11-15 19:54:35 - wget stderr:  14700K .......... .......... .......... .......... .......... 15% 8.33M 10s
2025-11-15 19:54:35 - wget stderr:  14750K .......... .......... .......... .......... .......... 15% 9.26M 10s
2025-11-15 19:54:35 - wget stderr:  14800K .......... .......... .......... .......... .......... 15% 2.86M 10s
2025-11-15 19:54:35 - wget stderr:  14850K .......... .......... .......... .......... .......... 15% 7.21M 10s
2025-11-15 19:54:35 - wget stderr:  14900K .......... .......... .......... .......... .......... 15% 12.8M 10s
2025-11-15 19:54:35 - wget stderr:  14950K .......... .......... .......... .......... .......... 15% 19.6M 10s
2025-11-15 19:54:35 - wget stderr:  15000K .......... .......... .......... .......... .......... 15% 20.3M 10s
2025-11-15 19:54:35 - wget stderr:  15050K .......... .......... .......... .......... .......... 15% 21.3M 10s
2025-11-15 19:54:35 - wget stderr:  15100K .......... .......... .......... .......... .......... 15% 7.17M 10s
2025-11-15 19:54:35 - wget stderr:  15150K .......... .......... .......... .......... .......... 15% 10.0M 10s
2025-11-15 19:54:35 - wget stderr:  15200K .......... .......... .......... .......... .......... 15% 7.09M 10s
2025-11-15 19:54:35 - wget stderr:  15250K .......... .......... .......... .......... .......... 15% 11.4M 10s
2025-11-15 19:54:35 - wget stderr:  15300K .......... .......... .......... .......... .......... 15% 8.71M 10s
2025-11-15 19:54:35 - wget stderr:  15350K .......... .......... .......... .......... .......... 15% 8.62M 10s
2025-11-15 19:54:35 - wget stderr:  15400K .......... .......... .......... .......... .......... 15% 10.3M 10s
2025-11-15 19:54:35 - wget stderr:  15450K .......... .......... .......... .......... .......... 15% 5.24M 10s
2025-11-15 19:54:35 - wget stderr:  15500K .......... .......... .......... .......... .......... 15% 12.5M 10s
2025-11-15 19:54:35 - wget stderr:  15550K .......... .......... .......... .......... .......... 15% 7.21M 10s
2025-11-15 19:54:35 - wget stderr:  15600K .......... .......... .......... .......... .......... 15% 14.2M 10s
2025-11-15 19:54:35 - wget stderr:  15650K .......... .......... .......... .......... .......... 16% 8.93M 10s
2025-11-15 19:54:35 - wget stderr:  15700K .......... .......... .......... .......... .......... 16% 8.57M 10s
2025-11-15 19:54:35 - wget stderr:  15750K .......... .......... .......... .......... .......... 16% 8.16M 10s
2025-11-15 19:54:35 - wget stderr:  15800K .......... .......... .......... .......... .......... 16% 9.39M 10s
2025-11-15 19:54:35 - wget stderr:  15850K .......... .......... .......... .......... .......... 16% 7.91M 10s
2025-11-15 19:54:35 - wget stderr:  15900K .......... .......... .......... .......... .......... 16% 8.58M 10s
2025-11-15 19:54:35 - wget stderr:  15950K .......... .......... .......... .......... .......... 16% 8.25M 10s
2025-11-15 19:54:35 - wget stderr:  16000K .......... .......... .......... .......... .......... 16% 8.76M 10s
2025-11-15 19:54:35 - wget stderr:  16050K .......... .......... .......... .......... .......... 16% 6.24M 10s
2025-11-15 19:54:35 - wget stderr:  16100K .......... .......... .......... .......... .......... 16% 11.5M 10s
2025-11-15 19:54:35 - wget stderr:  16150K .......... .......... .......... .......... .......... 16% 7.00M 10s
2025-11-15 19:54:35 - wget stderr:  16200K .......... .......... .......... .......... .......... 16% 14.0M 10s
2025-11-15 19:54:35 - wget stderr:  16250K .......... .......... .......... .......... .......... 16% 7.44M 10s
2025-11-15 19:54:35 - wget stderr:  16300K .......... .......... .......... .......... .......... 16% 8.66M 10s
2025-11-15 19:54:35 - wget stderr:  16350K .......... .......... .......... .......... .......... 16% 8.26M 10s
2025-11-15 19:54:35 - wget stderr:  16400K .......... .......... .......... .......... .......... 16% 9.47M 10s
2025-11-15 19:54:35 - wget stderr:  16450K .......... .......... .......... .......... .......... 16% 8.90M 10s
2025-11-15 19:54:35 - wget stderr:  16500K .......... .......... .......... .......... .......... 16% 7.58M 10s
2025-11-15 19:54:35 - wget stderr:  16550K .......... .......... .......... .......... .......... 16% 9.17M 10s
2025-11-15 19:54:35 - wget stderr:  16600K .......... .......... .......... .......... .......... 17% 6.72M 10s
2025-11-15 19:54:35 - wget stderr:  16650K .......... .......... .......... .......... .......... 17% 11.5M 10s
2025-11-15 19:54:35 - wget stderr:  16700K .......... .......... .......... .......... .......... 17% 7.52M 10s
2025-11-15 19:54:35 - wget stderr:  16750K .......... .......... .......... .......... .......... 17% 10.3M 10s
2025-11-15 19:54:35 - wget stderr:  16800K .......... .......... .......... .......... .......... 17% 8.73M 10s
2025-11-15 19:54:35 - wget stderr:  16850K .......... .......... .......... .......... .......... 17% 8.11M 10s
2025-11-15 19:54:35 - wget stderr:  16900K .......... .......... .......... .......... .......... 17% 8.98M 10s
2025-11-15 19:54:35 - wget stderr:  16950K .......... .......... .......... .......... .......... 17% 7.85M 10s
2025-11-15 19:54:35 - wget stderr:  17000K .......... .......... .......... .......... .......... 17% 9.34M 10s
2025-11-15 19:54:35 - wget stderr:  17050K .......... .......... .......... .......... .......... 17% 7.73M 10s
2025-11-15 19:54:35 - wget stderr:  17100K .......... .......... .......... .......... .......... 17% 4.36M 10s
2025-11-15 19:54:35 - wget stderr:  17150K .......... .......... .......... .......... .......... 17%  198M 10s
2025-11-15 19:54:35 - wget stderr:  17200K .......... .......... .......... .......... .......... 17% 9.31M 10s
2025-11-15 19:54:35 - wget stderr:  17250K .......... .......... .......... .......... .......... 17% 8.46M 10s
2025-11-15 19:54:35 - wget stderr:  17300K .......... .......... .......... .......... .......... 17% 8.05M 10s
2025-11-15 19:54:35 - wget stderr:  17350K .......... .......... .......... .......... .......... 17% 9.02M 10s
2025-11-15 19:54:35 - wget stderr:  17400K .......... .......... .......... .......... .......... 17% 9.33M 10s
2025-11-15 19:54:35 - wget stderr:  17450K .......... .......... .......... .......... .......... 17% 7.17M 10s
2025-11-15 19:54:35 - wget stderr:  17500K .......... .......... .......... .......... .......... 17% 8.66M 10s
2025-11-15 19:54:35 - wget stderr:  17550K .......... .......... .......... .......... .......... 17% 6.21M 10s
2025-11-15 19:54:35 - wget stderr:  17600K .......... .......... .......... .......... .......... 18% 5.48M 10s
2025-11-15 19:54:35 - wget stderr:  17650K .......... .......... .......... .......... .......... 18% 44.8M 10s
2025-11-15 19:54:35 - wget stderr:  17700K .......... .......... .......... .......... .......... 18% 9.98M 10s
2025-11-15 19:54:35 - wget stderr:  17750K .......... .......... .......... .......... .......... 18% 9.58M 10s
2025-11-15 19:54:35 - wget stderr:  17800K .......... .......... .......... .......... .......... 18% 6.85M 10s
2025-11-15 19:54:35 - wget stderr:  17850K .......... .......... .......... .......... .......... 18% 9.81M 10s
2025-11-15 19:54:35 - wget stderr:  17900K .......... .......... .......... .......... .......... 18% 8.96M 10s
2025-11-15 19:54:35 - wget stderr:  17950K .......... .......... .......... .......... .......... 18% 8.54M 10s
2025-11-15 19:54:35 - wget stderr:  18000K .......... .......... .......... .......... .......... 18% 8.30M 10s
2025-11-15 19:54:35 - wget stderr:  18050K .......... .......... .......... .......... .......... 18% 9.24M 10s
2025-11-15 19:54:35 - wget stderr:  18100K .......... .......... .......... .......... .......... 18% 6.10M 10s
2025-11-15 19:54:35 - wget stderr:  18150K .......... .......... .......... .......... .......... 18% 11.3M 10s
2025-11-15 19:54:35 - wget stderr:  18200K .......... .......... .......... .......... .......... 18% 9.13M 10s
2025-11-15 19:54:35 - wget stderr:  18250K .......... .......... .......... .......... .......... 18% 8.52M 10s
2025-11-15 19:54:35 - wget stderr:  18300K .......... .......... .......... .......... .......... 18% 9.75M 10s
2025-11-15 19:54:35 - wget stderr:  18350K .......... .......... .......... .......... .......... 18% 7.58M 10s
2025-11-15 19:54:35 - wget stderr:  18400K .......... .......... .......... .......... .......... 18% 9.48M 10s
2025-11-15 19:54:35 - wget stderr:  18450K .......... .......... .......... .......... .......... 18% 7.44M 10s
2025-11-15 19:54:35 - wget stderr:  18500K .......... .......... .......... .......... .......... 18% 8.29M 10s
2025-11-15 19:54:35 - wget stderr:  18550K .......... .......... .......... .......... .......... 18% 9.94M 10s
2025-11-15 19:54:35 - wget stderr:  18600K .......... .......... .......... .......... .......... 19% 7.17M 10s
2025-11-15 19:54:35 - wget stderr:  18650K .......... .......... .......... .......... .......... 19% 9.44M 10s
2025-11-15 19:54:35 - wget stderr:  18700K .......... .......... .......... .......... .......... 19% 8.28M 10s
2025-11-15 19:54:35 - wget stderr:  18750K .......... .......... .......... .......... .......... 19% 9.59M 10s
2025-11-15 19:54:35 - wget stderr:  18800K .......... .......... .......... .......... .......... 19% 8.11M 10s
2025-11-15 19:54:35 - wget stderr:  18850K .......... .......... .......... .......... .......... 19% 5.60M 10s
2025-11-15 19:54:35 - wget stderr:  18900K .......... .......... .......... .......... .......... 19% 17.0M 10s
2025-11-15 19:54:35 - wget stderr:  18950K .......... .......... .......... .......... .......... 19% 8.19M 10s
2025-11-15 19:54:35 - wget stderr:  19000K .......... .......... .......... .......... .......... 19% 8.48M 9s
2025-11-15 19:54:35 - wget stderr:  19050K .......... .......... .......... .......... .......... 19% 6.46M 10s
2025-11-15 19:54:35 - wget stderr:  19100K .......... .......... .......... .......... .......... 19% 8.78M 9s
2025-11-15 19:54:35 - wget stderr:  19150K .......... .......... .......... .......... .......... 19% 12.9M 9s
2025-11-15 19:54:35 - wget stderr:  19200K .......... .......... .......... .......... .......... 19% 6.31M 9s
2025-11-15 19:54:35 - wget stderr:  19250K .......... .......... .......... .......... .......... 19% 9.46M 9s
2025-11-15 19:54:35 - wget stderr:  19300K .......... .......... .......... .......... .......... 19% 13.2M 9s
2025-11-15 19:54:35 - wget stderr:  19350K .......... .......... .......... .......... .......... 19% 6.84M 9s
2025-11-15 19:54:35 - wget stderr:  19400K .......... .......... .......... .......... .......... 19% 7.04M 9s
2025-11-15 19:54:35 - wget stderr:  19450K .......... .......... .......... .......... .......... 19% 7.39M 9s
2025-11-15 19:54:35 - wget stderr:  19500K .......... .......... .......... .......... .......... 19% 15.4M 9s
2025-11-15 19:54:35 - wget stderr:  19550K .......... .......... .......... .......... .......... 20% 7.81M 9s
2025-11-15 19:54:35 - wget stderr:  19600K .......... .......... .......... .......... .......... 20% 8.10M 9s
2025-11-15 19:54:35 - wget stderr:  19650K .......... .......... .......... .......... .......... 20% 10.4M 9s
2025-11-15 19:54:35 - wget stderr:  19700K .......... .......... .......... .......... .......... 20% 4.88M 9s
2025-11-15 19:54:35 - wget stderr:  19750K .......... .......... .......... .......... .......... 20% 12.3M 9s
2025-11-15 19:54:35 - wget stderr:  19800K .......... .......... .......... .......... .......... 20% 7.70M 9s
2025-11-15 19:54:35 - wget stderr:  19850K .......... .......... .......... .......... .......... 20% 5.22M 9s
2025-11-15 19:54:35 - wget stderr:  19900K .......... .......... .......... .......... .......... 20% 5.73M 9s
2025-11-15 19:54:35 - wget stderr:  19950K .......... .......... .......... .......... .......... 20%  566K 10s
2025-11-15 19:54:35 - wget stderr:  20000K .......... .......... .......... .......... .......... 20% 26.2M 10s
2025-11-15 19:54:35 - wget stderr:  20050K .......... .......... .......... .......... .......... 20% 5.25M 10s
2025-11-15 19:54:35 - wget stderr:  20100K .......... .......... .......... .......... .......... 20%  146M 10s
2025-11-15 19:54:35 - wget stderr:  20150K .......... .......... .......... .......... .......... 20% 43.7M 10s
2025-11-15 19:54:35 - wget stderr:  20200K .......... .......... .......... .......... .......... 20%  158M 10s
2025-11-15 19:54:35 - wget stderr:  20250K .......... .......... .......... .......... .......... 20% 78.5M 10s
2025-11-15 19:54:35 - wget stderr:  20300K .......... .......... .......... .......... .......... 20% 3.77M 10s
2025-11-15 19:54:35 - wget stderr:  20350K .......... .......... .......... .......... .......... 20%  262M 10s
2025-11-15 19:54:35 - wget stderr:  20400K .......... .......... .......... .......... .......... 20%  338M 10s
2025-11-15 19:54:35 - wget stderr:  20450K .......... .......... .......... .......... .......... 20%  165M 10s
2025-11-15 19:54:35 - wget stderr:  20500K .......... .......... .......... .......... .......... 20%  312M 9s
2025-11-15 19:54:35 - wget stderr:  20550K .......... .......... .......... .......... .......... 21%  109M 9s
2025-11-15 19:54:35 - wget stderr:  20600K .......... .......... .......... .......... .......... 21%  376M 9s
2025-11-15 19:54:35 - wget stderr:  20650K .......... .......... .......... .......... .......... 21%  310M 9s
2025-11-15 19:54:35 - wget stderr:  20700K .......... .......... .......... .......... .......... 21%  178M 9s
2025-11-15 19:54:35 - wget stderr:  20750K .......... .......... .......... .......... .......... 21% 12.2M 9s
2025-11-15 19:54:35 - wget stderr:  20800K .......... .......... .......... .......... .......... 21% 9.46M 9s
2025-11-15 19:54:35 - wget stderr:  20850K .......... .......... .......... .......... .......... 21% 4.55M 9s
2025-11-15 19:54:35 - wget stderr:  20900K .......... .......... .......... .......... .......... 21% 2.79M 9s
2025-11-15 19:54:35 - wget stderr:  20950K .......... .......... .......... .......... .......... 21% 14.6M 9s
2025-11-15 19:54:35 - wget stderr:  21000K .......... .......... .......... .......... .......... 21% 8.12M 9s
2025-11-15 19:54:35 - wget stderr:  21050K .......... .......... .......... .......... .......... 21% 8.36M 9s
2025-11-15 19:54:35 - wget stderr:  21100K .......... .......... .......... .......... .......... 21% 7.55M 9s
2025-11-15 19:54:35 - wget stderr:  21150K .......... .......... .......... .......... .......... 21% 9.18M 9s
2025-11-15 19:54:35 - wget stderr:  21200K .......... .......... .......... .......... .......... 21% 9.35M 9s
2025-11-15 19:54:35 - wget stderr:  21250K .......... .......... .......... .......... .......... 21% 7.38M 9s
2025-11-15 19:54:35 - wget stderr:  21300K .......... .......... .......... .......... .......... 21% 8.13M 9s
2025-11-15 19:54:35 - wget stderr:  21350K .......... .......... .......... .......... .......... 21% 7.86M 9s
2025-11-15 19:54:35 - wget stderr:  21400K .......... .......... .......... .......... .......... 21% 7.23M 9s
2025-11-15 19:54:35 - wget stderr:  21450K .......... .......... .......... .......... .......... 21% 14.6M 9s
2025-11-15 19:54:35 - wget stderr:  21500K .......... .......... .......... .......... .......... 22% 8.36M 9s
2025-11-15 19:54:36 - wget stderr:  21550K .......... .......... .......... .......... .......... 22% 8.66M 9s
2025-11-15 19:54:36 - wget stderr:  21600K .......... .......... .......... .......... .......... 22% 7.39M 9s
2025-11-15 19:54:36 - wget stderr:  21650K .......... .......... .......... .......... .......... 22% 10.4M 9s
2025-11-15 19:54:36 - wget stderr:  21700K .......... .......... .......... .......... .......... 22% 7.99M 9s
2025-11-15 19:54:36 - wget stderr:  21750K .......... .......... .......... .......... .......... 22% 7.68M 9s
2025-11-15 19:54:36 - wget stderr:  21800K .......... .......... .......... .......... .......... 22% 9.14M 9s
2025-11-15 19:54:36 - wget stderr:  21850K .......... .......... .......... .......... .......... 22% 8.42M 9s
2025-11-15 19:54:36 - wget stderr:  21900K .......... .......... .......... .......... .......... 22% 9.04M 9s
2025-11-15 19:54:36 - wget stderr:  21950K .......... .......... .......... .......... .......... 22% 6.71M 9s
2025-11-15 19:54:36 - wget stderr:  22000K .......... .......... .......... .......... .......... 22% 8.28M 9s
2025-11-15 19:54:36 - wget stderr:  22050K .......... .......... .......... .......... .......... 22% 11.8M 9s
2025-11-15 19:54:36 - wget stderr:  22100K .......... .......... .......... .......... .......... 22% 8.57M 9s
2025-11-15 19:54:36 - wget stderr:  22150K .......... .......... .......... .......... .......... 22% 8.46M 9s
2025-11-15 19:54:36 - wget stderr:  22200K .......... .......... .......... .......... .......... 22% 8.11M 9s
2025-11-15 19:54:36 - wget stderr:  22250K .......... .......... .......... .......... .......... 22% 5.13M 9s
2025-11-15 19:54:36 - wget stderr:  22300K .......... .......... .......... .......... .......... 22% 13.7M 9s
2025-11-15 19:54:36 - wget stderr:  22350K .......... .......... .......... .......... .......... 22% 13.1M 9s
2025-11-15 19:54:36 - wget stderr:  22400K .......... .......... .......... .......... .......... 22% 7.85M 9s
2025-11-15 19:54:36 - wget stderr:  22450K .......... .......... .......... .......... .......... 22% 8.08M 9s
2025-11-15 19:54:36 - wget stderr:  22500K .......... .......... .......... .......... .......... 23% 7.48M 9s
2025-11-15 19:54:36 - wget stderr:  22550K .......... .......... .......... .......... .......... 23% 11.7M 9s
2025-11-15 19:54:36 - wget stderr:  22600K .......... .......... .......... .......... .......... 23% 6.30M 9s
2025-11-15 19:54:36 - wget stderr:  22650K .......... .......... .......... .......... .......... 23% 10.6M 9s
2025-11-15 19:54:36 - wget stderr:  22700K .......... .......... .......... .......... .......... 23% 7.25M 9s
2025-11-15 19:54:36 - wget stderr:  22750K .......... .......... .......... .......... .......... 23% 8.20M 9s
2025-11-15 19:54:36 - wget stderr:  22800K .......... .......... .......... .......... .......... 23% 13.9M 9s
2025-11-15 19:54:36 - wget stderr:  22850K .......... .......... .......... .......... .......... 23% 7.87M 9s
2025-11-15 19:54:36 - wget stderr:  22900K .......... .......... .......... .......... .......... 23% 5.48M 9s
2025-11-15 19:54:36 - wget stderr:  22950K .......... .......... .......... .......... .......... 23% 5.47M 9s
2025-11-15 19:54:36 - wget stderr:  23000K .......... .......... .......... .......... .......... 23% 61.1M 9s
2025-11-15 19:54:36 - wget stderr:  23050K .......... .......... .......... .......... .......... 23% 7.21M 9s
2025-11-15 19:54:36 - wget stderr:  23100K .......... .......... .......... .......... .......... 23% 13.1M 9s
2025-11-15 19:54:36 - wget stderr:  23150K .......... .......... .......... .......... .......... 23% 9.92M 9s
2025-11-15 19:54:36 - wget stderr:  23200K .......... .......... .......... .......... .......... 23% 7.95M 9s
2025-11-15 19:54:36 - wget stderr:  23250K .......... .......... .......... .......... .......... 23% 5.49M 9s
2025-11-15 19:54:36 - wget stderr:  23300K .......... .......... .......... .......... .......... 23% 5.70M 9s
2025-11-15 19:54:36 - wget stderr:  23350K .......... .......... .......... .......... .......... 23% 12.3M 9s
2025-11-15 19:54:36 - wget stderr:  23400K .......... .......... .......... .......... .......... 23% 16.2M 9s
2025-11-15 19:54:36 - wget stderr:  23450K .......... .......... .......... .......... .......... 24% 11.4M 9s
2025-11-15 19:54:36 - wget stderr:  23500K .......... .......... .......... .......... .......... 24% 8.85M 9s
2025-11-15 19:54:36 - wget stderr:  23550K .......... .......... .......... .......... .......... 24% 8.30M 9s
2025-11-15 19:54:36 - wget stderr:  23600K .......... .......... .......... .......... .......... 24% 7.96M 9s
2025-11-15 19:54:36 - wget stderr:  23650K .......... .......... .......... .......... .......... 24% 8.79M 9s
2025-11-15 19:54:36 - wget stderr:  23700K .......... .......... .......... .......... .......... 24% 8.54M 9s
2025-11-15 19:54:36 - wget stderr:  23750K .......... .......... .......... .......... .......... 24% 6.24M 9s
2025-11-15 19:54:36 - wget stderr:  23800K .......... .......... .......... .......... .......... 24% 9.51M 9s
2025-11-15 19:54:36 - wget stderr:  23850K .......... .......... .......... .......... .......... 24% 6.98M 9s
2025-11-15 19:54:36 - wget stderr:  23900K .......... .......... .......... .......... .......... 24% 11.9M 9s
2025-11-15 19:54:36 - wget stderr:  23950K .......... .......... .......... .......... .......... 24% 11.6M 9s
2025-11-15 19:54:36 - wget stderr:  24000K .......... .......... .......... .......... .......... 24% 7.91M 9s
2025-11-15 19:54:36 - wget stderr:  24050K .......... .......... .......... .......... .......... 24% 8.16M 9s
2025-11-15 19:54:36 - wget stderr:  24100K .......... .......... .......... .......... .......... 24% 9.04M 9s
2025-11-15 19:54:36 - wget stderr:  24150K .......... .......... .......... .......... .......... 24% 6.34M 9s
2025-11-15 19:54:36 - wget stderr:  24200K .......... .......... .......... .......... .......... 24% 14.1M 9s
2025-11-15 19:54:36 - wget stderr:  24250K .......... .......... .......... .......... .......... 24% 8.65M 9s
2025-11-15 19:54:36 - wget stderr:  24300K .......... .......... .......... .......... .......... 24% 8.71M 9s
2025-11-15 19:54:36 - wget stderr:  24350K .......... .......... .......... .......... .......... 24% 7.60M 9s
2025-11-15 19:54:36 - wget stderr:  24400K .......... .......... .......... .......... .......... 24% 8.33M 9s
2025-11-15 19:54:36 - wget stderr:  24450K .......... .......... .......... .......... .......... 25% 10.5M 9s
2025-11-15 19:54:36 - wget stderr:  24500K .......... .......... .......... .......... .......... 25% 8.14M 9s
2025-11-15 19:54:36 - wget stderr:  24550K .......... .......... .......... .......... .......... 25% 7.98M 9s
2025-11-15 19:54:36 - wget stderr:  24600K .......... .......... .......... .......... .......... 25% 9.40M 9s
2025-11-15 19:54:36 - wget stderr:  24650K .......... .......... .......... .......... .......... 25% 5.07M 9s
2025-11-15 19:54:36 - wget stderr:  24700K .......... .......... .......... .......... .......... 25% 10.6M 9s
2025-11-15 19:54:36 - wget stderr:  24750K .......... .......... .......... .......... .......... 25% 15.2M 9s
2025-11-15 19:54:36 - wget stderr:  24800K .......... .......... .......... .......... .......... 25% 5.59M 9s
2025-11-15 19:54:36 - wget stderr:  24850K .......... .......... .......... .......... .......... 25% 3.86M 9s
2025-11-15 19:54:36 - wget stderr:  24900K .......... .......... .......... .......... .......... 25%  245M 9s
2025-11-15 19:54:36 - wget stderr:  24950K .......... .......... .......... .......... .......... 25% 30.3M 9s
2025-11-15 19:54:36 - wget stderr:  25000K .......... .......... .......... .......... .......... 25% 7.49M 9s
2025-11-15 19:54:36 - wget stderr:  25050K .......... .......... .......... .......... .......... 25% 8.37M 9s
2025-11-15 19:54:36 - wget stderr:  25100K .......... .......... .......... .......... .......... 25% 10.0M 9s
2025-11-15 19:54:36 - wget stderr:  25150K .......... .......... .......... .......... .......... 25% 4.88M 9s
2025-11-15 19:54:36 - wget stderr:  25200K .......... .......... .......... .......... .......... 25% 57.2M 9s
2025-11-15 19:54:36 - wget stderr:  25250K .......... .......... .......... .......... .......... 25% 4.14M 9s
2025-11-15 19:54:36 - wget stderr:  25300K .......... .......... .......... .......... .......... 25% 63.7M 9s
2025-11-15 19:54:36 - wget stderr:  25350K .......... .......... .......... .......... .......... 25% 7.11M 9s
2025-11-15 19:54:36 - wget stderr:  25400K .......... .......... .......... .......... .......... 25% 13.9M 9s
2025-11-15 19:54:36 - wget stderr:  25450K .......... .......... .......... .......... .......... 26% 8.18M 9s
2025-11-15 19:54:36 - wget stderr:  25500K .......... .......... .......... .......... .......... 26% 2.93M 9s
2025-11-15 19:54:36 - wget stderr:  25550K .......... .......... .......... .......... .......... 26%  207M 9s
2025-11-15 19:54:36 - wget stderr:  25600K .......... .......... .......... .......... .......... 26% 5.15M 9s
2025-11-15 19:54:36 - wget stderr:  25650K .......... .......... .......... .......... .......... 26%  207M 9s
2025-11-15 19:54:36 - wget stderr:  25700K .......... .......... .......... .......... .......... 26% 9.39M 9s
2025-11-15 19:54:36 - wget stderr:  25750K .......... .......... .......... .......... .......... 26% 20.2M 9s
2025-11-15 19:54:36 - wget stderr:  25800K .......... .......... .......... .......... .......... 26% 7.52M 9s
2025-11-15 19:54:36 - wget stderr:  25850K .......... .......... .......... .......... .......... 26% 7.23M 9s
2025-11-15 19:54:36 - wget stderr:  25900K .......... .......... .......... .......... .......... 26% 8.67M 9s
2025-11-15 19:54:36 - wget stderr:  25950K .......... .......... .......... .......... .......... 26% 8.93M 9s
2025-11-15 19:54:36 - wget stderr:  26000K .......... .......... .......... .......... .......... 26% 7.38M 9s
2025-11-15 19:54:36 - wget stderr:  26050K .......... .......... .......... .......... .......... 26% 8.31M 9s
2025-11-15 19:54:36 - wget stderr:  26100K .......... .......... .......... .......... .......... 26% 13.6M 9s
2025-11-15 19:54:36 - wget stderr:  26150K .......... .......... .......... .......... .......... 26% 8.39M 9s
2025-11-15 19:54:36 - wget stderr:  26200K .......... .......... .......... .......... .......... 26% 7.42M 9s
2025-11-15 19:54:36 - wget stderr:  26250K .......... .......... .......... .......... .......... 26% 9.98M 9s
2025-11-15 19:54:36 - wget stderr:  26300K .......... .......... .......... .......... .......... 26% 9.08M 9s
2025-11-15 19:54:36 - wget stderr:  26350K .......... .......... .......... .......... .......... 26% 5.68M 9s
2025-11-15 19:54:36 - wget stderr:  26400K .......... .......... .......... .......... .......... 27% 13.7M 9s
2025-11-15 19:54:36 - wget stderr:  26450K .......... .......... .......... .......... .......... 27% 8.03M 9s
2025-11-15 19:54:36 - wget stderr:  26500K .......... .......... .......... .......... .......... 27% 7.21M 9s
2025-11-15 19:54:36 - wget stderr:  26550K .......... .......... .......... .......... .......... 27% 13.8M 9s
2025-11-15 19:54:36 - wget stderr:  26600K .......... .......... .......... .......... .......... 27% 8.23M 9s
2025-11-15 19:54:36 - wget stderr:  26650K .......... .......... .......... .......... .......... 27% 8.31M 9s
2025-11-15 19:54:36 - wget stderr:  26700K .......... .......... .......... .......... .......... 27% 4.59M 9s
2025-11-15 19:54:36 - wget stderr:  26750K .......... .......... .......... .......... .......... 27% 33.6M 9s
2025-11-15 19:54:36 - wget stderr:  26800K .......... .......... .......... .......... .......... 27% 9.21M 9s
2025-11-15 19:54:36 - wget stderr:  26850K .......... .......... .......... .......... .......... 27% 7.35M 9s
2025-11-15 19:54:36 - wget stderr:  26900K .......... .......... .......... .......... .......... 27% 10.8M 9s
2025-11-15 19:54:36 - wget stderr:  26950K .......... .......... .......... .......... .......... 27% 8.28M 9s
2025-11-15 19:54:36 - wget stderr:  27000K .......... .......... .......... .......... .......... 27% 7.69M 9s
2025-11-15 19:54:36 - wget stderr:  27050K .......... .......... .......... .......... .......... 27% 9.08M 9s
2025-11-15 19:54:36 - wget stderr:  27100K .......... .......... .......... .......... .......... 27% 10.3M 9s
2025-11-15 19:54:36 - wget stderr:  27150K .......... .......... .......... .......... .......... 27% 8.02M 9s
2025-11-15 19:54:36 - wget stderr:  27200K .......... .......... .......... .......... .......... 27% 8.75M 9s
2025-11-15 19:54:36 - wget stderr:  27250K .......... .......... .......... .......... .......... 27% 7.88M 9s
2025-11-15 19:54:36 - wget stderr:  27300K .......... .......... .......... .......... .......... 27% 8.58M 8s
2025-11-15 19:54:36 - wget stderr:  27350K .......... .......... .......... .......... .......... 27% 2.77M 9s
2025-11-15 19:54:36 - wget stderr:  27400K .......... .......... .......... .......... .......... 28% 56.9M 9s
2025-11-15 19:54:36 - wget stderr:  27450K .......... .......... .......... .......... .......... 28%  114M 8s
2025-11-15 19:54:36 - wget stderr:  27500K .......... .......... .......... .......... .......... 28% 13.4M 8s
2025-11-15 19:54:36 - wget stderr:  27550K .......... .......... .......... .......... .......... 28% 8.30M 8s
2025-11-15 19:54:36 - wget stderr:  27600K .......... .......... .......... .......... .......... 28% 3.75M 8s
2025-11-15 19:54:36 - wget stderr:  27650K .......... .......... .......... .......... .......... 28% 6.27M 8s
2025-11-15 19:54:36 - wget stderr:  27700K .......... .......... .......... .......... .......... 28% 6.04M 8s
2025-11-15 19:54:36 - wget stderr:  27750K .......... .......... .......... .......... .......... 28% 13.9M 8s
2025-11-15 19:54:36 - wget stderr:  27800K .......... .......... .......... .......... .......... 28% 14.1M 8s
2025-11-15 19:54:36 - wget stderr:  27850K .......... .......... .......... .......... .......... 28% 16.6M 8s
2025-11-15 19:54:36 - wget stderr:  27900K .......... .......... .......... .......... .......... 28% 9.72M 8s
2025-11-15 19:54:36 - wget stderr:  27950K .......... .......... .......... .......... .......... 28% 17.8M 8s
2025-11-15 19:54:36 - wget stderr:  28000K .......... .......... .......... .......... .......... 28% 8.66M 8s
2025-11-15 19:54:36 - wget stderr:  28050K .......... .......... .......... .......... .......... 28% 9.61M 8s
2025-11-15 19:54:36 - wget stderr:  28100K .......... .......... .......... .......... .......... 28% 8.85M 8s
2025-11-15 19:54:36 - wget stderr:  28150K .......... .......... .......... .......... .......... 28% 7.83M 8s
2025-11-15 19:54:36 - wget stderr:  28200K .......... .......... .......... .......... .......... 28% 8.77M 8s
2025-11-15 19:54:36 - wget stderr:  28250K .......... .......... .......... .......... .......... 28% 7.37M 8s
2025-11-15 19:54:36 - wget stderr:  28300K .......... .......... .......... .......... .......... 28% 9.00M 8s
2025-11-15 19:54:36 - wget stderr:  28350K .......... .......... .......... .......... .......... 29% 10.4M 8s
2025-11-15 19:54:36 - wget stderr:  28400K .......... .......... .......... .......... .......... 29% 7.46M 8s
2025-11-15 19:54:36 - wget stderr:  28450K .......... .......... .......... .......... .......... 29% 7.79M 8s
2025-11-15 19:54:36 - wget stderr:  28500K .......... .......... .......... .......... .......... 29% 5.95M 8s
2025-11-15 19:54:36 - wget stderr:  28550K .......... .......... .......... .......... .......... 29% 23.3M 8s
2025-11-15 19:54:36 - wget stderr:  28600K .......... .......... .......... .......... .......... 29% 8.42M 8s
2025-11-15 19:54:36 - wget stderr:  28650K .......... .......... .......... .......... .......... 29% 7.03M 8s
2025-11-15 19:54:36 - wget stderr:  28700K .......... .......... .......... .......... .......... 29% 8.57M 8s
2025-11-15 19:54:36 - wget stderr:  28750K .......... .......... .......... .......... .......... 29% 8.43M 8s
2025-11-15 19:54:36 - wget stderr:  28800K .......... .......... .......... .......... .......... 29% 9.80M 8s
2025-11-15 19:54:36 - wget stderr:  28850K .......... .......... .......... .......... .......... 29% 9.21M 8s
2025-11-15 19:54:36 - wget stderr:  28900K .......... .......... .......... .......... .......... 29% 8.71M 8s
2025-11-15 19:54:36 - wget stderr:  28950K .......... .......... .......... .......... .......... 29% 7.42M 8s
2025-11-15 19:54:36 - wget stderr:  29000K .......... .......... .......... .......... .......... 29% 5.90M 8s
2025-11-15 19:54:36 - wget stderr:  29050K .......... .......... .......... .......... .......... 29% 19.7M 8s
2025-11-15 19:54:36 - wget stderr:  29100K .......... .......... .......... .......... .......... 29% 8.78M 8s
2025-11-15 19:54:36 - wget stderr:  29150K .......... .......... .......... .......... .......... 29% 7.66M 8s
2025-11-15 19:54:36 - wget stderr:  29200K .......... .......... .......... .......... .......... 29% 8.97M 8s
2025-11-15 19:54:36 - wget stderr:  29250K .......... .......... .......... .......... .......... 29% 8.39M 8s
2025-11-15 19:54:36 - wget stderr:  29300K .......... .......... .......... .......... .......... 29% 6.69M 8s
2025-11-15 19:54:36 - wget stderr:  29350K .......... .......... .......... .......... .......... 30% 11.2M 8s
2025-11-15 19:54:36 - wget stderr:  29400K .......... .......... .......... .......... .......... 30% 7.81M 8s
2025-11-15 19:54:36 - wget stderr:  29450K .......... .......... .......... .......... .......... 30% 7.13M 8s
2025-11-15 19:54:36 - wget stderr:  29500K .......... .......... .......... .......... .......... 30% 10.7M 8s
2025-11-15 19:54:36 - wget stderr:  29550K .......... .......... .......... .......... .......... 30% 10.7M 8s
2025-11-15 19:54:36 - wget stderr:  29600K .......... .......... .......... .......... .......... 30% 8.42M 8s
2025-11-15 19:54:36 - wget stderr:  29650K .......... .......... .......... .......... .......... 30% 9.00M 8s
2025-11-15 19:54:36 - wget stderr:  29700K .......... .......... .......... .......... .......... 30% 8.03M 8s
2025-11-15 19:54:36 - wget stderr:  29750K .......... .......... .......... .......... .......... 30% 4.11M 8s
2025-11-15 19:54:36 - wget stderr:  29800K .......... .......... .......... .......... .......... 30% 83.4M 8s
2025-11-15 19:54:36 - wget stderr:  29850K .......... .......... .......... .......... .......... 30% 11.2M 8s
2025-11-15 19:54:36 - wget stderr:  29900K .......... .......... .......... .......... .......... 30% 7.86M 8s
2025-11-15 19:54:36 - wget stderr:  29950K .......... .......... .......... .......... .......... 30% 6.95M 8s
2025-11-15 19:54:36 - wget stderr:  30000K .......... .......... .......... .......... .......... 30% 10.1M 8s
2025-11-15 19:54:36 - wget stderr:  30050K .......... .......... .......... .......... .......... 30% 6.68M 8s
2025-11-15 19:54:36 - wget stderr:  30100K .......... .......... .......... .......... .......... 30% 13.7M 8s
2025-11-15 19:54:36 - wget stderr:  30150K .......... .......... .......... .......... .......... 30% 6.26M 8s
2025-11-15 19:54:36 - wget stderr:  30200K .......... .......... .......... .......... .......... 30% 6.44M 8s
2025-11-15 19:54:37 - wget stderr:  30250K .......... .......... .......... .......... .......... 30% 8.19M 8s
2025-11-15 19:54:37 - wget stderr:  30300K .......... .......... .......... .......... .......... 31% 17.8M 8s
2025-11-15 19:54:37 - wget stderr:  30350K .......... .......... .......... .......... .......... 31% 6.41M 8s
2025-11-15 19:54:37 - wget stderr:  30400K .......... .......... .......... .......... .......... 31% 10.2M 8s
2025-11-15 19:54:37 - wget stderr:  30450K .......... .......... .......... .......... .......... 31% 12.7M 8s
2025-11-15 19:54:37 - wget stderr:  30500K .......... .......... .......... .......... .......... 31% 6.44M 8s
2025-11-15 19:54:37 - wget stderr:  30550K .......... .......... .......... .......... .......... 31% 7.92M 8s
2025-11-15 19:54:37 - wget stderr:  30600K .......... .......... .......... .......... .......... 31% 9.40M 8s
2025-11-15 19:54:37 - wget stderr:  30650K .......... .......... .......... .......... .......... 31% 12.5M 8s
2025-11-15 19:54:37 - wget stderr:  30700K .......... .......... .......... .......... .......... 31% 4.01M 8s
2025-11-15 19:54:37 - wget stderr:  30750K .......... .......... .......... .......... .......... 31% 15.2M 8s
2025-11-15 19:54:37 - wget stderr:  30800K .......... .......... .......... .......... .......... 31% 22.8M 8s
2025-11-15 19:54:37 - wget stderr:  30850K .......... .......... .......... .......... .......... 31% 4.33M 8s
2025-11-15 19:54:37 - wget stderr:  30900K .......... .......... .......... .......... .......... 31% 13.6M 8s
2025-11-15 19:54:37 - wget stderr:  30950K .......... .......... .......... .......... .......... 31% 15.0M 8s
2025-11-15 19:54:37 - wget stderr:  31000K .......... .......... .......... .......... .......... 31% 10.6M 8s
2025-11-15 19:54:37 - wget stderr:  31050K .......... .......... .......... .......... .......... 31% 8.32M 8s
2025-11-15 19:54:37 - wget stderr:  31100K .......... .......... .......... .......... .......... 31% 8.72M 8s
2025-11-15 19:54:37 - wget stderr:  31150K .......... .......... .......... .......... .......... 31% 8.88M 8s
2025-11-15 19:54:37 - wget stderr:  31200K .......... .......... .......... .......... .......... 31% 4.82M 8s
2025-11-15 19:54:37 - wget stderr:  31250K .......... .......... .......... .......... .......... 31% 47.5M 8s
2025-11-15 19:54:37 - wget stderr:  31300K .......... .......... .......... .......... .......... 32% 8.19M 8s
2025-11-15 19:54:37 - wget stderr:  31350K .......... .......... .......... .......... .......... 32% 7.71M 8s
2025-11-15 19:54:37 - wget stderr:  31400K .......... .......... .......... .......... .......... 32% 8.74M 8s
2025-11-15 19:54:37 - wget stderr:  31450K .......... .......... .......... .......... .......... 32% 8.95M 8s
2025-11-15 19:54:37 - wget stderr:  31500K .......... .......... .......... .......... .......... 32% 9.04M 8s
2025-11-15 19:54:37 - wget stderr:  31550K .......... .......... .......... .......... .......... 32% 9.24M 8s
2025-11-15 19:54:37 - wget stderr:  31600K .......... .......... .......... .......... .......... 32% 7.35M 8s
2025-11-15 19:54:37 - wget stderr:  31650K .......... .......... .......... .......... .......... 32% 3.84M 8s
2025-11-15 19:54:37 - wget stderr:  31700K .......... .......... .......... .......... .......... 32%  253M 8s
2025-11-15 19:54:37 - wget stderr:  31750K .......... .......... .......... .......... .......... 32% 11.2M 8s
2025-11-15 19:54:37 - wget stderr:  31800K .......... .......... .......... .......... .......... 32% 6.67M 8s
2025-11-15 19:54:37 - wget stderr:  31850K .......... .......... .......... .......... .......... 32% 5.54M 8s
2025-11-15 19:54:37 - wget stderr:  31900K .......... .......... .......... .......... .......... 32% 22.2M 8s
2025-11-15 19:54:37 - wget stderr:  31950K .......... .......... .......... .......... .......... 32% 4.08M 8s
2025-11-15 19:54:37 - wget stderr:  32000K .......... .......... .......... .......... .......... 32% 6.15M 8s
2025-11-15 19:54:37 - wget stderr:  32050K .......... .......... .......... .......... .......... 32% 6.49M 8s
2025-11-15 19:54:37 - wget stderr:  32100K .......... .......... .......... .......... .......... 32% 19.6M 8s
2025-11-15 19:54:37 - wget stderr:  32150K .......... .......... .......... .......... .......... 32% 15.2M 8s
2025-11-15 19:54:37 - wget stderr:  32200K .......... .......... .......... .......... .......... 32% 12.7M 8s
2025-11-15 19:54:37 - wget stderr:  32250K .......... .......... .......... .......... .......... 32% 21.5M 8s
2025-11-15 19:54:37 - wget stderr:  32300K .......... .......... .......... .......... .......... 33% 7.28M 8s
2025-11-15 19:54:37 - wget stderr:  32350K .......... .......... .......... .......... .......... 33% 7.50M 8s
2025-11-15 19:54:37 - wget stderr:  32400K .......... .......... .......... .......... .......... 33% 9.97M 8s
2025-11-15 19:54:37 - wget stderr:  32450K .......... .......... .......... .......... .......... 33% 11.8M 8s
2025-11-15 19:54:37 - wget stderr:  32500K .......... .......... .......... .......... .......... 33% 7.76M 8s
2025-11-15 19:54:37 - wget stderr:  32550K .......... .......... .......... .......... .......... 33% 9.58M 8s
2025-11-15 19:54:37 - wget stderr:  32600K .......... .......... .......... .......... .......... 33% 3.56M 8s
2025-11-15 19:54:37 - wget stderr:  32650K .......... .......... .......... .......... .......... 33%  308M 8s
2025-11-15 19:54:37 - wget stderr:  32700K .......... .......... .......... .......... .......... 33% 9.42M 8s
2025-11-15 19:54:37 - wget stderr:  32750K .......... .......... .......... .......... .......... 33% 4.86M 8s
2025-11-15 19:54:37 - wget stderr:  32800K .......... .......... .......... .......... .......... 33%  187M 8s
2025-11-15 19:54:37 - wget stderr:  32850K .......... .......... .......... .......... .......... 33% 6.34M 8s
2025-11-15 19:54:37 - wget stderr:  32900K .......... .......... .......... .......... .......... 33% 13.9M 8s
2025-11-15 19:54:37 - wget stderr:  32950K .......... .......... .......... .......... .......... 33% 7.83M 8s
2025-11-15 19:54:37 - wget stderr:  33000K .......... .......... .......... .......... .......... 33% 6.37M 8s
2025-11-15 19:54:37 - wget stderr:  33050K .......... .......... .......... .......... .......... 33% 15.5M 8s
2025-11-15 19:54:37 - wget stderr:  33100K .......... .......... .......... .......... .......... 33% 7.90M 8s
2025-11-15 19:54:37 - wget stderr:  33150K .......... .......... .......... .......... .......... 33% 6.07M 8s
2025-11-15 19:54:37 - wget stderr:  33200K .......... .......... .......... .......... .......... 33% 14.2M 8s
2025-11-15 19:54:37 - wget stderr:  33250K .......... .......... .......... .......... .......... 34% 8.80M 8s
2025-11-15 19:54:37 - wget stderr:  33300K .......... .......... .......... .......... .......... 34% 8.07M 8s
2025-11-15 19:54:37 - wget stderr:  33350K .......... .......... .......... .......... .......... 34% 11.3M 8s
2025-11-15 19:54:37 - wget stderr:  33400K .......... .......... .......... .......... .......... 34% 7.13M 8s
2025-11-15 19:54:37 - wget stderr:  33450K .......... .......... .......... .......... .......... 34% 4.85M 8s
2025-11-15 19:54:37 - wget stderr:  33500K .......... .......... .......... .......... .......... 34% 33.8M 8s
2025-11-15 19:54:37 - wget stderr:  33550K .......... .......... .......... .......... .......... 34% 9.36M 8s
2025-11-15 19:54:37 - wget stderr:  33600K .......... .......... .......... .......... .......... 34% 3.24M 8s
2025-11-15 19:54:37 - wget stderr:  33650K .......... .......... .......... .......... .......... 34%  204M 8s
2025-11-15 19:54:37 - wget stderr:  33700K .......... .......... .......... .......... .......... 34% 23.7M 8s
2025-11-15 19:54:37 - wget stderr:  33750K .......... .......... .......... .......... .......... 34% 10.2M 8s
2025-11-15 19:54:37 - wget stderr:  33800K .......... .......... .......... .......... .......... 34% 8.20M 8s
2025-11-15 19:54:37 - wget stderr:  33850K .......... .......... .......... .......... .......... 34% 6.79M 8s
2025-11-15 19:54:37 - wget stderr:  33900K .......... .......... .......... .......... .......... 34% 10.1M 8s
2025-11-15 19:54:37 - wget stderr:  33950K .......... .......... .......... .......... .......... 34% 8.85M 8s
2025-11-15 19:54:37 - wget stderr:  34000K .......... .......... .......... .......... .......... 34% 6.23M 8s
2025-11-15 19:54:37 - wget stderr:  34050K .......... .......... .......... .......... .......... 34% 12.5M 8s
2025-11-15 19:54:37 - wget stderr:  34100K .......... .......... .......... .......... .......... 34% 9.33M 8s
2025-11-15 19:54:37 - wget stderr:  34150K .......... .......... .......... .......... .......... 34% 6.62M 8s
2025-11-15 19:54:37 - wget stderr:  34200K .......... .......... .......... .......... .......... 34% 11.4M 8s
2025-11-15 19:54:37 - wget stderr:  34250K .......... .......... .......... .......... .......... 35% 8.96M 8s
2025-11-15 19:54:37 - wget stderr:  34300K .......... .......... .......... .......... .......... 35% 8.29M 8s
2025-11-15 19:54:37 - wget stderr:  34350K .......... .......... .......... .......... .......... 35% 8.53M 8s
2025-11-15 19:54:37 - wget stderr:  34400K .......... .......... .......... .......... .......... 35% 7.95M 8s
2025-11-15 19:54:37 - wget stderr:  34450K .......... .......... .......... .......... .......... 35% 9.16M 8s
2025-11-15 19:54:37 - wget stderr:  34500K .......... .......... .......... .......... .......... 35% 7.44M 8s
2025-11-15 19:54:37 - wget stderr:  34550K .......... .......... .......... .......... .......... 35% 8.13M 8s
2025-11-15 19:54:37 - wget stderr:  34600K .......... .......... .......... .......... .......... 35% 10.7M 8s
2025-11-15 19:54:37 - wget stderr:  34650K .......... .......... .......... .......... .......... 35% 7.30M 8s
2025-11-15 19:54:37 - wget stderr:  34700K .......... .......... .......... .......... .......... 35% 9.95M 8s
2025-11-15 19:54:37 - wget stderr:  34750K .......... .......... .......... .......... .......... 35% 7.56M 8s
2025-11-15 19:54:37 - wget stderr:  34800K .......... .......... .......... .......... .......... 35% 9.97M 8s
2025-11-15 19:54:37 - wget stderr:  34850K .......... .......... .......... .......... .......... 35% 8.07M 8s
2025-11-15 19:54:37 - wget stderr:  34900K .......... .......... .......... .......... .......... 35% 9.09M 8s
2025-11-15 19:54:37 - wget stderr:  34950K .......... .......... .......... .......... .......... 35% 8.09M 7s
2025-11-15 19:54:37 - wget stderr:  35000K .......... .......... .......... .......... .......... 35% 9.10M 7s
2025-11-15 19:54:37 - wget stderr:  35050K .......... .......... .......... .......... .......... 35% 8.10M 7s
2025-11-15 19:54:37 - wget stderr:  35100K .......... .......... .......... .......... .......... 35% 7.45M 7s
2025-11-15 19:54:37 - wget stderr:  35150K .......... .......... .......... .......... .......... 35% 9.31M 7s
2025-11-15 19:54:37 - wget stderr:  35200K .......... .......... .......... .......... .......... 36% 8.75M 7s
2025-11-15 19:54:37 - wget stderr:  35250K .......... .......... .......... .......... .......... 36% 9.35M 7s
2025-11-15 19:54:37 - wget stderr:  35300K .......... .......... .......... .......... .......... 36% 7.49M 7s
2025-11-15 19:54:37 - wget stderr:  35350K .......... .......... .......... .......... .......... 36% 9.83M 7s
2025-11-15 19:54:37 - wget stderr:  35400K .......... .......... .......... .......... .......... 36% 4.76M 7s
2025-11-15 19:54:37 - wget stderr:  35450K .......... .......... .......... .......... .......... 36% 33.4M 7s
2025-11-15 19:54:37 - wget stderr:  35500K .......... .......... .......... .......... .......... 36% 8.24M 7s
2025-11-15 19:54:37 - wget stderr:  35550K .......... .......... .......... .......... .......... 36% 9.37M 7s
2025-11-15 19:54:37 - wget stderr:  35600K .......... .......... .......... .......... .......... 36% 7.86M 7s
2025-11-15 19:54:37 - wget stderr:  35650K .......... .......... .......... .......... .......... 36% 8.88M 7s
2025-11-15 19:54:37 - wget stderr:  35700K .......... .......... .......... .......... .......... 36% 7.16M 7s
2025-11-15 19:54:37 - wget stderr:  35750K .......... .......... .......... .......... .......... 36% 10.7M 7s
2025-11-15 19:54:37 - wget stderr:  35800K .......... .......... .......... .......... .......... 36% 8.56M 7s
2025-11-15 19:54:37 - wget stderr:  35850K .......... .......... .......... .......... .......... 36% 8.01M 7s
2025-11-15 19:54:37 - wget stderr:  35900K .......... .......... .......... .......... .......... 36% 8.68M 7s
2025-11-15 19:54:37 - wget stderr:  35950K .......... .......... .......... .......... .......... 36% 8.71M 7s
2025-11-15 19:54:37 - wget stderr:  36000K .......... .......... .......... .......... .......... 36% 8.89M 7s
2025-11-15 19:54:37 - wget stderr:  36050K .......... .......... .......... .......... .......... 36% 4.86M 7s
2025-11-15 19:54:37 - wget stderr:  36100K .......... .......... .......... .......... .......... 36% 25.0M 7s
2025-11-15 19:54:37 - wget stderr:  36150K .......... .......... .......... .......... .......... 36% 9.67M 7s
2025-11-15 19:54:37 - wget stderr:  36200K .......... .......... .......... .......... .......... 37% 8.78M 7s
2025-11-15 19:54:37 - wget stderr:  36250K .......... .......... .......... .......... .......... 37% 7.96M 7s
2025-11-15 19:54:37 - wget stderr:  36300K .......... .......... .......... .......... .......... 37% 8.24M 7s
2025-11-15 19:54:37 - wget stderr:  36350K .......... .......... .......... .......... .......... 37% 6.64M 7s
2025-11-15 19:54:37 - wget stderr:  36400K .......... .......... .......... .......... .......... 37% 11.8M 7s
2025-11-15 19:54:37 - wget stderr:  36450K .......... .......... .......... .......... .......... 37% 7.83M 7s
2025-11-15 19:54:37 - wget stderr:  36500K .......... .......... .......... .......... .......... 37% 7.53M 7s
2025-11-15 19:54:37 - wget stderr:  36550K .......... .......... .......... .......... .......... 37% 4.74M 7s
2025-11-15 19:54:37 - wget stderr:  36600K .......... .......... .......... .......... .......... 37% 5.92M 7s
2025-11-15 19:54:37 - wget stderr:  36650K .......... .......... .......... .......... .......... 37% 13.4M 7s
2025-11-15 19:54:37 - wget stderr:  36700K .......... .......... .......... .......... .......... 37% 14.6M 7s
2025-11-15 19:54:37 - wget stderr:  36750K .......... .......... .......... .......... .......... 37% 14.2M 7s
2025-11-15 19:54:37 - wget stderr:  36800K .......... .......... .......... .......... .......... 37% 11.6M 7s
2025-11-15 19:54:37 - wget stderr:  36850K .......... .......... .......... .......... .......... 37% 8.87M 7s
2025-11-15 19:54:37 - wget stderr:  36900K .......... .......... .......... .......... .......... 37% 8.26M 7s
2025-11-15 19:54:37 - wget stderr:  36950K .......... .......... .......... .......... .......... 37% 8.88M 7s
2025-11-15 19:54:37 - wget stderr:  37000K .......... .......... .......... .......... .......... 37% 7.94M 7s
2025-11-15 19:54:37 - wget stderr:  37050K .......... .......... .......... .......... .......... 37% 8.00M 7s
2025-11-15 19:54:37 - wget stderr:  37100K .......... .......... .......... .......... .......... 37% 10.4M 7s
2025-11-15 19:54:37 - wget stderr:  37150K .......... .......... .......... .......... .......... 37% 7.70M 7s
2025-11-15 19:54:37 - wget stderr:  37200K .......... .......... .......... .......... .......... 38% 6.56M 7s
2025-11-15 19:54:37 - wget stderr:  37250K .......... .......... .......... .......... .......... 38% 10.9M 7s
2025-11-15 19:54:37 - wget stderr:  37300K .......... .......... .......... .......... .......... 38% 10.0M 7s
2025-11-15 19:54:37 - wget stderr:  37350K .......... .......... .......... .......... .......... 38% 8.60M 7s
2025-11-15 19:54:37 - wget stderr:  37400K .......... .......... .......... .......... .......... 38% 8.56M 7s
2025-11-15 19:54:37 - wget stderr:  37450K .......... .......... .......... .......... .......... 38% 8.18M 7s
2025-11-15 19:54:37 - wget stderr:  37500K .......... .......... .......... .......... .......... 38% 4.24M 7s
2025-11-15 19:54:37 - wget stderr:  37550K .......... .......... .......... .......... .......... 38% 5.85M 7s
2025-11-15 19:54:37 - wget stderr:  37600K .......... .......... .......... .......... .......... 38% 9.16M 7s
2025-11-15 19:54:37 - wget stderr:  37650K .......... .......... .......... .......... .......... 38% 5.08M 7s
2025-11-15 19:54:37 - wget stderr:  37700K .......... .......... .......... .......... .......... 38% 4.57M 7s
2025-11-15 19:54:37 - wget stderr:  37750K .......... .......... .......... .......... .......... 38% 9.18M 7s
2025-11-15 19:54:37 - wget stderr:  37800K .......... .......... .......... .......... .......... 38% 7.80M 7s
2025-11-15 19:54:37 - wget stderr:  37850K .......... .......... .......... .......... .......... 38% 9.34M 7s
2025-11-15 19:54:37 - wget stderr:  37900K .......... .......... .......... .......... .......... 38% 8.14M 7s
2025-11-15 19:54:37 - wget stderr:  37950K .......... .......... .......... .......... .......... 38% 6.51M 7s
2025-11-15 19:54:37 - wget stderr:  38000K .......... .......... .......... .......... .......... 38% 6.56M 7s
2025-11-15 19:54:37 - wget stderr:  38050K .......... .......... .......... .......... .......... 38% 17.2M 7s
2025-11-15 19:54:37 - wget stderr:  38100K .......... .......... .......... .......... .......... 38% 7.99M 7s
2025-11-15 19:54:37 - wget stderr:  38150K .......... .......... .......... .......... .......... 39% 8.11M 7s
2025-11-15 19:54:37 - wget stderr:  38200K .......... .......... .......... .......... .......... 39% 9.35M 7s
2025-11-15 19:54:37 - wget stderr:  38250K .......... .......... .......... .......... .......... 39% 8.98M 7s
2025-11-15 19:54:37 - wget stderr:  38300K .......... .......... .......... .......... .......... 39% 7.64M 7s
2025-11-15 19:54:37 - wget stderr:  38350K .......... .......... .......... .......... .......... 39% 9.76M 7s
2025-11-15 19:54:37 - wget stderr:  38400K .......... .......... .......... .......... .......... 39% 8.39M 7s
2025-11-15 19:54:37 - wget stderr:  38450K .......... .......... .......... .......... .......... 39% 8.44M 7s
2025-11-15 19:54:37 - wget stderr:  38500K .......... .......... .......... .......... .......... 39% 8.32M 7s
2025-11-15 19:54:37 - wget stderr:  38550K .......... .......... .......... .......... .......... 39% 6.17M 7s
2025-11-15 19:54:37 - wget stderr:  38600K .......... .......... .......... .......... .......... 39% 7.30M 7s
2025-11-15 19:54:37 - wget stderr:  38650K .......... .......... .......... .......... .......... 39% 18.0M 7s
2025-11-15 19:54:37 - wget stderr:  38700K .......... .......... .......... .......... .......... 39% 8.30M 7s
2025-11-15 19:54:37 - wget stderr:  38750K .......... .......... .......... .......... .......... 39% 8.79M 7s
2025-11-15 19:54:37 - wget stderr:  38800K .......... .......... .......... .......... .......... 39% 6.26M 7s
2025-11-15 19:54:38 - wget stderr:  38850K .......... .......... .......... .......... .......... 39% 10.6M 7s
2025-11-15 19:54:38 - wget stderr:  38900K .......... .......... .......... .......... .......... 39% 9.80M 7s
2025-11-15 19:54:38 - wget stderr:  38950K .......... .......... .......... .......... .......... 39% 8.94M 7s
2025-11-15 19:54:38 - wget stderr:  39000K .......... .......... .......... .......... .......... 39% 7.83M 7s
2025-11-15 19:54:38 - wget stderr:  39050K .......... .......... .......... .......... .......... 39% 8.59M 7s
2025-11-15 19:54:38 - wget stderr:  39100K .......... .......... .......... .......... .......... 39% 8.44M 7s
2025-11-15 19:54:38 - wget stderr:  39150K .......... .......... .......... .......... .......... 40% 8.63M 7s
2025-11-15 19:54:38 - wget stderr:  39200K .......... .......... .......... .......... .......... 40% 8.50M 7s
2025-11-15 19:54:38 - wget stderr:  39250K .......... .......... .......... .......... .......... 40% 5.49M 7s
2025-11-15 19:54:38 - wget stderr:  39300K .......... .......... .......... .......... .......... 40% 20.5M 7s
2025-11-15 19:54:38 - wget stderr:  39350K .......... .......... .......... .......... .......... 40% 9.01M 7s
2025-11-15 19:54:38 - wget stderr:  39400K .......... .......... .......... .......... .......... 40% 6.32M 7s
2025-11-15 19:54:38 - wget stderr:  39450K .......... .......... .......... .......... .......... 40% 8.72M 7s
2025-11-15 19:54:38 - wget stderr:  39500K .......... .......... .......... .......... .......... 40% 12.5M 7s
2025-11-15 19:54:38 - wget stderr:  39550K .......... .......... .......... .......... .......... 40% 6.77M 7s
2025-11-15 19:54:38 - wget stderr:  39600K .......... .......... .......... .......... .......... 40% 11.4M 7s
2025-11-15 19:54:38 - wget stderr:  39650K .......... .......... .......... .......... .......... 40% 8.42M 7s
2025-11-15 19:54:38 - wget stderr:  39700K .......... .......... .......... .......... .......... 40% 6.79M 7s
2025-11-15 19:54:38 - wget stderr:  39750K .......... .......... .......... .......... .......... 40% 8.53M 7s
2025-11-15 19:54:38 - wget stderr:  39800K .......... .......... .......... .......... .......... 40% 10.8M 7s
2025-11-15 19:54:38 - wget stderr:  39850K .......... .......... .......... .......... .......... 40% 5.78M 7s
2025-11-15 19:54:38 - wget stderr:  39900K .......... .......... .......... .......... .......... 40% 12.5M 7s
2025-11-15 19:54:38 - wget stderr:  39950K .......... .......... .......... .......... .......... 40% 10.8M 7s
2025-11-15 19:54:38 - wget stderr:  40000K .......... .......... .......... .......... .......... 40% 8.62M 7s
2025-11-15 19:54:38 - wget stderr:  40050K .......... .......... .......... .......... .......... 40% 7.96M 7s
2025-11-15 19:54:38 - wget stderr:  40100K .......... .......... .......... .......... .......... 41% 8.35M 7s
2025-11-15 19:54:38 - wget stderr:  40150K .......... .......... .......... .......... .......... 41% 8.44M 7s
2025-11-15 19:54:38 - wget stderr:  40200K .......... .......... .......... .......... .......... 41% 9.15M 7s
2025-11-15 19:54:38 - wget stderr:  40250K .......... .......... .......... .......... .......... 41% 5.62M 7s
2025-11-15 19:54:38 - wget stderr:  40300K .......... .......... .......... .......... .......... 41% 13.7M 7s
2025-11-15 19:54:38 - wget stderr:  40350K .......... .......... .......... .......... .......... 41% 9.73M 7s
2025-11-15 19:54:38 - wget stderr:  40400K .......... .......... .......... .......... .......... 41% 6.16M 7s
2025-11-15 19:54:38 - wget stderr:  40450K .......... .......... .......... .......... .......... 41% 14.2M 7s
2025-11-15 19:54:38 - wget stderr:  40500K .......... .......... .......... .......... .......... 41% 8.73M 7s
2025-11-15 19:54:38 - wget stderr:  40550K .......... .......... .......... .......... .......... 41% 8.39M 7s
2025-11-15 19:54:38 - wget stderr:  40600K .......... .......... .......... .......... .......... 41% 6.50M 7s
2025-11-15 19:54:38 - wget stderr:  40650K .......... .......... .......... .......... .......... 41% 9.78M 7s
2025-11-15 19:54:38 - wget stderr:  40700K .......... .......... .......... .......... .......... 41% 9.37M 7s
2025-11-15 19:54:38 - wget stderr:  40750K .......... .......... .......... .......... .......... 41% 8.32M 7s
2025-11-15 19:54:38 - wget stderr:  40800K .......... .......... .......... .......... .......... 41% 6.57M 7s
2025-11-15 19:54:38 - wget stderr:  40850K .......... .......... .......... .......... .......... 41% 11.1M 7s
2025-11-15 19:54:38 - wget stderr:  40900K .......... .......... .......... .......... .......... 41% 6.69M 7s
2025-11-15 19:54:38 - wget stderr:  40950K .......... .......... .......... .......... .......... 41% 4.97M 7s
2025-11-15 19:54:38 - wget stderr:  41000K .......... .......... .......... .......... .......... 41%  323M 7s
2025-11-15 19:54:38 - wget stderr:  41050K .......... .......... .......... .......... .......... 41% 7.32M 7s
2025-11-15 19:54:38 - wget stderr:  41100K .......... .......... .......... .......... .......... 42% 6.90M 7s
2025-11-15 19:54:38 - wget stderr:  41150K .......... .......... .......... .......... .......... 42% 6.50M 7s
2025-11-15 19:54:38 - wget stderr:  41200K .......... .......... .......... .......... .......... 42% 5.37M 7s
2025-11-15 19:54:38 - wget stderr:  41250K .......... .......... .......... .......... .......... 42% 10.5M 7s
2025-11-15 19:54:38 - wget stderr:  41300K .......... .......... .......... .......... .......... 42% 16.6M 7s
2025-11-15 19:54:38 - wget stderr:  41350K .......... .......... .......... .......... .......... 42% 16.1M 7s
2025-11-15 19:54:38 - wget stderr:  41400K .......... .......... .......... .......... .......... 42% 11.9M 7s
2025-11-15 19:54:38 - wget stderr:  41450K .......... .......... .......... .......... .......... 42% 8.38M 7s
2025-11-15 19:54:38 - wget stderr:  41500K .......... .......... .......... .......... .......... 42% 7.32M 7s
2025-11-15 19:54:38 - wget stderr:  41550K .......... .......... .......... .......... .......... 42% 11.6M 7s
2025-11-15 19:54:38 - wget stderr:  41600K .......... .......... .......... .......... .......... 42% 7.47M 7s
2025-11-15 19:54:38 - wget stderr:  41650K .......... .......... .......... .......... .......... 42% 8.88M 7s
2025-11-15 19:54:38 - wget stderr:  41700K .......... .......... .......... .......... .......... 42% 9.50M 7s
2025-11-15 19:54:38 - wget stderr:  41750K .......... .......... .......... .......... .......... 42% 7.16M 7s
2025-11-15 19:54:38 - wget stderr:  41800K .......... .......... .......... .......... .......... 42% 9.33M 7s
2025-11-15 19:54:38 - wget stderr:  41850K .......... .......... .......... .......... .......... 42% 8.03M 7s
2025-11-15 19:54:38 - wget stderr:  41900K .......... .......... .......... .......... .......... 42% 9.14M 7s
2025-11-15 19:54:38 - wget stderr:  41950K .......... .......... .......... .......... .......... 42% 8.32M 7s
2025-11-15 19:54:38 - wget stderr:  42000K .......... .......... .......... .......... .......... 42% 5.30M 7s
2025-11-15 19:54:38 - wget stderr:  42050K .......... .......... .......... .......... .......... 43% 31.0M 7s
2025-11-15 19:54:38 - wget stderr:  42100K .......... .......... .......... .......... .......... 43% 8.77M 7s
2025-11-15 19:54:38 - wget stderr:  42150K .......... .......... .......... .......... .......... 43% 7.39M 7s
2025-11-15 19:54:38 - wget stderr:  42200K .......... .......... .......... .......... .......... 43% 8.07M 7s
2025-11-15 19:54:38 - wget stderr:  42250K .......... .......... .......... .......... .......... 43% 9.54M 7s
2025-11-15 19:54:38 - wget stderr:  42300K .......... .......... .......... .......... .......... 43% 8.05M 7s
2025-11-15 19:54:38 - wget stderr:  42350K .......... .......... .......... .......... .......... 43% 9.70M 7s
2025-11-15 19:54:38 - wget stderr:  42400K .......... .......... .......... .......... .......... 43% 5.19M 7s
2025-11-15 19:54:38 - wget stderr:  42450K .......... .......... .......... .......... .......... 43% 18.4M 7s
2025-11-15 19:54:38 - wget stderr:  42500K .......... .......... .......... .......... .......... 43% 9.95M 7s
2025-11-15 19:54:38 - wget stderr:  42550K .......... .......... .......... .......... .......... 43% 4.09M 7s
2025-11-15 19:54:38 - wget stderr:  42600K .......... .......... .......... .......... .......... 43%  269M 7s
2025-11-15 19:54:38 - wget stderr:  42650K .......... .......... .......... .......... .......... 43% 9.23M 7s
2025-11-15 19:54:38 - wget stderr:  42700K .......... .......... .......... .......... .......... 43% 8.51M 7s
2025-11-15 19:54:38 - wget stderr:  42750K .......... .......... .......... .......... .......... 43% 7.99M 7s
2025-11-15 19:54:38 - wget stderr:  42800K .......... .......... .......... .......... .......... 43% 9.32M 7s
2025-11-15 19:54:38 - wget stderr:  42850K .......... .......... .......... .......... .......... 43% 7.89M 7s
2025-11-15 19:54:38 - wget stderr:  42900K .......... .......... .......... .......... .......... 43% 7.50M 7s
2025-11-15 19:54:38 - wget stderr:  42950K .......... .......... .......... .......... .......... 43% 11.3M 7s
2025-11-15 19:54:38 - wget stderr:  43000K .......... .......... .......... .......... .......... 43% 8.08M 7s
2025-11-15 19:54:38 - wget stderr:  43050K .......... .......... .......... .......... .......... 44% 5.67M 7s
2025-11-15 19:54:38 - wget stderr:  43100K .......... .......... .......... .......... .......... 44% 16.6M 6s
2025-11-15 19:54:38 - wget stderr:  43150K .......... .......... .......... .......... .......... 44% 9.33M 6s
2025-11-15 19:54:38 - wget stderr:  43200K .......... .......... .......... .......... .......... 44% 7.57M 6s
2025-11-15 19:54:38 - wget stderr:  43250K .......... .......... .......... .......... .......... 44% 8.71M 6s
2025-11-15 19:54:38 - wget stderr:  43300K .......... .......... .......... .......... .......... 44% 5.83M 6s
2025-11-15 19:54:38 - wget stderr:  43350K .......... .......... .......... .......... .......... 44% 17.1M 6s
2025-11-15 19:54:38 - wget stderr:  43400K .......... .......... .......... .......... .......... 44% 7.48M 6s
2025-11-15 19:54:38 - wget stderr:  43450K .......... .......... .......... .......... .......... 44% 10.4M 6s
2025-11-15 19:54:38 - wget stderr:  43500K .......... .......... .......... .......... .......... 44% 7.95M 6s
2025-11-15 19:54:38 - wget stderr:  43550K .......... .......... .......... .......... .......... 44% 8.48M 6s
2025-11-15 19:54:38 - wget stderr:  43600K .......... .......... .......... .......... .......... 44% 8.54M 6s
2025-11-15 19:54:38 - wget stderr:  43650K .......... .......... .......... .......... .......... 44% 7.27M 6s
2025-11-15 19:54:38 - wget stderr:  43700K .......... .......... .......... .......... .......... 44% 10.5M 6s
2025-11-15 19:54:38 - wget stderr:  43750K .......... .......... .......... .......... .......... 44% 7.21M 6s
2025-11-15 19:54:38 - wget stderr:  43800K .......... .......... .......... .......... .......... 44% 10.7M 6s
2025-11-15 19:54:38 - wget stderr:  43850K .......... .......... .......... .......... .......... 44% 7.27M 6s
2025-11-15 19:54:38 - wget stderr:  43900K .......... .......... .......... .......... .......... 44% 10.1M 6s
2025-11-15 19:54:38 - wget stderr:  43950K .......... .......... .......... .......... .......... 44% 8.46M 6s
2025-11-15 19:54:38 - wget stderr:  44000K .......... .......... .......... .......... .......... 44% 7.89M 6s
2025-11-15 19:54:38 - wget stderr:  44050K .......... .......... .......... .......... .......... 45% 8.51M 6s
2025-11-15 19:54:38 - wget stderr:  44100K .......... .......... .......... .......... .......... 45% 9.08M 6s
2025-11-15 19:54:38 - wget stderr:  44150K .......... .......... .......... .......... .......... 45% 8.33M 6s
2025-11-15 19:54:38 - wget stderr:  44200K .......... .......... .......... .......... .......... 45% 6.71M 6s
2025-11-15 19:54:38 - wget stderr:  44250K .......... .......... .......... .......... .......... 45% 13.4M 6s
2025-11-15 19:54:38 - wget stderr:  44300K .......... .......... .......... .......... .......... 45% 8.22M 6s
2025-11-15 19:54:38 - wget stderr:  44350K .......... .......... .......... .......... .......... 45% 7.59M 6s
2025-11-15 19:54:38 - wget stderr:  44400K .......... .......... .......... .......... .......... 45% 9.59M 6s
2025-11-15 19:54:38 - wget stderr:  44450K .......... .......... .......... .......... .......... 45% 6.76M 6s
2025-11-15 19:54:38 - wget stderr:  44500K .......... .......... .......... .......... .......... 45% 8.92M 6s
2025-11-15 19:54:38 - wget stderr:  44550K .......... .......... .......... .......... .......... 45% 11.4M 6s
2025-11-15 19:54:38 - wget stderr:  44600K .......... .......... .......... .......... .......... 45% 8.62M 6s
2025-11-15 19:54:38 - wget stderr:  44650K .......... .......... .......... .......... .......... 45% 7.68M 6s
2025-11-15 19:54:38 - wget stderr:  44700K .......... .......... .......... .......... .......... 45% 7.73M 6s
2025-11-15 19:54:38 - wget stderr:  44750K .......... .......... .......... .......... .......... 45% 6.24M 6s
2025-11-15 19:54:38 - wget stderr:  44800K .......... .......... .......... .......... .......... 45% 14.0M 6s
2025-11-15 19:54:38 - wget stderr:  44850K .......... .......... .......... .......... .......... 45% 10.5M 6s
2025-11-15 19:54:38 - wget stderr:  44900K .......... .......... .......... .......... .......... 45% 8.14M 6s
2025-11-15 19:54:38 - wget stderr:  44950K .......... .......... .......... .......... .......... 45% 8.32M 6s
2025-11-15 19:54:38 - wget stderr:  45000K .......... .......... .......... .......... .......... 46% 8.05M 6s
2025-11-15 19:54:38 - wget stderr:  45050K .......... .......... .......... .......... .......... 46% 9.81M 6s
2025-11-15 19:54:38 - wget stderr:  45100K .......... .......... .......... .......... .......... 46% 6.84M 6s
2025-11-15 19:54:38 - wget stderr:  45150K .......... .......... .......... .......... .......... 46% 10.8M 6s
2025-11-15 19:54:38 - wget stderr:  45200K .......... .......... .......... .......... .......... 46% 6.57M 6s
2025-11-15 19:54:38 - wget stderr:  45250K .......... .......... .......... .......... .......... 46% 10.4M 6s
2025-11-15 19:54:38 - wget stderr:  45300K .......... .......... .......... .......... .......... 46% 9.06M 6s
2025-11-15 19:54:38 - wget stderr:  45350K .......... .......... .......... .......... .......... 46% 6.69M 6s
2025-11-15 19:54:38 - wget stderr:  45400K .......... .......... .......... .......... .......... 46% 5.75M 6s
2025-11-15 19:54:38 - wget stderr:  45450K .......... .......... .......... .......... .......... 46% 6.33M 6s
2025-11-15 19:54:38 - wget stderr:  45500K .......... .......... .......... .......... .......... 46% 6.54M 6s
2025-11-15 19:54:38 - wget stderr:  45550K .......... .......... .......... .......... .......... 46% 17.9M 6s
2025-11-15 19:54:38 - wget stderr:  45600K .......... .......... .......... .......... .......... 46% 17.5M 6s
2025-11-15 19:54:38 - wget stderr:  45650K .......... .......... .......... .......... .......... 46% 11.8M 6s
2025-11-15 19:54:38 - wget stderr:  45700K .......... .......... .......... .......... .......... 46% 7.60M 6s
2025-11-15 19:54:38 - wget stderr:  45750K .......... .......... .......... .......... .......... 46% 10.4M 6s
2025-11-15 19:54:38 - wget stderr:  45800K .......... .......... .......... .......... .......... 46% 5.31M 6s
2025-11-15 19:54:38 - wget stderr:  45850K .......... .......... .......... .......... .......... 46% 14.9M 6s
2025-11-15 19:54:38 - wget stderr:  45900K .......... .......... .......... .......... .......... 46% 11.2M 6s
2025-11-15 19:54:38 - wget stderr:  45950K .......... .......... .......... .......... .......... 46% 6.67M 6s
2025-11-15 19:54:38 - wget stderr:  46000K .......... .......... .......... .......... .......... 47% 10.4M 6s
2025-11-15 19:54:38 - wget stderr:  46050K .......... .......... .......... .......... .......... 47% 7.96M 6s
2025-11-15 19:54:38 - wget stderr:  46100K .......... .......... .......... .......... .......... 47% 9.49M 6s
2025-11-15 19:54:38 - wget stderr:  46150K .......... .......... .......... .......... .......... 47% 8.88M 6s
2025-11-15 19:54:38 - wget stderr:  46200K .......... .......... .......... .......... .......... 47% 9.05M 6s
2025-11-15 19:54:38 - wget stderr:  46250K .......... .......... .......... .......... .......... 47% 5.85M 6s
2025-11-15 19:54:38 - wget stderr:  46300K .......... .......... .......... .......... .......... 47% 7.51M 6s
2025-11-15 19:54:38 - wget stderr:  46350K .......... .......... .......... .......... .......... 47% 8.74M 6s
2025-11-15 19:54:38 - wget stderr:  46400K .......... .......... .......... .......... .......... 47% 11.0M 6s
2025-11-15 19:54:38 - wget stderr:  46450K .......... .......... .......... .......... .......... 47% 8.44M 6s
2025-11-15 19:54:38 - wget stderr:  46500K .......... .......... .......... .......... .......... 47% 5.32M 6s
2025-11-15 19:54:38 - wget stderr:  46550K .......... .......... .......... .......... .......... 47% 10.8M 6s
2025-11-15 19:54:38 - wget stderr:  46600K .......... .......... .......... .......... .......... 47% 9.29M 6s
2025-11-15 19:54:38 - wget stderr:  46650K .......... .......... .......... .......... .......... 47% 6.92M 6s
2025-11-15 19:54:38 - wget stderr:  46700K .......... .......... .......... .......... .......... 47% 8.34M 6s
2025-11-15 19:54:38 - wget stderr:  46750K .......... .......... .......... .......... .......... 47% 6.14M 6s
2025-11-15 19:54:38 - wget stderr:  46800K .......... .......... .......... .......... .......... 47% 9.38M 6s
2025-11-15 19:54:38 - wget stderr:  46850K .......... .......... .......... .......... .......... 47% 9.35M 6s
2025-11-15 19:54:38 - wget stderr:  46900K .......... .......... .......... .......... .......... 47% 9.88M 6s
2025-11-15 19:54:38 - wget stderr:  46950K .......... .......... .......... .......... .......... 48% 7.79M 6s
2025-11-15 19:54:38 - wget stderr:  47000K .......... .......... .......... .......... .......... 48% 6.82M 6s
2025-11-15 19:54:38 - wget stderr:  47050K .......... .......... .......... .......... .......... 48% 4.72M 6s
2025-11-15 19:54:38 - wget stderr:  47100K .......... .......... .......... .......... .......... 48% 13.1M 6s
2025-11-15 19:54:38 - wget stderr:  47150K .......... .......... .......... .......... .......... 48% 16.9M 6s
2025-11-15 19:54:38 - wget stderr:  47200K .......... .......... .......... .......... .......... 48% 9.44M 6s
2025-11-15 19:54:38 - wget stderr:  47250K .......... .......... .......... .......... .......... 48% 4.91M 6s
2025-11-15 19:54:38 - wget stderr:  47300K .......... .......... .......... .......... .......... 48% 10.1M 6s
2025-11-15 19:54:38 - wget stderr:  47350K .......... .......... .......... .......... .......... 48% 6.97M 6s
2025-11-15 19:54:38 - wget stderr:  47400K .......... .......... .......... .......... .......... 48% 10.3M 6s
2025-11-15 19:54:38 - wget stderr:  47450K .......... .......... .......... .......... .......... 48% 9.05M 6s
2025-11-15 19:54:39 - wget stderr:  47500K .......... .......... .......... .......... .......... 48% 10.2M 6s
2025-11-15 19:54:39 - wget stderr:  47550K .......... .......... .......... .......... .......... 48% 5.64M 6s
2025-11-15 19:54:39 - wget stderr:  47600K .......... .......... .......... .......... .......... 48% 7.37M 6s
2025-11-15 19:54:39 - wget stderr:  47650K .......... .......... .......... .......... .......... 48% 11.7M 6s
2025-11-15 19:54:39 - wget stderr:  47700K .......... .......... .......... .......... .......... 48% 7.60M 6s
2025-11-15 19:54:39 - wget stderr:  47750K .......... .......... .......... .......... .......... 48% 10.7M 6s
2025-11-15 19:54:39 - wget stderr:  47800K .......... .......... .......... .......... .......... 48% 4.34M 6s
2025-11-15 19:54:39 - wget stderr:  47850K .......... .......... .......... .......... .......... 48% 13.5M 6s
2025-11-15 19:54:39 - wget stderr:  47900K .......... .......... .......... .......... .......... 48% 8.35M 6s
2025-11-15 19:54:39 - wget stderr:  47950K .......... .......... .......... .......... .......... 49% 11.7M 6s
2025-11-15 19:54:39 - wget stderr:  48000K .......... .......... .......... .......... .......... 49% 8.62M 6s
2025-11-15 19:54:39 - wget stderr:  48050K .......... .......... .......... .......... .......... 49% 5.28M 6s
2025-11-15 19:54:39 - wget stderr:  48100K .......... .......... .......... .......... .......... 49% 10.6M 6s
2025-11-15 19:54:39 - wget stderr:  48150K .......... .......... .......... .......... .......... 49% 8.59M 6s
2025-11-15 19:54:39 - wget stderr:  48200K .......... .......... .......... .......... .......... 49% 7.82M 6s
2025-11-15 19:54:39 - wget stderr:  48250K .......... .......... .......... .......... .......... 49% 7.88M 6s
2025-11-15 19:54:39 - wget stderr:  48300K .......... .......... .......... .......... .......... 49% 6.26M 6s
2025-11-15 19:54:39 - wget stderr:  48350K .......... .......... .......... .......... .......... 49% 9.99M 6s
2025-11-15 19:54:39 - wget stderr:  48400K .......... .......... .......... .......... .......... 49% 9.23M 6s
2025-11-15 19:54:39 - wget stderr:  48450K .......... .......... .......... .......... .......... 49% 7.95M 6s
2025-11-15 19:54:39 - wget stderr:  48500K .......... .......... .......... .......... .......... 49% 4.76M 6s
2025-11-15 19:54:39 - wget stderr:  48550K .......... .......... .......... .......... .......... 49% 14.4M 6s
2025-11-15 19:54:39 - wget stderr:  48600K .......... .......... .......... .......... .......... 49% 8.31M 6s
2025-11-15 19:54:39 - wget stderr:  48650K .......... .......... .......... .......... .......... 49% 9.10M 6s
2025-11-15 19:54:39 - wget stderr:  48700K .......... .......... .......... .......... .......... 49% 10.1M 6s
2025-11-15 19:54:39 - wget stderr:  48750K .......... .......... .......... .......... .......... 49% 6.75M 6s
2025-11-15 19:54:39 - wget stderr:  48800K .......... .......... .......... .......... .......... 49% 6.19M 6s
2025-11-15 19:54:39 - wget stderr:  48850K .......... .......... .......... .......... .......... 49% 8.80M 6s
2025-11-15 19:54:39 - wget stderr:  48900K .......... .......... .......... .......... .......... 49% 8.38M 6s
2025-11-15 19:54:39 - wget stderr:  48950K .......... .......... .......... .......... .......... 50% 8.42M 6s
2025-11-15 19:54:39 - wget stderr:  49000K .......... .......... .......... .......... .......... 50% 10.9M 6s
2025-11-15 19:54:39 - wget stderr:  49050K .......... .......... .......... .......... .......... 50% 5.48M 6s
2025-11-15 19:54:39 - wget stderr:  49100K .......... .......... .......... .......... .......... 50% 9.51M 6s
2025-11-15 19:54:39 - wget stderr:  49150K .......... .......... .......... .......... .......... 50% 8.59M 6s
2025-11-15 19:54:39 - wget stderr:  49200K .......... .......... .......... .......... .......... 50% 9.17M 6s
2025-11-15 19:54:39 - wget stderr:  49250K .......... .......... .......... .......... .......... 50% 9.34M 6s
2025-11-15 19:54:39 - wget stderr:  49300K .......... .......... .......... .......... .......... 50% 4.40M 6s
2025-11-15 19:54:39 - wget stderr:  49350K .......... .......... .......... .......... .......... 50% 6.40M 6s
2025-11-15 19:54:39 - wget stderr:  49400K .......... .......... .......... .......... .......... 50% 24.4M 6s
2025-11-15 19:54:39 - wget stderr:  49450K .......... .......... .......... .......... .......... 50% 6.40M 6s
2025-11-15 19:54:39 - wget stderr:  49500K .......... .......... .......... .......... .......... 50% 14.8M 6s
2025-11-15 19:54:39 - wget stderr:  49550K .......... .......... .......... .......... .......... 50% 6.84M 6s
2025-11-15 19:54:39 - wget stderr:  49600K .......... .......... .......... .......... .......... 50% 5.02M 6s
2025-11-15 19:54:39 - wget stderr:  49650K .......... .......... .......... .......... .......... 50% 8.22M 6s
2025-11-15 19:54:39 - wget stderr:  49700K .......... .......... .......... .......... .......... 50% 17.2M 6s
2025-11-15 19:54:39 - wget stderr:  49750K .......... .......... .......... .......... .......... 50% 14.0M 6s
2025-11-15 19:54:39 - wget stderr:  49800K .......... .......... .......... .......... .......... 50% 7.52M 6s
2025-11-15 19:54:39 - wget stderr:  49850K .......... .......... .......... .......... .......... 50% 5.91M 6s
2025-11-15 19:54:39 - wget stderr:  49900K .......... .......... .......... .......... .......... 51% 10.6M 6s
2025-11-15 19:54:39 - wget stderr:  49950K .......... .......... .......... .......... .......... 51% 8.64M 6s
2025-11-15 19:54:39 - wget stderr:  50000K .......... .......... .......... .......... .......... 51% 9.76M 6s
2025-11-15 19:54:39 - wget stderr:  50050K .......... .......... .......... .......... .......... 51% 7.74M 6s
2025-11-15 19:54:39 - wget stderr:  50100K .......... .......... .......... .......... .......... 51% 6.37M 6s
2025-11-15 19:54:39 - wget stderr:  50150K .......... .......... .......... .......... .......... 51% 6.11M 6s
2025-11-15 19:54:39 - wget stderr:  50200K .......... .......... .......... .......... .......... 51% 7.70M 6s
2025-11-15 19:54:39 - wget stderr:  50250K .......... .......... .......... .......... .......... 51% 20.8M 6s
2025-11-15 19:54:39 - wget stderr:  50300K .......... .......... .......... .......... .......... 51% 5.28M 6s
2025-11-15 19:54:39 - wget stderr:  50350K .......... .......... .......... .......... .......... 51% 8.96M 6s
2025-11-15 19:54:39 - wget stderr:  50400K .......... .......... .......... .......... .......... 51% 10.8M 6s
2025-11-15 19:54:39 - wget stderr:  50450K .......... .......... .......... .......... .......... 51% 6.92M 6s
2025-11-15 19:54:39 - wget stderr:  50500K .......... .......... .......... .......... .......... 51% 9.74M 6s
2025-11-15 19:54:39 - wget stderr:  50550K .......... .......... .......... .......... .......... 51% 11.2M 6s
2025-11-15 19:54:39 - wget stderr:  50600K .......... .......... .......... .......... .......... 51% 4.81M 6s
2025-11-15 19:54:39 - wget stderr:  50650K .......... .......... .......... .......... .......... 51% 10.9M 6s
2025-11-15 19:54:39 - wget stderr:  50700K .......... .......... .......... .......... .......... 51% 6.24M 6s
2025-11-15 19:54:39 - wget stderr:  50750K .......... .......... .......... .......... .......... 51% 14.9M 6s
2025-11-15 19:54:39 - wget stderr:  50800K .......... .......... .......... .......... .......... 51% 9.89M 6s
2025-11-15 19:54:39 - wget stderr:  50850K .......... .......... .......... .......... .......... 51% 5.52M 6s
2025-11-15 19:54:39 - wget stderr:  50900K .......... .......... .......... .......... .......... 52% 8.51M 6s
2025-11-15 19:54:39 - wget stderr:  50950K .......... .......... .......... .......... .......... 52% 9.51M 6s
2025-11-15 19:54:39 - wget stderr:  51000K .......... .......... .......... .......... .......... 52% 3.74M 6s
2025-11-15 19:54:39 - wget stderr:  51050K .......... .......... .......... .......... .......... 52%  119M 6s
2025-11-15 19:54:39 - wget stderr:  51100K .......... .......... .......... .......... .......... 52% 7.78M 6s
2025-11-15 19:54:39 - wget stderr:  51150K .......... .......... .......... .......... .......... 52% 7.84M 6s
2025-11-15 19:54:39 - wget stderr:  51200K .......... .......... .......... .......... .......... 52% 10.4M 6s
2025-11-15 19:54:39 - wget stderr:  51250K .......... .......... .......... .......... .......... 52% 9.15M 6s
2025-11-15 19:54:39 - wget stderr:  51300K .......... .......... .......... .......... .......... 52% 7.72M 6s
2025-11-15 19:54:39 - wget stderr:  51350K .......... .......... .......... .......... .......... 52% 5.90M 6s
2025-11-15 19:54:39 - wget stderr:  51400K .......... .......... .......... .......... .......... 52% 8.25M 6s
2025-11-15 19:54:39 - wget stderr:  51450K .......... .......... .......... .......... .......... 52% 10.7M 6s
2025-11-15 19:54:39 - wget stderr:  51500K .......... .......... .......... .......... .......... 52% 9.32M 6s
2025-11-15 19:54:39 - wget stderr:  51550K .......... .......... .......... .......... .......... 52% 9.15M 5s
2025-11-15 19:54:39 - wget stderr:  51600K .......... .......... .......... .......... .......... 52% 5.99M 5s
2025-11-15 19:54:39 - wget stderr:  51650K .......... .......... .......... .......... .......... 52% 7.14M 5s
2025-11-15 19:54:39 - wget stderr:  51700K .......... .......... .......... .......... .......... 52% 9.35M 5s
2025-11-15 19:54:39 - wget stderr:  51750K .......... .......... .......... .......... .......... 52% 9.89M 5s
2025-11-15 19:54:39 - wget stderr:  51800K .......... .......... .......... .......... .......... 52% 7.71M 5s
2025-11-15 19:54:39 - wget stderr:  51850K .......... .......... .......... .......... .......... 53% 6.41M 5s
2025-11-15 19:54:39 - wget stderr:  51900K .......... .......... .......... .......... .......... 53% 7.29M 5s
2025-11-15 19:54:39 - wget stderr:  51950K .......... .......... .......... .......... .......... 53% 10.6M 5s
2025-11-15 19:54:39 - wget stderr:  52000K .......... .......... .......... .......... .......... 53% 8.65M 5s
2025-11-15 19:54:39 - wget stderr:  52050K .......... .......... .......... .......... .......... 53% 7.99M 5s
2025-11-15 19:54:39 - wget stderr:  52100K .......... .......... .......... .......... .......... 53% 8.08M 5s
2025-11-15 19:54:39 - wget stderr:  52150K .......... .......... .......... .......... .......... 53% 5.73M 5s
2025-11-15 19:54:39 - wget stderr:  52200K .......... .......... .......... .......... .......... 53% 7.96M 5s
2025-11-15 19:54:39 - wget stderr:  52250K .......... .......... .......... .......... .......... 53% 8.40M 5s
2025-11-15 19:54:39 - wget stderr:  52300K .......... .......... .......... .......... .......... 53% 9.96M 5s
2025-11-15 19:54:39 - wget stderr:  52350K .......... .......... .......... .......... .......... 53% 9.82M 5s
2025-11-15 19:54:39 - wget stderr:  52400K .......... .......... .......... .......... .......... 53% 6.18M 5s
2025-11-15 19:54:39 - wget stderr:  52450K .......... .......... .......... .......... .......... 53% 7.27M 5s
2025-11-15 19:54:39 - wget stderr:  52500K .......... .......... .......... .......... .......... 53% 12.1M 5s
2025-11-15 19:54:39 - wget stderr:  52550K .......... .......... .......... .......... .......... 53% 8.94M 5s
2025-11-15 19:54:39 - wget stderr:  52600K .......... .......... .......... .......... .......... 53% 9.06M 5s
2025-11-15 19:54:39 - wget stderr:  52650K .......... .......... .......... .......... .......... 53% 5.37M 5s
2025-11-15 19:54:39 - wget stderr:  52700K .......... .......... .......... .......... .......... 53% 7.28M 5s
2025-11-15 19:54:39 - wget stderr:  52750K .......... .......... .......... .......... .......... 53% 13.6M 5s
2025-11-15 19:54:39 - wget stderr:  52800K .......... .......... .......... .......... .......... 53% 4.77M 5s
2025-11-15 19:54:39 - wget stderr:  52850K .......... .......... .......... .......... .......... 54% 57.2M 5s
2025-11-15 19:54:39 - wget stderr:  52900K .......... .......... .......... .......... .......... 54% 5.08M 5s
2025-11-15 19:54:39 - wget stderr:  52950K .......... .......... .......... .......... .......... 54% 9.85M 5s
2025-11-15 19:54:39 - wget stderr:  53000K .......... .......... .......... .......... .......... 54% 5.84M 5s
2025-11-15 19:54:39 - wget stderr:  53050K .......... .......... .......... .......... .......... 54% 15.6M 5s
2025-11-15 19:54:39 - wget stderr:  53100K .......... .......... .......... .......... .......... 54% 9.69M 5s
2025-11-15 19:54:39 - wget stderr:  53150K .......... .......... .......... .......... .......... 54% 5.36M 5s
2025-11-15 19:54:39 - wget stderr:  53200K .......... .......... .......... .......... .......... 54% 8.46M 5s
2025-11-15 19:54:39 - wget stderr:  53250K .......... .......... .......... .......... .......... 54% 7.36M 5s
2025-11-15 19:54:39 - wget stderr:  53300K .......... .......... .......... .......... .......... 54% 10.4M 5s
2025-11-15 19:54:39 - wget stderr:  53350K .......... .......... .......... .......... .......... 54% 8.77M 5s
2025-11-15 19:54:39 - wget stderr:  53400K .......... .......... .......... .......... .......... 54% 5.64M 5s
2025-11-15 19:54:39 - wget stderr:  53450K .......... .......... .......... .......... .......... 54% 9.97M 5s
2025-11-15 19:54:39 - wget stderr:  53500K .......... .......... .......... .......... .......... 54% 9.20M 5s
2025-11-15 19:54:39 - wget stderr:  53550K .......... .......... .......... .......... .......... 54% 5.12M 5s
2025-11-15 19:54:39 - wget stderr:  53600K .......... .......... .......... .......... .......... 54% 29.3M 5s
2025-11-15 19:54:39 - wget stderr:  53650K .......... .......... .......... .......... .......... 54% 5.07M 5s
2025-11-15 19:54:39 - wget stderr:  53700K .......... .......... .......... .......... .......... 54% 9.83M 5s
2025-11-15 19:54:39 - wget stderr:  53750K .......... .......... .......... .......... .......... 54% 5.94M 5s
2025-11-15 19:54:39 - wget stderr:  53800K .......... .......... .......... .......... .......... 55% 11.4M 5s
2025-11-15 19:54:39 - wget stderr:  53850K .......... .......... .......... .......... .......... 55% 10.5M 5s
2025-11-15 19:54:39 - wget stderr:  53900K .......... .......... .......... .......... .......... 55% 6.01M 5s
2025-11-15 19:54:39 - wget stderr:  53950K .......... .......... .......... .......... .......... 55% 6.63M 5s
2025-11-15 19:54:39 - wget stderr:  54000K .......... .......... .......... .......... .......... 55% 4.94M 5s
2025-11-15 19:54:39 - wget stderr:  54050K .......... .......... .......... .......... .......... 55% 15.7M 5s
2025-11-15 19:54:39 - wget stderr:  54100K .......... .......... .......... .......... .......... 55% 21.1M 5s
2025-11-15 19:54:39 - wget stderr:  54150K .......... .......... .......... .......... .......... 55% 11.7M 5s
2025-11-15 19:54:39 - wget stderr:  54200K .......... .......... .......... .......... .......... 55% 5.10M 5s
2025-11-15 19:54:39 - wget stderr:  54250K .......... .......... .......... .......... .......... 55% 8.29M 5s
2025-11-15 19:54:39 - wget stderr:  54300K .......... .......... .......... .......... .......... 55% 11.5M 5s
2025-11-15 19:54:39 - wget stderr:  54350K .......... .......... .......... .......... .......... 55% 9.25M 5s
2025-11-15 19:54:39 - wget stderr:  54400K .......... .......... .......... .......... .......... 55% 5.58M 5s
2025-11-15 19:54:39 - wget stderr:  54450K .......... .......... .......... .......... .......... 55% 9.39M 5s
2025-11-15 19:54:39 - wget stderr:  54500K .......... .......... .......... .......... .......... 55% 8.37M 5s
2025-11-15 19:54:39 - wget stderr:  54550K .......... .......... .......... .......... .......... 55% 10.2M 5s
2025-11-15 19:54:39 - wget stderr:  54600K .......... .......... .......... .......... .......... 55% 8.55M 5s
2025-11-15 19:54:39 - wget stderr:  54650K .......... .......... .......... .......... .......... 55% 7.59M 5s
2025-11-15 19:54:39 - wget stderr:  54700K .......... .......... .......... .......... .......... 55% 6.55M 5s
2025-11-15 19:54:39 - wget stderr:  54750K .......... .......... .......... .......... .......... 55% 8.78M 5s
2025-11-15 19:54:39 - wget stderr:  54800K .......... .......... .......... .......... .......... 56% 9.33M 5s
2025-11-15 19:54:39 - wget stderr:  54850K .......... .......... .......... .......... .......... 56% 8.45M 5s
2025-11-15 19:54:39 - wget stderr:  54900K .......... .......... .......... .......... .......... 56% 9.39M 5s
2025-11-15 19:54:39 - wget stderr:  54950K .......... .......... .......... .......... .......... 56% 5.24M 5s
2025-11-15 19:54:39 - wget stderr:  55000K .......... .......... .......... .......... .......... 56% 6.81M 5s
2025-11-15 19:54:39 - wget stderr:  55050K .......... .......... .......... .......... .......... 56% 12.7M 5s
2025-11-15 19:54:39 - wget stderr:  55100K .......... .......... .......... .......... .......... 56% 8.41M 5s
2025-11-15 19:54:39 - wget stderr:  55150K .......... .......... .......... .......... .......... 56% 8.16M 5s
2025-11-15 19:54:39 - wget stderr:  55200K .......... .......... .......... .......... .......... 56% 5.31M 5s
2025-11-15 19:54:39 - wget stderr:  55250K .......... .......... .......... .......... .......... 56% 14.4M 5s
2025-11-15 19:54:39 - wget stderr:  55300K .......... .......... .......... .......... .......... 56% 5.46M 5s
2025-11-15 19:54:39 - wget stderr:  55350K .......... .......... .......... .......... .......... 56% 15.2M 5s
2025-11-15 19:54:39 - wget stderr:  55400K .......... .......... .......... .......... .......... 56% 8.25M 5s
2025-11-15 19:54:39 - wget stderr:  55450K .......... .......... .......... .......... .......... 56% 5.07M 5s
2025-11-15 19:54:39 - wget stderr:  55500K .......... .......... .......... .......... .......... 56% 5.92M 5s
2025-11-15 19:54:39 - wget stderr:  55550K .......... .......... .......... .......... .......... 56% 7.50M 5s
2025-11-15 19:54:39 - wget stderr:  55600K .......... .......... .......... .......... .......... 56% 28.5M 5s
2025-11-15 19:54:39 - wget stderr:  55650K .......... .......... .......... .......... .......... 56% 18.2M 5s
2025-11-15 19:54:40 - wget stderr:  55700K .......... .......... .......... .......... .......... 56% 5.45M 5s
2025-11-15 19:54:40 - wget stderr:  55750K .......... .......... .......... .......... .......... 56% 9.82M 5s
2025-11-15 19:54:40 - wget stderr:  55800K .......... .......... .......... .......... .......... 57% 5.92M 5s
2025-11-15 19:54:40 - wget stderr:  55850K .......... .......... .......... .......... .......... 57% 18.9M 5s
2025-11-15 19:54:40 - wget stderr:  55900K .......... .......... .......... .......... .......... 57% 6.77M 5s
2025-11-15 19:54:40 - wget stderr:  55950K .......... .......... .......... .......... .......... 57% 7.56M 5s
2025-11-15 19:54:40 - wget stderr:  56000K .......... .......... .......... .......... .......... 57% 7.21M 5s
2025-11-15 19:54:40 - wget stderr:  56050K .......... .......... .......... .......... .......... 57% 9.24M 5s
2025-11-15 19:54:40 - wget stderr:  56100K .......... .......... .......... .......... .......... 57% 5.83M 5s
2025-11-15 19:54:40 - wget stderr:  56150K .......... .......... .......... .......... .......... 57% 19.4M 5s
2025-11-15 19:54:40 - wget stderr:  56200K .......... .......... .......... .......... .......... 57% 5.09M 5s
2025-11-15 19:54:40 - wget stderr:  56250K .......... .......... .......... .......... .......... 57% 11.6M 5s
2025-11-15 19:54:40 - wget stderr:  56300K .......... .......... .......... .......... .......... 57% 8.78M 5s
2025-11-15 19:54:40 - wget stderr:  56350K .......... .......... .......... .......... .......... 57% 8.82M 5s
2025-11-15 19:54:40 - wget stderr:  56400K .......... .......... .......... .......... .......... 57% 9.51M 5s
2025-11-15 19:54:40 - wget stderr:  56450K .......... .......... .......... .......... .......... 57% 7.48M 5s
2025-11-15 19:54:40 - wget stderr:  56500K .......... .......... .......... .......... .......... 57% 6.17M 5s
2025-11-15 19:54:40 - wget stderr:  56550K .......... .......... .......... .......... .......... 57% 5.98M 5s
2025-11-15 19:54:40 - wget stderr:  56600K .......... .......... .......... .......... .......... 57% 18.3M 5s
2025-11-15 19:54:40 - wget stderr:  56650K .......... .......... .......... .......... .......... 57% 8.15M 5s
2025-11-15 19:54:40 - wget stderr:  56700K .......... .......... .......... .......... .......... 57% 10.1M 5s
2025-11-15 19:54:40 - wget stderr:  56750K .......... .......... .......... .......... .......... 58% 4.16M 5s
2025-11-15 19:54:40 - wget stderr:  56800K .......... .......... .......... .......... .......... 58% 21.3M 5s
2025-11-15 19:54:40 - wget stderr:  56850K .......... .......... .......... .......... .......... 58% 8.85M 5s
2025-11-15 19:54:40 - wget stderr:  56900K .......... .......... .......... .......... .......... 58% 7.84M 5s
2025-11-15 19:54:40 - wget stderr:  56950K .......... .......... .......... .......... .......... 58% 9.27M 5s
2025-11-15 19:54:40 - wget stderr:  57000K .......... .......... .......... .......... .......... 58% 3.23M 5s
2025-11-15 19:54:40 - wget stderr:  57050K .......... .......... .......... .......... .......... 58% 12.7M 5s
2025-11-15 19:54:40 - wget stderr:  57100K .......... .......... .......... .......... .......... 58% 30.8M 5s
2025-11-15 19:54:40 - wget stderr:  57150K .......... .......... .......... .......... .......... 58% 7.94M 5s
2025-11-15 19:54:40 - wget stderr:  57200K .......... .......... .......... .......... .......... 58% 7.91M 5s
2025-11-15 19:54:40 - wget stderr:  57250K .......... .......... .......... .......... .......... 58% 6.62M 5s
2025-11-15 19:54:40 - wget stderr:  57300K .......... .......... .......... .......... .......... 58% 9.35M 5s
2025-11-15 19:54:40 - wget stderr:  57350K .......... .......... .......... .......... .......... 58% 8.97M 5s
2025-11-15 19:54:40 - wget stderr:  57400K .......... .......... .......... .......... .......... 58% 7.65M 5s
2025-11-15 19:54:40 - wget stderr:  57450K .......... .......... .......... .......... .......... 58% 5.11M 5s
2025-11-15 19:54:40 - wget stderr:  57500K .......... .......... .......... .......... .......... 58% 7.99M 5s
2025-11-15 19:54:40 - wget stderr:  57550K .......... .......... .......... .......... .......... 58% 11.5M 5s
2025-11-15 19:54:40 - wget stderr:  57600K .......... .......... .......... .......... .......... 58% 7.79M 5s
2025-11-15 19:54:40 - wget stderr:  57650K .......... .......... .......... .......... .......... 58% 10.8M 5s
2025-11-15 19:54:40 - wget stderr:  57700K .......... .......... .......... .......... .......... 58% 8.75M 5s
2025-11-15 19:54:40 - wget stderr:  57750K .......... .......... .......... .......... .......... 59% 5.42M 5s
2025-11-15 19:54:40 - wget stderr:  57800K .......... .......... .......... .......... .......... 59% 6.44M 5s
2025-11-15 19:54:40 - wget stderr:  57850K .......... .......... .......... .......... .......... 59% 14.4M 5s
2025-11-15 19:54:40 - wget stderr:  57900K .......... .......... .......... .......... .......... 59% 8.18M 5s
2025-11-15 19:54:40 - wget stderr:  57950K .......... .......... .......... .......... .......... 59% 7.43M 5s
2025-11-15 19:54:40 - wget stderr:  58000K .......... .......... .......... .......... .......... 59% 6.63M 5s
2025-11-15 19:54:40 - wget stderr:  58050K .......... .......... .......... .......... .......... 59% 7.06M 5s
2025-11-15 19:54:40 - wget stderr:  58100K .......... .......... .......... .......... .......... 59% 7.25M 5s
2025-11-15 19:54:40 - wget stderr:  58150K .......... .......... .......... .......... .......... 59% 11.5M 5s
2025-11-15 19:54:40 - wget stderr:  58200K .......... .......... .......... .......... .......... 59% 10.1M 5s
2025-11-15 19:54:40 - wget stderr:  58250K .......... .......... .......... .......... .......... 59% 10.4M 5s
2025-11-15 19:54:40 - wget stderr:  58300K .......... .......... .......... .......... .......... 59% 5.78M 5s
2025-11-15 19:54:40 - wget stderr:  58350K .......... .......... .......... .......... .......... 59% 6.47M 5s
2025-11-15 19:54:40 - wget stderr:  58400K .......... .......... .......... .......... .......... 59% 18.2M 5s
2025-11-15 19:54:40 - wget stderr:  58450K .......... .......... .......... .......... .......... 59% 7.85M 5s
2025-11-15 19:54:40 - wget stderr:  58500K .......... .......... .......... .......... .......... 59% 8.78M 5s
2025-11-15 19:54:40 - wget stderr:  58550K .......... .......... .......... .......... .......... 59% 3.55M 5s
2025-11-15 19:54:40 - wget stderr:  58600K .......... .......... .......... .......... .......... 59%  152M 5s
2025-11-15 19:54:40 - wget stderr:  58650K .......... .......... .......... .......... .......... 59% 10.2M 5s
2025-11-15 19:54:40 - wget stderr:  58700K .......... .......... .......... .......... .......... 60% 9.47M 5s
2025-11-15 19:54:40 - wget stderr:  58750K .......... .......... .......... .......... .......... 60% 5.81M 5s
2025-11-15 19:54:40 - wget stderr:  58800K .......... .......... .......... .......... .......... 60% 7.59M 5s
2025-11-15 19:54:40 - wget stderr:  58850K .......... .......... .......... .......... .......... 60% 10.8M 5s
2025-11-15 19:54:40 - wget stderr:  58900K .......... .......... .......... .......... .......... 60% 9.01M 5s
2025-11-15 19:54:40 - wget stderr:  58950K .......... .......... .......... .......... .......... 60% 8.52M 5s
2025-11-15 19:54:40 - wget stderr:  59000K .......... .......... .......... .......... .......... 60% 4.39M 5s
2025-11-15 19:54:40 - wget stderr:  59050K .......... .......... .......... .......... .......... 60% 15.3M 5s
2025-11-15 19:54:40 - wget stderr:  59100K .......... .......... .......... .......... .......... 60% 9.39M 5s
2025-11-15 19:54:40 - wget stderr:  59150K .......... .......... .......... .......... .......... 60% 10.2M 5s
2025-11-15 19:54:40 - wget stderr:  59200K .......... .......... .......... .......... .......... 60% 7.77M 5s
2025-11-15 19:54:40 - wget stderr:  59250K .......... .......... .......... .......... .......... 60% 7.10M 5s
2025-11-15 19:54:40 - wget stderr:  59300K .......... .......... .......... .......... .......... 60% 7.24M 5s
2025-11-15 19:54:40 - wget stderr:  59350K .......... .......... .......... .......... .......... 60% 9.18M 5s
2025-11-15 19:54:40 - wget stderr:  59400K .......... .......... .......... .......... .......... 60% 6.82M 5s
2025-11-15 19:54:40 - wget stderr:  59450K .......... .......... .......... .......... .......... 60% 7.25M 5s
2025-11-15 19:54:40 - wget stderr:  59500K .......... .......... .......... .......... .......... 60% 17.5M 5s
2025-11-15 19:54:40 - wget stderr:  59550K .......... .......... .......... .......... .......... 60% 5.90M 5s
2025-11-15 19:54:40 - wget stderr:  59600K .......... .......... .......... .......... .......... 60% 9.57M 5s
2025-11-15 19:54:40 - wget stderr:  59650K .......... .......... .......... .......... .......... 60% 8.81M 5s
2025-11-15 19:54:40 - wget stderr:  59700K .......... .......... .......... .......... .......... 61% 6.84M 5s
2025-11-15 19:54:40 - wget stderr:  59750K .......... .......... .......... .......... .......... 61% 11.6M 5s
2025-11-15 19:54:40 - wget stderr:  59800K .......... .......... .......... .......... .......... 61% 6.38M 5s
2025-11-15 19:54:40 - wget stderr:  59850K .......... .......... .......... .......... .......... 61% 8.20M 5s
2025-11-15 19:54:40 - wget stderr:  59900K .......... .......... .......... .......... .......... 61% 8.35M 5s
2025-11-15 19:54:40 - wget stderr:  59950K .......... .......... .......... .......... .......... 61% 8.55M 5s
2025-11-15 19:54:40 - wget stderr:  60000K .......... .......... .......... .......... .......... 61% 7.96M 5s
2025-11-15 19:54:40 - wget stderr:  60050K .......... .......... .......... .......... .......... 61% 7.15M 5s
2025-11-15 19:54:40 - wget stderr:  60100K .......... .......... .......... .......... .......... 61% 8.31M 5s
2025-11-15 19:54:40 - wget stderr:  60150K .......... .......... .......... .......... .......... 61% 6.29M 4s
2025-11-15 19:54:40 - wget stderr:  60200K .......... .......... .......... .......... .......... 61% 14.8M 4s
2025-11-15 19:54:40 - wget stderr:  60250K .......... .......... .......... .......... .......... 61% 6.54M 4s
2025-11-15 19:54:40 - wget stderr:  60300K .......... .......... .......... .......... .......... 61% 12.9M 4s
2025-11-15 19:54:40 - wget stderr:  60350K .......... .......... .......... .......... .......... 61% 6.57M 4s
2025-11-15 19:54:40 - wget stderr:  60400K .......... .......... .......... .......... .......... 61% 7.02M 4s
2025-11-15 19:54:40 - wget stderr:  60450K .......... .......... .......... .......... .......... 61% 10.7M 4s
2025-11-15 19:54:40 - wget stderr:  60500K .......... .......... .......... .......... .......... 61% 8.87M 4s
2025-11-15 19:54:40 - wget stderr:  60550K .......... .......... .......... .......... .......... 61% 7.97M 4s
2025-11-15 19:54:40 - wget stderr:  60600K .......... .......... .......... .......... .......... 61% 5.86M 4s
2025-11-15 19:54:40 - wget stderr:  60650K .......... .......... .......... .......... .......... 62% 6.45M 4s
2025-11-15 19:54:40 - wget stderr:  60700K .......... .......... .......... .......... .......... 62% 13.0M 4s
2025-11-15 19:54:40 - wget stderr:  60750K .......... .......... .......... .......... .......... 62% 9.09M 4s
2025-11-15 19:54:40 - wget stderr:  60800K .......... .......... .......... .......... .......... 62% 9.01M 4s
2025-11-15 19:54:40 - wget stderr:  60850K .......... .......... .......... .......... .......... 62% 5.12M 4s
2025-11-15 19:54:40 - wget stderr:  60900K .......... .......... .......... .......... .......... 62% 8.99M 4s
2025-11-15 19:54:40 - wget stderr:  60950K .......... .......... .......... .......... .......... 62% 9.29M 4s
2025-11-15 19:54:40 - wget stderr:  61000K .......... .......... .......... .......... .......... 62% 8.01M 4s
2025-11-15 19:54:40 - wget stderr:  61050K .......... .......... .......... .......... .......... 62% 10.6M 4s
2025-11-15 19:54:40 - wget stderr:  61100K .......... .......... .......... .......... .......... 62% 4.00M 4s
2025-11-15 19:54:40 - wget stderr:  61150K .......... .......... .......... .......... .......... 62% 24.3M 4s
2025-11-15 19:54:40 - wget stderr:  61200K .......... .......... .......... .......... .......... 62% 5.65M 4s
2025-11-15 19:54:40 - wget stderr:  61250K .......... .......... .......... .......... .......... 62% 17.0M 4s
2025-11-15 19:54:40 - wget stderr:  61300K .......... .......... .......... .......... .......... 62% 9.84M 4s
2025-11-15 19:54:40 - wget stderr:  61350K .......... .......... .......... .......... .......... 62% 5.12M 4s
2025-11-15 19:54:40 - wget stderr:  61400K .......... .......... .......... .......... .......... 62% 9.61M 4s
2025-11-15 19:54:40 - wget stderr:  61450K .......... .......... .......... .......... .......... 62% 11.0M 4s
2025-11-15 19:54:40 - wget stderr:  61500K .......... .......... .......... .......... .......... 62% 8.24M 4s
2025-11-15 19:54:40 - wget stderr:  61550K .......... .......... .......... .......... .......... 62% 9.80M 4s
2025-11-15 19:54:40 - wget stderr:  61600K .......... .......... .......... .......... .......... 62% 5.84M 4s
2025-11-15 19:54:40 - wget stderr:  61650K .......... .......... .......... .......... .......... 63% 8.75M 4s
2025-11-15 19:54:40 - wget stderr:  61700K .......... .......... .......... .......... .......... 63% 6.24M 4s
2025-11-15 19:54:40 - wget stderr:  61750K .......... .......... .......... .......... .......... 63% 18.2M 4s
2025-11-15 19:54:40 - wget stderr:  61800K .......... .......... .......... .......... .......... 63% 9.04M 4s
2025-11-15 19:54:40 - wget stderr:  61850K .......... .......... .......... .......... .......... 63% 5.91M 4s
2025-11-15 19:54:40 - wget stderr:  61900K .......... .......... .......... .......... .......... 63% 8.96M 4s
2025-11-15 19:54:40 - wget stderr:  61950K .......... .......... .......... .......... .......... 63% 5.22M 4s
2025-11-15 19:54:40 - wget stderr:  62000K .......... .......... .......... .......... .......... 63% 21.3M 4s
2025-11-15 19:54:40 - wget stderr:  62050K .......... .......... .......... .......... .......... 63% 9.67M 4s
2025-11-15 19:54:40 - wget stderr:  62100K .......... .......... .......... .......... .......... 63% 5.14M 4s
2025-11-15 19:54:40 - wget stderr:  62150K .......... .......... .......... .......... .......... 63% 9.08M 4s
2025-11-15 19:54:40 - wget stderr:  62200K .......... .......... .......... .......... .......... 63% 8.52M 4s
2025-11-15 19:54:40 - wget stderr:  62250K .......... .......... .......... .......... .......... 63% 9.94M 4s
2025-11-15 19:54:40 - wget stderr:  62300K .......... .......... .......... .......... .......... 63% 6.77M 4s
2025-11-15 19:54:40 - wget stderr:  62350K .......... .......... .......... .......... .......... 63% 6.56M 4s
2025-11-15 19:54:40 - wget stderr:  62400K .......... .......... .......... .......... .......... 63% 5.95M 4s
2025-11-15 19:54:40 - wget stderr:  62450K .......... .......... .......... .......... .......... 63% 12.5M 4s
2025-11-15 19:54:40 - wget stderr:  62500K .......... .......... .......... .......... .......... 63% 3.86M 4s
2025-11-15 19:54:40 - wget stderr:  62550K .......... .......... .......... .......... .......... 63% 18.5M 4s
2025-11-15 19:54:40 - wget stderr:  62600K .......... .......... .......... .......... .......... 63% 19.8M 4s
2025-11-15 19:54:40 - wget stderr:  62650K .......... .......... .......... .......... .......... 64% 8.65M 4s
2025-11-15 19:54:40 - wget stderr:  62700K .......... .......... .......... .......... .......... 64% 8.33M 4s
2025-11-15 19:54:40 - wget stderr:  62750K .......... .......... .......... .......... .......... 64% 6.64M 4s
2025-11-15 19:54:40 - wget stderr:  62800K .......... .......... .......... .......... .......... 64% 8.45M 4s
2025-11-15 19:54:40 - wget stderr:  62850K .......... .......... .......... .......... .......... 64% 15.4M 4s
2025-11-15 19:54:40 - wget stderr:  62900K .......... .......... .......... .......... .......... 64% 5.82M 4s
2025-11-15 19:54:40 - wget stderr:  62950K .......... .......... .......... .......... .......... 64% 4.89M 4s
2025-11-15 19:54:40 - wget stderr:  63000K .......... .......... .......... .......... .......... 64% 62.9M 4s
2025-11-15 19:54:40 - wget stderr:  63050K .......... .......... .......... .......... .......... 64% 7.66M 4s
2025-11-15 19:54:40 - wget stderr:  63100K .......... .......... .......... .......... .......... 64% 9.62M 4s
2025-11-15 19:54:40 - wget stderr:  63150K .......... .......... .......... .......... .......... 64% 5.69M 4s
2025-11-15 19:54:40 - wget stderr:  63200K .......... .......... .......... .......... .......... 64% 10.6M 4s
2025-11-15 19:54:40 - wget stderr:  63250K .......... .......... .......... .......... .......... 64% 6.75M 4s
2025-11-15 19:54:40 - wget stderr:  63300K .......... .......... .......... .......... .......... 64% 11.3M 4s
2025-11-15 19:54:40 - wget stderr:  63350K .......... .......... .......... .......... .......... 64% 9.20M 4s
2025-11-15 19:54:40 - wget stderr:  63400K .......... .......... .......... .......... .......... 64% 2.07M 4s
2025-11-15 19:54:40 - wget stderr:  63450K .......... .......... .......... .......... .......... 64%  169M 4s
2025-11-15 19:54:40 - wget stderr:  63500K .......... .......... .......... .......... .......... 64% 51.4M 4s
2025-11-15 19:54:40 - wget stderr:  63550K .......... .......... .......... .......... .......... 64% 34.3M 4s
2025-11-15 19:54:40 - wget stderr:  63600K .......... .......... .......... .......... .......... 65% 6.81M 4s
2025-11-15 19:54:40 - wget stderr:  63650K .......... .......... .......... .......... .......... 65% 7.27M 4s
2025-11-15 19:54:40 - wget stderr:  63700K .......... .......... .......... .......... .......... 65% 8.29M 4s
2025-11-15 19:54:40 - wget stderr:  63750K .......... .......... .......... .......... .......... 65% 6.63M 4s
2025-11-15 19:54:40 - wget stderr:  63800K .......... .......... .......... .......... .......... 65% 14.6M 4s
2025-11-15 19:54:40 - wget stderr:  63850K .......... .......... .......... .......... .......... 65% 5.19M 4s
2025-11-15 19:54:41 - wget stderr:  63900K .......... .......... .......... .......... .......... 65% 8.93M 4s
2025-11-15 19:54:41 - wget stderr:  63950K .......... .......... .......... .......... .......... 65% 9.51M 4s
2025-11-15 19:54:41 - wget stderr:  64000K .......... .......... .......... .......... .......... 65% 8.40M 4s
2025-11-15 19:54:41 - wget stderr:  64050K .......... .......... .......... .......... .......... 65% 10.7M 4s
2025-11-15 19:54:41 - wget stderr:  64100K .......... .......... .......... .......... .......... 65% 8.69M 4s
2025-11-15 19:54:41 - wget stderr:  64150K .......... .......... .......... .......... .......... 65% 5.60M 4s
2025-11-15 19:54:41 - wget stderr:  64200K .......... .......... .......... .......... .......... 65% 4.76M 4s
2025-11-15 19:54:41 - wget stderr:  64250K .......... .......... .......... .......... .......... 65% 72.3M 4s
2025-11-15 19:54:41 - wget stderr:  64300K .......... .......... .......... .......... .......... 65% 7.09M 4s
2025-11-15 19:54:41 - wget stderr:  64350K .......... .......... .......... .......... .......... 65% 12.8M 4s
2025-11-15 19:54:41 - wget stderr:  64400K .......... .......... .......... .......... .......... 65% 5.92M 4s
2025-11-15 19:54:41 - wget stderr:  64450K .......... .......... .......... .......... .......... 65% 10.2M 4s
2025-11-15 19:54:41 - wget stderr:  64500K .......... .......... .......... .......... .......... 65% 8.93M 4s
2025-11-15 19:54:41 - wget stderr:  64550K .......... .......... .......... .......... .......... 65% 8.62M 4s
2025-11-15 19:54:41 - wget stderr:  64600K .......... .......... .......... .......... .......... 66% 9.02M 4s
2025-11-15 19:54:41 - wget stderr:  64650K .......... .......... .......... .......... .......... 66% 8.59M 4s
2025-11-15 19:54:41 - wget stderr:  64700K .......... .......... .......... .......... .......... 66% 5.84M 4s
2025-11-15 19:54:41 - wget stderr:  64750K .......... .......... .......... .......... .......... 66% 8.29M 4s
2025-11-15 19:54:41 - wget stderr:  64800K .......... .......... .......... .......... .......... 66% 9.39M 4s
2025-11-15 19:54:41 - wget stderr:  64850K .......... .......... .......... .......... .......... 66% 6.75M 4s
2025-11-15 19:54:41 - wget stderr:  64900K .......... .......... .......... .......... .......... 66% 12.2M 4s
2025-11-15 19:54:41 - wget stderr:  64950K .......... .......... .......... .......... .......... 66% 2.77M 4s
2025-11-15 19:54:41 - wget stderr:  65000K .......... .......... .......... .......... .......... 66%  141M 4s
2025-11-15 19:54:41 - wget stderr:  65050K .......... .......... .......... .......... .......... 66% 23.6M 4s
2025-11-15 19:54:41 - wget stderr:  65100K .......... .......... .......... .......... .......... 66% 12.4M 4s
2025-11-15 19:54:41 - wget stderr:  65150K .......... .......... .......... .......... .......... 66% 7.73M 4s
2025-11-15 19:54:41 - wget stderr:  65200K .......... .......... .......... .......... .......... 66% 5.22M 4s
2025-11-15 19:54:41 - wget stderr:  65250K .......... .......... .......... .......... .......... 66% 11.3M 4s
2025-11-15 19:54:41 - wget stderr:  65300K .......... .......... .......... .......... .......... 66% 6.55M 4s
2025-11-15 19:54:41 - wget stderr:  65350K .......... .......... .......... .......... .......... 66% 15.6M 4s
2025-11-15 19:54:41 - wget stderr:  65400K .......... .......... .......... .......... .......... 66% 7.47M 4s
2025-11-15 19:54:41 - wget stderr:  65450K .......... .......... .......... .......... .......... 66% 6.01M 4s
2025-11-15 19:54:41 - wget stderr:  65500K .......... .......... .......... .......... .......... 66% 9.99M 4s
2025-11-15 19:54:41 - wget stderr:  65550K .......... .......... .......... .......... .......... 67% 8.59M 4s
2025-11-15 19:54:41 - wget stderr:  65600K .......... .......... .......... .......... .......... 67% 8.92M 4s
2025-11-15 19:54:41 - wget stderr:  65650K .......... .......... .......... .......... .......... 67% 8.89M 4s
2025-11-15 19:54:41 - wget stderr:  65700K .......... .......... .......... .......... .......... 67% 4.73M 4s
2025-11-15 19:54:41 - wget stderr:  65750K .......... .......... .......... .......... .......... 67% 14.5M 4s
2025-11-15 19:54:41 - wget stderr:  65800K .......... .......... .......... .......... .......... 67% 7.43M 4s
2025-11-15 19:54:41 - wget stderr:  65850K .......... .......... .......... .......... .......... 67% 5.32M 4s
2025-11-15 19:54:41 - wget stderr:  65900K .......... .......... .......... .......... .......... 67% 47.3M 4s
2025-11-15 19:54:41 - wget stderr:  65950K .......... .......... .......... .......... .......... 67% 6.11M 4s
2025-11-15 19:54:41 - wget stderr:  66000K .......... .......... .......... .......... .......... 67% 8.16M 4s
2025-11-15 19:54:41 - wget stderr:  66050K .......... .......... .......... .......... .......... 67% 10.8M 4s
2025-11-15 19:54:41 - wget stderr:  66100K .......... .......... .......... .......... .......... 67% 7.28M 4s
2025-11-15 19:54:41 - wget stderr:  66150K .......... .......... .......... .......... .......... 67% 8.54M 4s
2025-11-15 19:54:41 - wget stderr:  66200K .......... .......... .......... .......... .......... 67% 4.62M 4s
2025-11-15 19:54:41 - wget stderr:  66250K .......... .......... .......... .......... .......... 67% 11.4M 4s
2025-11-15 19:54:41 - wget stderr:  66300K .......... .......... .......... .......... .......... 67% 9.92M 4s
2025-11-15 19:54:41 - wget stderr:  66350K .......... .......... .......... .......... .......... 67% 6.20M 4s
2025-11-15 19:54:41 - wget stderr:  66400K .......... .......... .......... .......... .......... 67% 6.91M 4s
2025-11-15 19:54:41 - wget stderr:  66450K .......... .......... .......... .......... .......... 67% 12.8M 4s
2025-11-15 19:54:41 - wget stderr:  66500K .......... .......... .......... .......... .......... 67% 7.56M 4s
2025-11-15 19:54:41 - wget stderr:  66550K .......... .......... .......... .......... .......... 68% 8.09M 4s
2025-11-15 19:54:41 - wget stderr:  66600K .......... .......... .......... .......... .......... 68% 9.22M 4s
2025-11-15 19:54:41 - wget stderr:  66650K .......... .......... .......... .......... .......... 68% 13.4M 4s
2025-11-15 19:54:41 - wget stderr:  66700K .......... .......... .......... .......... .......... 68% 7.75M 4s
2025-11-15 19:54:41 - wget stderr:  66750K .......... .......... .......... .......... .......... 68% 5.39M 4s
2025-11-15 19:54:41 - wget stderr:  66800K .......... .......... .......... .......... .......... 68% 11.5M 4s
2025-11-15 19:54:41 - wget stderr:  66850K .......... .......... .......... .......... .......... 68% 9.44M 4s
2025-11-15 19:54:41 - wget stderr:  66900K .......... .......... .......... .......... .......... 68% 8.87M 4s
2025-11-15 19:54:41 - wget stderr:  66950K .......... .......... .......... .......... .......... 68% 6.96M 4s
2025-11-15 19:54:41 - wget stderr:  67000K .......... .......... .......... .......... .......... 68% 5.70M 4s
2025-11-15 19:54:41 - wget stderr:  67050K .......... .......... .......... .......... .......... 68% 12.0M 4s
2025-11-15 19:54:41 - wget stderr:  67100K .......... .......... .......... .......... .......... 68% 7.43M 4s
2025-11-15 19:54:41 - wget stderr:  67150K .......... .......... .......... .......... .......... 68% 11.7M 4s
2025-11-15 19:54:41 - wget stderr:  67200K .......... .......... .......... .......... .......... 68% 8.17M 4s
2025-11-15 19:54:41 - wget stderr:  67250K .......... .......... .......... .......... .......... 68% 5.37M 4s
2025-11-15 19:54:41 - wget stderr:  67300K .......... .......... .......... .......... .......... 68% 9.81M 4s
2025-11-15 19:54:41 - wget stderr:  67350K .......... .......... .......... .......... .......... 68% 7.75M 4s
2025-11-15 19:54:41 - wget stderr:  67400K .......... .......... .......... .......... .......... 68% 10.8M 4s
2025-11-15 19:54:41 - wget stderr:  67450K .......... .......... .......... .......... .......... 68% 6.89M 4s
2025-11-15 19:54:41 - wget stderr:  67500K .......... .......... .......... .......... .......... 68% 6.94M 4s
2025-11-15 19:54:41 - wget stderr:  67550K .......... .......... .......... .......... .......... 69% 8.19M 4s
2025-11-15 19:54:41 - wget stderr:  67600K .......... .......... .......... .......... .......... 69% 9.37M 4s
2025-11-15 19:54:41 - wget stderr:  67650K .......... .......... .......... .......... .......... 69% 9.97M 4s
2025-11-15 19:54:41 - wget stderr:  67700K .......... .......... .......... .......... .......... 69% 6.56M 4s
2025-11-15 19:54:41 - wget stderr:  67750K .......... .......... .......... .......... .......... 69% 6.47M 4s
2025-11-15 19:54:41 - wget stderr:  67800K .......... .......... .......... .......... .......... 69% 5.59M 4s
2025-11-15 19:54:41 - wget stderr:  67850K .......... .......... .......... .......... .......... 69% 17.0M 4s
2025-11-15 19:54:41 - wget stderr:  67900K .......... .......... .......... .......... .......... 69% 7.26M 4s
2025-11-15 19:54:41 - wget stderr:  67950K .......... .......... .......... .......... .......... 69% 17.0M 4s
2025-11-15 19:54:41 - wget stderr:  68000K .......... .......... .......... .......... .......... 69% 5.66M 4s
2025-11-15 19:54:41 - wget stderr:  68050K .......... .......... .......... .......... .......... 69% 8.25M 4s
2025-11-15 19:54:41 - wget stderr:  68100K .......... .......... .......... .......... .......... 69% 9.57M 4s
2025-11-15 19:54:41 - wget stderr:  68150K .......... .......... .......... .......... .......... 69% 8.69M 4s
2025-11-15 19:54:41 - wget stderr:  68200K .......... .......... .......... .......... .......... 69% 8.97M 4s
2025-11-15 19:54:41 - wget stderr:  68250K .......... .......... .......... .......... .......... 69% 5.30M 4s
2025-11-15 19:54:41 - wget stderr:  68300K .......... .......... .......... .......... .......... 69% 8.93M 4s
2025-11-15 19:54:41 - wget stderr:  68350K .......... .......... .......... .......... .......... 69% 9.17M 4s
2025-11-15 19:54:41 - wget stderr:  68400K .......... .......... .......... .......... .......... 69% 8.00M 4s
2025-11-15 19:54:41 - wget stderr:  68450K .......... .......... .......... .......... .......... 69% 10.5M 4s
2025-11-15 19:54:41 - wget stderr:  68500K .......... .......... .......... .......... .......... 70% 4.77M 4s
2025-11-15 19:54:41 - wget stderr:  68550K .......... .......... .......... .......... .......... 70% 10.2M 4s
2025-11-15 19:54:41 - wget stderr:  68600K .......... .......... .......... .......... .......... 70% 6.94M 3s
2025-11-15 19:54:41 - wget stderr:  68650K .......... .......... .......... .......... .......... 70% 8.10M 3s
2025-11-15 19:54:41 - wget stderr:  68700K .......... .......... .......... .......... .......... 70% 7.98M 3s
2025-11-15 19:54:41 - wget stderr:  68750K .......... .......... .......... .......... .......... 70% 7.32M 3s
2025-11-15 19:54:41 - wget stderr:  68800K .......... .......... .......... .......... .......... 70% 8.53M 3s
2025-11-15 19:54:41 - wget stderr:  68850K .......... .......... .......... .......... .......... 70% 9.53M 3s
2025-11-15 19:54:41 - wget stderr:  68900K .......... .......... .......... .......... .......... 70% 7.28M 3s
2025-11-15 19:54:41 - wget stderr:  68950K .......... .......... .......... .......... .......... 70% 10.1M 3s
2025-11-15 19:54:41 - wget stderr:  69000K .......... .......... .......... .......... .......... 70% 7.27M 3s
2025-11-15 19:54:41 - wget stderr:  69050K .......... .......... .......... .......... .......... 70% 5.64M 3s
2025-11-15 19:54:41 - wget stderr:  69100K .......... .......... .......... .......... .......... 70% 12.4M 3s
2025-11-15 19:54:41 - wget stderr:  69150K .......... .......... .......... .......... .......... 70% 8.63M 3s
2025-11-15 19:54:41 - wget stderr:  69200K .......... .......... .......... .......... .......... 70% 10.0M 3s
2025-11-15 19:54:41 - wget stderr:  69250K .......... .......... .......... .......... .......... 70% 8.30M 3s
2025-11-15 19:54:41 - wget stderr:  69300K .......... .......... .......... .......... .......... 70% 6.24M 3s
2025-11-15 19:54:41 - wget stderr:  69350K .......... .......... .......... .......... .......... 70% 7.51M 3s
2025-11-15 19:54:41 - wget stderr:  69400K .......... .......... .......... .......... .......... 70% 9.22M 3s
2025-11-15 19:54:41 - wget stderr:  69450K .......... .......... .......... .......... .......... 70% 10.3M 3s
2025-11-15 19:54:41 - wget stderr:  69500K .......... .......... .......... .......... .......... 71% 3.19M 3s
2025-11-15 19:54:41 - wget stderr:  69550K .......... .......... .......... .......... .......... 71%  186M 3s
2025-11-15 19:54:41 - wget stderr:  69600K .......... .......... .......... .......... .......... 71% 12.8M 3s
2025-11-15 19:54:41 - wget stderr:  69650K .......... .......... .......... .......... .......... 71% 7.88M 3s
2025-11-15 19:54:41 - wget stderr:  69700K .......... .......... .......... .......... .......... 71% 10.4M 3s
2025-11-15 19:54:41 - wget stderr:  69750K .......... .......... .......... .......... .......... 71% 6.78M 3s
2025-11-15 19:54:41 - wget stderr:  69800K .......... .......... .......... .......... .......... 71% 7.10M 3s
2025-11-15 19:54:41 - wget stderr:  69850K .......... .......... .......... .......... .......... 71% 7.45M 3s
2025-11-15 19:54:41 - wget stderr:  69900K .......... .......... .......... .......... .......... 71% 12.4M 3s
2025-11-15 19:54:41 - wget stderr:  69950K .......... .......... .......... .......... .......... 71% 8.66M 3s
2025-11-15 19:54:41 - wget stderr:  70000K .......... .......... .......... .......... .......... 71% 8.09M 3s
2025-11-15 19:54:41 - wget stderr:  70050K .......... .......... .......... .......... .......... 71% 5.58M 3s
2025-11-15 19:54:41 - wget stderr:  70100K .......... .......... .......... .......... .......... 71% 8.66M 3s
2025-11-15 19:54:41 - wget stderr:  70150K .......... .......... .......... .......... .......... 71% 8.25M 3s
2025-11-15 19:54:41 - wget stderr:  70200K .......... .......... .......... .......... .......... 71% 8.42M 3s
2025-11-15 19:54:41 - wget stderr:  70250K .......... .......... .......... .......... .......... 71% 7.76M 3s
2025-11-15 19:54:41 - wget stderr:  70300K .......... .......... .......... .......... .......... 71% 7.26M 3s
2025-11-15 19:54:41 - wget stderr:  70350K .......... .......... .......... .......... .......... 71% 5.60M 3s
2025-11-15 19:54:41 - wget stderr:  70400K .......... .......... .......... .......... .......... 71% 6.91M 3s
2025-11-15 19:54:41 - wget stderr:  70450K .......... .......... .......... .......... .......... 72% 5.78M 3s
2025-11-15 19:54:41 - wget stderr:  70500K .......... .......... .......... .......... .......... 72% 20.9M 3s
2025-11-15 19:54:41 - wget stderr:  70550K .......... .......... .......... .......... .......... 72% 13.6M 3s
2025-11-15 19:54:41 - wget stderr:  70600K .......... .......... .......... .......... .......... 72% 7.56M 3s
2025-11-15 19:54:41 - wget stderr:  70650K .......... .......... .......... .......... .......... 72% 6.89M 3s
2025-11-15 19:54:41 - wget stderr:  70700K .......... .......... .......... .......... .......... 72% 14.4M 3s
2025-11-15 19:54:41 - wget stderr:  70750K .......... .......... .......... .......... .......... 72% 10.2M 3s
2025-11-15 19:54:41 - wget stderr:  70800K .......... .......... .......... .......... .......... 72% 6.25M 3s
2025-11-15 19:54:41 - wget stderr:  70850K .......... .......... .......... .......... .......... 72% 7.23M 3s
2025-11-15 19:54:41 - wget stderr:  70900K .......... .......... .......... .......... .......... 72% 7.98M 3s
2025-11-15 19:54:41 - wget stderr:  70950K .......... .......... .......... .......... .......... 72% 13.0M 3s
2025-11-15 19:54:41 - wget stderr:  71000K .......... .......... .......... .......... .......... 72% 8.39M 3s
2025-11-15 19:54:41 - wget stderr:  71050K .......... .......... .......... .......... .......... 72% 7.21M 3s
2025-11-15 19:54:41 - wget stderr:  71100K .......... .......... .......... .......... .......... 72% 6.74M 3s
2025-11-15 19:54:41 - wget stderr:  71150K .......... .......... .......... .......... .......... 72% 9.21M 3s
2025-11-15 19:54:41 - wget stderr:  71200K .......... .......... .......... .......... .......... 72% 6.19M 3s
2025-11-15 19:54:41 - wget stderr:  71250K .......... .......... .......... .......... .......... 72% 8.28M 3s
2025-11-15 19:54:41 - wget stderr:  71300K .......... .......... .......... .......... .......... 72% 16.0M 3s
2025-11-15 19:54:41 - wget stderr:  71350K .......... .......... .......... .......... .......... 72% 5.96M 3s
2025-11-15 19:54:41 - wget stderr:  71400K .......... .......... .......... .......... .......... 72% 9.05M 3s
2025-11-15 19:54:41 - wget stderr:  71450K .......... .......... .......... .......... .......... 73% 8.72M 3s
2025-11-15 19:54:41 - wget stderr:  71500K .......... .......... .......... .......... .......... 73% 8.12M 3s
2025-11-15 19:54:41 - wget stderr:  71550K .......... .......... .......... .......... .......... 73% 10.0M 3s
2025-11-15 19:54:41 - wget stderr:  71600K .......... .......... .......... .......... .......... 73% 5.73M 3s
2025-11-15 19:54:41 - wget stderr:  71650K .......... .......... .......... .......... .......... 73% 8.31M 3s
2025-11-15 19:54:41 - wget stderr:  71700K .......... .......... .......... .......... .......... 73% 10.0M 3s
2025-11-15 19:54:41 - wget stderr:  71750K .......... .......... .......... .......... .......... 73% 8.15M 3s
2025-11-15 19:54:41 - wget stderr:  71800K .......... .......... .......... .......... .......... 73% 5.33M 3s
2025-11-15 19:54:41 - wget stderr:  71850K .......... .......... .......... .......... .......... 73% 5.32M 3s
2025-11-15 19:54:41 - wget stderr:  71900K .......... .......... .......... .......... .......... 73% 74.4M 3s
2025-11-15 19:54:41 - wget stderr:  71950K .......... .......... .......... .......... .......... 73% 9.12M 3s
2025-11-15 19:54:41 - wget stderr:  72000K .......... .......... .......... .......... .......... 73% 7.87M 3s
2025-11-15 19:54:41 - wget stderr:  72050K .......... .......... .......... .......... .......... 73% 10.4M 3s
2025-11-15 19:54:41 - wget stderr:  72100K .......... .......... .......... .......... .......... 73% 5.56M 3s
2025-11-15 19:54:42 - wget stderr:  72150K .......... .......... .......... .......... .......... 73% 9.57M 3s
2025-11-15 19:54:42 - wget stderr:  72200K .......... .......... .......... .......... .......... 73% 9.16M 3s
2025-11-15 19:54:42 - wget stderr:  72250K .......... .......... .......... .......... .......... 73% 7.57M 3s
2025-11-15 19:54:42 - wget stderr:  72300K .......... .......... .......... .......... .......... 73% 9.93M 3s
2025-11-15 19:54:42 - wget stderr:  72350K .......... .......... .......... .......... .......... 73% 6.09M 3s
2025-11-15 19:54:42 - wget stderr:  72400K .......... .......... .......... .......... .......... 74% 7.06M 3s
2025-11-15 19:54:42 - wget stderr:  72450K .......... .......... .......... .......... .......... 74% 9.50M 3s
2025-11-15 19:54:42 - wget stderr:  72500K .......... .......... .......... .......... .......... 74% 11.6M 3s
2025-11-15 19:54:42 - wget stderr:  72550K .......... .......... .......... .......... .......... 74% 8.31M 3s
2025-11-15 19:54:42 - wget stderr:  72600K .......... .......... .......... .......... .......... 74% 2.63M 3s
2025-11-15 19:54:42 - wget stderr:  72650K .......... .......... .......... .......... .......... 74% 13.8M 3s
2025-11-15 19:54:42 - wget stderr:  72700K .......... .......... .......... .......... .......... 74% 9.56M 3s
2025-11-15 19:54:42 - wget stderr:  72750K .......... .......... .......... .......... .......... 74% 7.85M 3s
2025-11-15 19:54:42 - wget stderr:  72800K .......... .......... .......... .......... .......... 74% 7.42M 3s
2025-11-15 19:54:42 - wget stderr:  72850K .......... .......... .......... .......... .......... 74% 2.24M 3s
2025-11-15 19:54:42 - wget stderr:  72900K .......... .......... .......... .......... .......... 74% 10.2M 3s
2025-11-15 19:54:42 - wget stderr:  72950K .......... .......... .......... .......... .......... 74% 6.92M 3s
2025-11-15 19:54:42 - wget stderr:  73000K .......... .......... .......... .......... .......... 74% 9.26M 3s
2025-11-15 19:54:42 - wget stderr:  73050K .......... .......... .......... .......... .......... 74% 7.13M 3s
2025-11-15 19:54:42 - wget stderr:  73100K .......... .......... .......... .......... .......... 74% 9.44M 3s
2025-11-15 19:54:42 - wget stderr:  73150K .......... .......... .......... .......... .......... 74% 2.68M 3s
2025-11-15 19:54:42 - wget stderr:  73200K .......... .......... .......... .......... .......... 74% 8.26M 3s
2025-11-15 19:54:42 - wget stderr:  73250K .......... .......... .......... .......... .......... 74% 8.86M 3s
2025-11-15 19:54:42 - wget stderr:  73300K .......... .......... .......... .......... .......... 74%  811K 3s
2025-11-15 19:54:42 - wget stderr:  73350K .......... .......... .......... .......... .......... 74% 9.38M 3s
2025-11-15 19:54:42 - wget stderr:  73400K .......... .......... .......... .......... .......... 75% 13.3M 3s
2025-11-15 19:54:42 - wget stderr:  73450K .......... .......... .......... .......... .......... 75%  194M 3s
2025-11-15 19:54:42 - wget stderr:  73500K .......... .......... .......... .......... .......... 75%  275M 3s
2025-11-15 19:54:42 - wget stderr:  73550K .......... .......... .......... .......... .......... 75%  238M 3s
2025-11-15 19:54:42 - wget stderr:  73600K .......... .......... .......... .......... .......... 75%  185M 3s
2025-11-15 19:54:42 - wget stderr:  73650K .......... .......... .......... .......... .......... 75% 59.9M 3s
2025-11-15 19:54:42 - wget stderr:  73700K .......... .......... .......... .......... .......... 75%  283M 3s
2025-11-15 19:54:42 - wget stderr:  73750K .......... .......... .......... .......... .......... 75%  461M 3s
2025-11-15 19:54:42 - wget stderr:  73800K .......... .......... .......... .......... .......... 75%  241M 3s
2025-11-15 19:54:42 - wget stderr:  73850K .......... .......... .......... .......... .......... 75% 68.1M 3s
2025-11-15 19:54:42 - wget stderr:  73900K .......... .......... .......... .......... .......... 75%  127M 3s
2025-11-15 19:54:42 - wget stderr:  73950K .......... .......... .......... .......... .......... 75% 6.86M 3s
2025-11-15 19:54:42 - wget stderr:  74000K .......... .......... .......... .......... .......... 75% 7.82M 3s
2025-11-15 19:54:42 - wget stderr:  74050K .......... .......... .......... .......... .......... 75% 9.59M 3s
2025-11-15 19:54:42 - wget stderr:  74100K .......... .......... .......... .......... .......... 75% 9.21M 3s
2025-11-15 19:54:42 - wget stderr:  74150K .......... .......... .......... .......... .......... 75% 9.56M 3s
2025-11-15 19:54:42 - wget stderr:  74200K .......... .......... .......... .......... .......... 75% 4.84M 3s
2025-11-15 19:54:42 - wget stderr:  74250K .......... .......... .......... .......... .......... 75% 28.4M 3s
2025-11-15 19:54:42 - wget stderr:  74300K .......... .......... .......... .......... .......... 75% 7.81M 3s
2025-11-15 19:54:42 - wget stderr:  74350K .......... .......... .......... .......... .......... 75% 5.07M 3s
2025-11-15 19:54:42 - wget stderr:  74400K .......... .......... .......... .......... .......... 76% 4.90M 3s
2025-11-15 19:54:42 - wget stderr:  74450K .......... .......... .......... .......... .......... 76% 13.4M 3s
2025-11-15 19:54:42 - wget stderr:  74500K .......... .......... .......... .......... .......... 76% 13.8M 3s
2025-11-15 19:54:42 - wget stderr:  74550K .......... .......... .......... .......... .......... 76% 14.4M 3s
2025-11-15 19:54:42 - wget stderr:  74600K .......... .......... .......... .......... .......... 76% 11.5M 3s
2025-11-15 19:54:42 - wget stderr:  74650K .......... .......... .......... .......... .......... 76% 7.28M 3s
2025-11-15 19:54:42 - wget stderr:  74700K .......... .......... .......... .......... .......... 76% 10.3M 3s
2025-11-15 19:54:42 - wget stderr:  74750K .......... .......... .......... .......... .......... 76% 9.43M 3s
2025-11-15 19:54:42 - wget stderr:  74800K .......... .......... .......... .......... .......... 76% 8.27M 3s
2025-11-15 19:54:42 - wget stderr:  74850K .......... .......... .......... .......... .......... 76% 8.20M 3s
2025-11-15 19:54:42 - wget stderr:  74900K .......... .......... .......... .......... .......... 76% 8.19M 3s
2025-11-15 19:54:42 - wget stderr:  74950K .......... .......... .......... .......... .......... 76% 8.86M 3s
2025-11-15 19:54:42 - wget stderr:  75000K .......... .......... .......... .......... .......... 76% 8.78M 3s
2025-11-15 19:54:42 - wget stderr:  75050K .......... .......... .......... .......... .......... 76% 8.58M 3s
2025-11-15 19:54:42 - wget stderr:  75100K .......... .......... .......... .......... .......... 76% 8.26M 3s
2025-11-15 19:54:42 - wget stderr:  75150K .......... .......... .......... .......... .......... 76% 8.09M 3s
2025-11-15 19:54:42 - wget stderr:  75200K .......... .......... .......... .......... .......... 76% 9.34M 3s
2025-11-15 19:54:42 - wget stderr:  75250K .......... .......... .......... .......... .......... 76% 6.86M 3s
2025-11-15 19:54:42 - wget stderr:  75300K .......... .......... .......... .......... .......... 76% 5.20M 3s
2025-11-15 19:54:42 - wget stderr:  75350K .......... .......... .......... .......... .......... 77% 89.3M 3s
2025-11-15 19:54:42 - wget stderr:  75400K .......... .......... .......... .......... .......... 77% 8.26M 3s
2025-11-15 19:54:42 - wget stderr:  75450K .......... .......... .......... .......... .......... 77% 8.51M 3s
2025-11-15 19:54:42 - wget stderr:  75500K .......... .......... .......... .......... .......... 77% 9.42M 3s
2025-11-15 19:54:42 - wget stderr:  75550K .......... .......... .......... .......... .......... 77% 8.07M 3s
2025-11-15 19:54:42 - wget stderr:  75600K .......... .......... .......... .......... .......... 77% 6.14M 3s
2025-11-15 19:54:42 - wget stderr:  75650K .......... .......... .......... .......... .......... 77% 14.8M 3s
2025-11-15 19:54:42 - wget stderr:  75700K .......... .......... .......... .......... .......... 77% 8.38M 3s
2025-11-15 19:54:42 - wget stderr:  75750K .......... .......... .......... .......... .......... 77% 7.93M 3s
2025-11-15 19:54:42 - wget stderr:  75800K .......... .......... .......... .......... .......... 77% 7.93M 3s
2025-11-15 19:54:42 - wget stderr:  75850K .......... .......... .......... .......... .......... 77% 9.48M 3s
2025-11-15 19:54:42 - wget stderr:  75900K .......... .......... .......... .......... .......... 77% 9.36M 3s
2025-11-15 19:54:42 - wget stderr:  75950K .......... .......... .......... .......... .......... 77% 8.19M 3s
2025-11-15 19:54:42 - wget stderr:  76000K .......... .......... .......... .......... .......... 77% 7.80M 3s
2025-11-15 19:54:42 - wget stderr:  76050K .......... .......... .......... .......... .......... 77% 9.15M 3s
2025-11-15 19:54:42 - wget stderr:  76100K .......... .......... .......... .......... .......... 77% 5.08M 3s
2025-11-15 19:54:42 - wget stderr:  76150K .......... .......... .......... .......... .......... 77% 11.7M 3s
2025-11-15 19:54:42 - wget stderr:  76200K .......... .......... .......... .......... .......... 77% 11.5M 3s
2025-11-15 19:54:42 - wget stderr:  76250K .......... .......... .......... .......... .......... 77% 10.4M 3s
2025-11-15 19:54:42 - wget stderr:  76300K .......... .......... .......... .......... .......... 77% 7.69M 3s
2025-11-15 19:54:42 - wget stderr:  76350K .......... .......... .......... .......... .......... 78% 8.80M 3s
2025-11-15 19:54:42 - wget stderr:  76400K .......... .......... .......... .......... .......... 78% 9.02M 3s
2025-11-15 19:54:42 - wget stderr:  76450K .......... .......... .......... .......... .......... 78% 8.54M 3s
2025-11-15 19:54:42 - wget stderr:  76500K .......... .......... .......... .......... .......... 78% 7.01M 3s
2025-11-15 19:54:42 - wget stderr:  76550K .......... .......... .......... .......... .......... 78% 7.44M 3s
2025-11-15 19:54:42 - wget stderr:  76600K .......... .......... .......... .......... .......... 78% 11.8M 3s
2025-11-15 19:54:42 - wget stderr:  76650K .......... .......... .......... .......... .......... 78% 9.22M 3s
2025-11-15 19:54:42 - wget stderr:  76700K .......... .......... .......... .......... .......... 78% 9.09M 3s
2025-11-15 19:54:42 - wget stderr:  76750K .......... .......... .......... .......... .......... 78% 8.09M 3s
2025-11-15 19:54:42 - wget stderr:  76800K .......... .......... .......... .......... .......... 78% 8.22M 3s
2025-11-15 19:54:42 - wget stderr:  76850K .......... .......... .......... .......... .......... 78% 9.08M 3s
2025-11-15 19:54:42 - wget stderr:  76900K .......... .......... .......... .......... .......... 78% 8.29M 3s
2025-11-15 19:54:42 - wget stderr:  76950K .......... .......... .......... .......... .......... 78% 8.20M 3s
2025-11-15 19:54:42 - wget stderr:  77000K .......... .......... .......... .......... .......... 78% 3.71M 3s
2025-11-15 19:54:42 - wget stderr:  77050K .......... .......... .......... .......... .......... 78%  140M 2s
2025-11-15 19:54:42 - wget stderr:  77100K .......... .......... .......... .......... .......... 78% 13.4M 2s
2025-11-15 19:54:42 - wget stderr:  77150K .......... .......... .......... .......... .......... 78% 9.94M 2s
2025-11-15 19:54:42 - wget stderr:  77200K .......... .......... .......... .......... .......... 78% 7.50M 2s
2025-11-15 19:54:42 - wget stderr:  77250K .......... .......... .......... .......... .......... 78% 8.60M 2s
2025-11-15 19:54:42 - wget stderr:  77300K .......... .......... .......... .......... .......... 79% 9.58M 2s
2025-11-15 19:54:42 - wget stderr:  77350K .......... .......... .......... .......... .......... 79% 8.23M 2s
2025-11-15 19:54:42 - wget stderr:  77400K .......... .......... .......... .......... .......... 79% 7.52M 2s
2025-11-15 19:54:42 - wget stderr:  77450K .......... .......... .......... .......... .......... 79% 9.71M 2s
2025-11-15 19:54:42 - wget stderr:  77500K .......... .......... .......... .......... .......... 79% 6.50M 2s
2025-11-15 19:54:42 - wget stderr:  77550K .......... .......... .......... .......... .......... 79% 10.6M 2s
2025-11-15 19:54:42 - wget stderr:  77600K .......... .......... .......... .......... .......... 79% 9.20M 2s
2025-11-15 19:54:42 - wget stderr:  77650K .......... .......... .......... .......... .......... 79% 8.29M 2s
2025-11-15 19:54:42 - wget stderr:  77700K .......... .......... .......... .......... .......... 79% 8.54M 2s
2025-11-15 19:54:42 - wget stderr:  77750K .......... .......... .......... .......... .......... 79% 5.03M 2s
2025-11-15 19:54:42 - wget stderr:  77800K .......... .......... .......... .......... .......... 79% 10.5M 2s
2025-11-15 19:54:42 - wget stderr:  77850K .......... .......... .......... .......... .......... 79% 9.84M 2s
2025-11-15 19:54:42 - wget stderr:  77900K .......... .......... .......... .......... .......... 79% 8.61M 2s
2025-11-15 19:54:42 - wget stderr:  77950K .......... .......... .......... .......... .......... 79% 9.23M 2s
2025-11-15 19:54:42 - wget stderr:  78000K .......... .......... .......... .......... .......... 79% 5.83M 2s
2025-11-15 19:54:42 - wget stderr:  78050K .......... .......... .......... .......... .......... 79% 9.21M 2s
2025-11-15 19:54:42 - wget stderr:  78100K .......... .......... .......... .......... .......... 79% 8.29M 2s
2025-11-15 19:54:42 - wget stderr:  78150K .......... .......... .......... .......... .......... 79% 9.15M 2s
2025-11-15 19:54:42 - wget stderr:  78200K .......... .......... .......... .......... .......... 79% 8.67M 2s
2025-11-15 19:54:42 - wget stderr:  78250K .......... .......... .......... .......... .......... 79% 6.10M 2s
2025-11-15 19:54:42 - wget stderr:  78300K .......... .......... .......... .......... .......... 80% 8.26M 2s
2025-11-15 19:54:42 - wget stderr:  78350K .......... .......... .......... .......... .......... 80% 8.94M 2s
2025-11-15 19:54:42 - wget stderr:  78400K .......... .......... .......... .......... .......... 80% 9.05M 2s
2025-11-15 19:54:42 - wget stderr:  78450K .......... .......... .......... .......... .......... 80% 9.06M 2s
2025-11-15 19:54:42 - wget stderr:  78500K .......... .......... .......... .......... .......... 80% 5.85M 2s
2025-11-15 19:54:42 - wget stderr:  78550K .......... .......... .......... .......... .......... 80% 9.34M 2s
2025-11-15 19:54:42 - wget stderr:  78600K .......... .......... .......... .......... .......... 80% 7.95M 2s
2025-11-15 19:54:42 - wget stderr:  78650K .......... .......... .......... .......... .......... 80% 8.45M 2s
2025-11-15 19:54:42 - wget stderr:  78700K .......... .......... .......... .......... .......... 80% 9.69M 2s
2025-11-15 19:54:42 - wget stderr:  78750K .......... .......... .......... .......... .......... 80% 5.81M 2s
2025-11-15 19:54:42 - wget stderr:  78800K .......... .......... .......... .......... .......... 80% 8.33M 2s
2025-11-15 19:54:42 - wget stderr:  78850K .......... .......... .......... .......... .......... 80% 6.10M 2s
2025-11-15 19:54:42 - wget stderr:  78900K .......... .......... .......... .......... .......... 80% 10.3M 2s
2025-11-15 19:54:42 - wget stderr:  78950K .......... .......... .......... .......... .......... 80% 15.5M 2s
2025-11-15 19:54:42 - wget stderr:  79000K .......... .......... .......... .......... .......... 80% 5.00M 2s
2025-11-15 19:54:42 - wget stderr:  79050K .......... .......... .......... .......... .......... 80% 10.5M 2s
2025-11-15 19:54:42 - wget stderr:  79100K .......... .......... .......... .......... .......... 80% 8.85M 2s
2025-11-15 19:54:42 - wget stderr:  79150K .......... .......... .......... .......... .......... 80% 9.52M 2s
2025-11-15 19:54:42 - wget stderr:  79200K .......... .......... .......... .......... .......... 80% 9.49M 2s
2025-11-15 19:54:42 - wget stderr:  79250K .......... .......... .......... .......... .......... 81% 5.46M 2s
2025-11-15 19:54:42 - wget stderr:  79300K .......... .......... .......... .......... .......... 81% 9.19M 2s
2025-11-15 19:54:42 - wget stderr:  79350K .......... .......... .......... .......... .......... 81% 9.59M 2s
2025-11-15 19:54:42 - wget stderr:  79400K .......... .......... .......... .......... .......... 81% 9.11M 2s
2025-11-15 19:54:42 - wget stderr:  79450K .......... .......... .......... .......... .......... 81% 8.38M 2s
2025-11-15 19:54:42 - wget stderr:  79500K .......... .......... .......... .......... .......... 81% 9.43M 2s
2025-11-15 19:54:42 - wget stderr:  79550K .......... .......... .......... .......... .......... 81% 3.99M 2s
2025-11-15 19:54:42 - wget stderr:  79600K .......... .......... .......... .......... .......... 81% 12.6M 2s
2025-11-15 19:54:42 - wget stderr:  79650K .......... .......... .......... .......... .......... 81% 12.0M 2s
2025-11-15 19:54:42 - wget stderr:  79700K .......... .......... .......... .......... .......... 81% 8.33M 2s
2025-11-15 19:54:42 - wget stderr:  79750K .......... .......... .......... .......... .......... 81% 8.49M 2s
2025-11-15 19:54:42 - wget stderr:  79800K .......... .......... .......... .......... .......... 81% 4.52M 2s
2025-11-15 19:54:42 - wget stderr:  79850K .......... .......... .......... .......... .......... 81% 14.2M 2s
2025-11-15 19:54:42 - wget stderr:  79900K .......... .......... .......... .......... .......... 81% 9.15M 2s
2025-11-15 19:54:42 - wget stderr:  79950K .......... .......... .......... .......... .......... 81% 9.04M 2s
2025-11-15 19:54:42 - wget stderr:  80000K .......... .......... .......... .......... .......... 81% 9.43M 2s
2025-11-15 19:54:42 - wget stderr:  80050K .......... .......... .......... .......... .......... 81% 6.44M 2s
2025-11-15 19:54:42 - wget stderr:  80100K .......... .......... .......... .......... .......... 81% 6.73M 2s
2025-11-15 19:54:42 - wget stderr:  80150K .......... .......... .......... .......... .......... 81% 8.17M 2s
2025-11-15 19:54:42 - wget stderr:  80200K .......... .......... .......... .......... .......... 81% 11.8M 2s
2025-11-15 19:54:42 - wget stderr:  80250K .......... .......... .......... .......... .......... 82% 9.67M 2s
2025-11-15 19:54:43 - wget stderr:  80300K .......... .......... .......... .......... .......... 82% 5.37M 2s
2025-11-15 19:54:43 - wget stderr:  80350K .......... .......... .......... .......... .......... 82% 9.92M 2s
2025-11-15 19:54:43 - wget stderr:  80400K .......... .......... .......... .......... .......... 82% 6.36M 2s
2025-11-15 19:54:43 - wget stderr:  80450K .......... .......... .......... .......... .......... 82% 10.2M 2s
2025-11-15 19:54:43 - wget stderr:  80500K .......... .......... .......... .......... .......... 82% 12.7M 2s
2025-11-15 19:54:43 - wget stderr:  80550K .......... .......... .......... .......... .......... 82% 5.01M 2s
2025-11-15 19:54:43 - wget stderr:  80600K .......... .......... .......... .......... .......... 82% 8.49M 2s
2025-11-15 19:54:43 - wget stderr:  80650K .......... .......... .......... .......... .......... 82% 5.46M 2s
2025-11-15 19:54:43 - wget stderr:  80700K .......... .......... .......... .......... .......... 82% 12.8M 2s
2025-11-15 19:54:43 - wget stderr:  80750K .......... .......... .......... .......... .......... 82% 7.13M 2s
2025-11-15 19:54:43 - wget stderr:  80800K .......... .......... .......... .......... .......... 82% 10.2M 2s
2025-11-15 19:54:43 - wget stderr:  80850K .......... .......... .......... .......... .......... 82% 8.34M 2s
2025-11-15 19:54:43 - wget stderr:  80900K .......... .......... .......... .......... .......... 82% 8.67M 2s
2025-11-15 19:54:43 - wget stderr:  80950K .......... .......... .......... .......... .......... 82% 7.17M 2s
2025-11-15 19:54:43 - wget stderr:  81000K .......... .......... .......... .......... .......... 82% 5.31M 2s
2025-11-15 19:54:43 - wget stderr:  81050K .......... .......... .......... .......... .......... 82% 16.9M 2s
2025-11-15 19:54:43 - wget stderr:  81100K .......... .......... .......... .......... .......... 82% 7.06M 2s
2025-11-15 19:54:43 - wget stderr:  81150K .......... .......... .......... .......... .......... 82% 9.28M 2s
2025-11-15 19:54:43 - wget stderr:  81200K .......... .......... .......... .......... .......... 82% 11.8M 2s
2025-11-15 19:54:43 - wget stderr:  81250K .......... .......... .......... .......... .......... 83% 6.34M 2s
2025-11-15 19:54:43 - wget stderr:  81300K .......... .......... .......... .......... .......... 83% 7.59M 2s
2025-11-15 19:54:43 - wget stderr:  81350K .......... .......... .......... .......... .......... 83% 10.2M 2s
2025-11-15 19:54:43 - wget stderr:  81400K .......... .......... .......... .......... .......... 83% 7.89M 2s
2025-11-15 19:54:43 - wget stderr:  81450K .......... .......... .......... .......... .......... 83% 7.79M 2s
2025-11-15 19:54:43 - wget stderr:  81500K .......... .......... .......... .......... .......... 83% 11.6M 2s
2025-11-15 19:54:43 - wget stderr:  81550K .......... .......... .......... .......... .......... 83% 5.73M 2s
2025-11-15 19:54:43 - wget stderr:  81600K .......... .......... .......... .......... .......... 83% 8.86M 2s
2025-11-15 19:54:43 - wget stderr:  81650K .......... .......... .......... .......... .......... 83% 6.80M 2s
2025-11-15 19:54:43 - wget stderr:  81700K .......... .......... .......... .......... .......... 83% 7.68M 2s
2025-11-15 19:54:43 - wget stderr:  81750K .......... .......... .......... .......... .......... 83% 15.2M 2s
2025-11-15 19:54:43 - wget stderr:  81800K .......... .......... .......... .......... .......... 83% 9.10M 2s
2025-11-15 19:54:43 - wget stderr:  81850K .......... .......... .......... .......... .......... 83% 3.77M 2s
2025-11-15 19:54:43 - wget stderr:  81900K .......... .......... .......... .......... .......... 83% 20.6M 2s
2025-11-15 19:54:43 - wget stderr:  81950K .......... .......... .......... .......... .......... 83% 13.3M 2s
2025-11-15 19:54:43 - wget stderr:  82000K .......... .......... .......... .......... .......... 83% 7.74M 2s
2025-11-15 19:54:43 - wget stderr:  82050K .......... .......... .......... .......... .......... 83% 10.1M 2s
2025-11-15 19:54:43 - wget stderr:  82100K .......... .......... .......... .......... .......... 83% 3.53M 2s
2025-11-15 19:54:43 - wget stderr:  82150K .......... .......... .......... .......... .......... 83% 21.2M 2s
2025-11-15 19:54:43 - wget stderr:  82200K .......... .......... .......... .......... .......... 84% 9.93M 2s
2025-11-15 19:54:43 - wget stderr:  82250K .......... .......... .......... .......... .......... 84% 9.04M 2s
2025-11-15 19:54:43 - wget stderr:  82300K .......... .......... .......... .......... .......... 84% 8.47M 2s
2025-11-15 19:54:43 - wget stderr:  82350K .......... .......... .......... .......... .......... 84% 6.44M 2s
2025-11-15 19:54:43 - wget stderr:  82400K .......... .......... .......... .......... .......... 84% 8.89M 2s
2025-11-15 19:54:43 - wget stderr:  82450K .......... .......... .......... .......... .......... 84% 6.42M 2s
2025-11-15 19:54:43 - wget stderr:  82500K .......... .......... .......... .......... .......... 84% 11.5M 2s
2025-11-15 19:54:43 - wget stderr:  82550K .......... .......... .......... .......... .......... 84% 11.2M 2s
2025-11-15 19:54:43 - wget stderr:  82600K .......... .......... .......... .......... .......... 84% 4.14M 2s
2025-11-15 19:54:43 - wget stderr:  82650K .......... .......... .......... .......... .......... 84% 11.4M 2s
2025-11-15 19:54:43 - wget stderr:  82700K .......... .......... .......... .......... .......... 84% 9.87M 2s
2025-11-15 19:54:43 - wget stderr:  82750K .......... .......... .......... .......... .......... 84% 7.22M 2s
2025-11-15 19:54:43 - wget stderr:  82800K .......... .......... .......... .......... .......... 84% 10.8M 2s
2025-11-15 19:54:43 - wget stderr:  82850K .......... .......... .......... .......... .......... 84% 6.87M 2s
2025-11-15 19:54:43 - wget stderr:  82900K .......... .......... .......... .......... .......... 84% 9.13M 2s
2025-11-15 19:54:43 - wget stderr:  82950K .......... .......... .......... .......... .......... 84% 4.22M 2s
2025-11-15 19:54:43 - wget stderr:  83000K .......... .......... .......... .......... .......... 84% 35.2M 2s
2025-11-15 19:54:43 - wget stderr:  83050K .......... .......... .......... .......... .......... 84% 10.7M 2s
2025-11-15 19:54:43 - wget stderr:  83100K .......... .......... .......... .......... .......... 84% 5.43M 2s
2025-11-15 19:54:43 - wget stderr:  83150K .......... .......... .......... .......... .......... 84% 6.59M 2s
2025-11-15 19:54:43 - wget stderr:  83200K .......... .......... .......... .......... .......... 85% 5.78M 2s
2025-11-15 19:54:43 - wget stderr:  83250K .......... .......... .......... .......... .......... 85% 5.96M 2s
2025-11-15 19:54:43 - wget stderr:  83300K .......... .......... .......... .......... .......... 85% 11.8M 2s
2025-11-15 19:54:43 - wget stderr:  83350K .......... .......... .......... .......... .......... 85% 14.5M 2s
2025-11-15 19:54:43 - wget stderr:  83400K .......... .......... .......... .......... .......... 85% 12.2M 2s
2025-11-15 19:54:43 - wget stderr:  83450K .......... .......... .......... .......... .......... 85% 9.31M 2s
2025-11-15 19:54:43 - wget stderr:  83500K .......... .......... .......... .......... .......... 85% 11.4M 2s
2025-11-15 19:54:43 - wget stderr:  83550K .......... .......... .......... .......... .......... 85% 5.14M 2s
2025-11-15 19:54:43 - wget stderr:  83600K .......... .......... .......... .......... .......... 85% 11.6M 2s
2025-11-15 19:54:43 - wget stderr:  83650K .......... .......... .......... .......... .......... 85% 8.54M 2s
2025-11-15 19:54:43 - wget stderr:  83700K .......... .......... .......... .......... .......... 85% 8.74M 2s
2025-11-15 19:54:43 - wget stderr:  83750K .......... .......... .......... .......... .......... 85% 7.90M 2s
2025-11-15 19:54:43 - wget stderr:  83800K .......... .......... .......... .......... .......... 85% 7.65M 2s
2025-11-15 19:54:43 - wget stderr:  83850K .......... .......... .......... .......... .......... 85% 12.0M 2s
2025-11-15 19:54:43 - wget stderr:  83900K .......... .......... .......... .......... .......... 85% 5.80M 2s
2025-11-15 19:54:43 - wget stderr:  83950K .......... .......... .......... .......... .......... 85% 8.00M 2s
2025-11-15 19:54:43 - wget stderr:  84000K .......... .......... .......... .......... .......... 85% 10.9M 2s
2025-11-15 19:54:43 - wget stderr:  84050K .......... .......... .......... .......... .......... 85% 8.46M 2s
2025-11-15 19:54:43 - wget stderr:  84100K .......... .......... .......... .......... .......... 85% 5.68M 2s
2025-11-15 19:54:43 - wget stderr:  84150K .......... .......... .......... .......... .......... 86% 7.28M 2s
2025-11-15 19:54:43 - wget stderr:  84200K .......... .......... .......... .......... .......... 86% 9.93M 2s
2025-11-15 19:54:43 - wget stderr:  84250K .......... .......... .......... .......... .......... 86% 9.34M 2s
2025-11-15 19:54:43 - wget stderr:  84300K .......... .......... .......... .......... .......... 86% 7.83M 2s
2025-11-15 19:54:43 - wget stderr:  84350K .......... .......... .......... .......... .......... 86% 8.43M 2s
2025-11-15 19:54:43 - wget stderr:  84400K .......... .......... .......... .......... .......... 86% 6.25M 2s
2025-11-15 19:54:43 - wget stderr:  84450K .......... .......... .......... .......... .......... 86% 10.3M 2s
2025-11-15 19:54:43 - wget stderr:  84500K .......... .......... .......... .......... .......... 86% 7.75M 2s
2025-11-15 19:54:43 - wget stderr:  84550K .......... .......... .......... .......... .......... 86% 10.3M 2s
2025-11-15 19:54:43 - wget stderr:  84600K .......... .......... .......... .......... .......... 86% 4.50M 2s
2025-11-15 19:54:43 - wget stderr:  84650K .......... .......... .......... .......... .......... 86% 9.46M 2s
2025-11-15 19:54:43 - wget stderr:  84700K .......... .......... .......... .......... .......... 86% 11.0M 2s
2025-11-15 19:54:43 - wget stderr:  84750K .......... .......... .......... .......... .......... 86% 8.10M 2s
2025-11-15 19:54:43 - wget stderr:  84800K .......... .......... .......... .......... .......... 86% 10.2M 2s
2025-11-15 19:54:43 - wget stderr:  84850K .......... .......... .......... .......... .......... 86% 7.82M 2s
2025-11-15 19:54:43 - wget stderr:  84900K .......... .......... .......... .......... .......... 86% 5.22M 2s
2025-11-15 19:54:43 - wget stderr:  84950K .......... .......... .......... .......... .......... 86% 12.3M 2s
2025-11-15 19:54:43 - wget stderr:  85000K .......... .......... .......... .......... .......... 86% 8.23M 2s
2025-11-15 19:54:43 - wget stderr:  85050K .......... .......... .......... .......... .......... 86% 8.26M 2s
2025-11-15 19:54:43 - wget stderr:  85100K .......... .......... .......... .......... .......... 86% 9.75M 2s
2025-11-15 19:54:43 - wget stderr:  85150K .......... .......... .......... .......... .......... 87% 6.21M 2s
2025-11-15 19:54:43 - wget stderr:  85200K .......... .......... .......... .......... .......... 87% 8.91M 2s
2025-11-15 19:54:43 - wget stderr:  85250K .......... .......... .......... .......... .......... 87% 7.68M 2s
2025-11-15 19:54:43 - wget stderr:  85300K .......... .......... .......... .......... .......... 87% 10.1M 2s
2025-11-15 19:54:43 - wget stderr:  85350K .......... .......... .......... .......... .......... 87% 6.40M 2s
2025-11-15 19:54:43 - wget stderr:  85400K .......... .......... .......... .......... .......... 87% 6.97M 1s
2025-11-15 19:54:43 - wget stderr:  85450K .......... .......... .......... .......... .......... 87% 9.00M 1s
2025-11-15 19:54:43 - wget stderr:  85500K .......... .......... .......... .......... .......... 87% 8.38M 1s
2025-11-15 19:54:43 - wget stderr:  85550K .......... .......... .......... .......... .......... 87% 11.3M 1s
2025-11-15 19:54:43 - wget stderr:  85600K .......... .......... .......... .......... .......... 87% 8.83M 1s
2025-11-15 19:54:43 - wget stderr:  85650K .......... .......... .......... .......... .......... 87% 5.98M 1s
2025-11-15 19:54:43 - wget stderr:  85700K .......... .......... .......... .......... .......... 87% 7.60M 1s
2025-11-15 19:54:43 - wget stderr:  85750K .......... .......... .......... .......... .......... 87% 8.81M 1s
2025-11-15 19:54:43 - wget stderr:  85800K .......... .......... .......... .......... .......... 87% 6.55M 1s
2025-11-15 19:54:43 - wget stderr:  85850K .......... .......... .......... .......... .......... 87% 17.1M 1s
2025-11-15 19:54:43 - wget stderr:  85900K .......... .......... .......... .......... .......... 87% 8.36M 1s
2025-11-15 19:54:43 - wget stderr:  85950K .......... .......... .......... .......... .......... 87% 5.98M 1s
2025-11-15 19:54:43 - wget stderr:  86000K .......... .......... .......... .......... .......... 87% 7.99M 1s
2025-11-15 19:54:43 - wget stderr:  86050K .......... .......... .......... .......... .......... 87% 9.05M 1s
2025-11-15 19:54:43 - wget stderr:  86100K .......... .......... .......... .......... .......... 87% 3.43M 1s
2025-11-15 19:54:43 - wget stderr:  86150K .......... .......... .......... .......... .......... 88% 69.6M 1s
2025-11-15 19:54:43 - wget stderr:  86200K .......... .......... .......... .......... .......... 88% 9.85M 1s
2025-11-15 19:54:43 - wget stderr:  86250K .......... .......... .......... .......... .......... 88% 9.09M 1s
2025-11-15 19:54:43 - wget stderr:  86300K .......... .......... .......... .......... .......... 88% 8.01M 1s
2025-11-15 19:54:43 - wget stderr:  86350K .......... .......... .......... .......... .......... 88% 12.3M 1s
2025-11-15 19:54:43 - wget stderr:  86400K .......... .......... .......... .......... .......... 88% 8.72M 1s
2025-11-15 19:54:43 - wget stderr:  86450K .......... .......... .......... .......... .......... 88% 5.14M 1s
2025-11-15 19:54:43 - wget stderr:  86500K .......... .......... .......... .......... .......... 88% 10.1M 1s
2025-11-15 19:54:43 - wget stderr:  86550K .......... .......... .......... .......... .......... 88% 8.70M 1s
2025-11-15 19:54:43 - wget stderr:  86600K .......... .......... .......... .......... .......... 88% 8.02M 1s
2025-11-15 19:54:43 - wget stderr:  86650K .......... .......... .......... .......... .......... 88% 9.33M 1s
2025-11-15 19:54:43 - wget stderr:  86700K .......... .......... .......... .......... .......... 88% 6.01M 1s
2025-11-15 19:54:43 - wget stderr:  86750K .......... .......... .......... .......... .......... 88% 8.50M 1s
2025-11-15 19:54:43 - wget stderr:  86800K .......... .......... .......... .......... .......... 88% 8.66M 1s
2025-11-15 19:54:43 - wget stderr:  86850K .......... .......... .......... .......... .......... 88% 9.16M 1s
2025-11-15 19:54:43 - wget stderr:  86900K .......... .......... .......... .......... .......... 88% 10.2M 1s
2025-11-15 19:54:43 - wget stderr:  86950K .......... .......... .......... .......... .......... 88% 4.84M 1s
2025-11-15 19:54:43 - wget stderr:  87000K .......... .......... .......... .......... .......... 88% 7.48M 1s
2025-11-15 19:54:43 - wget stderr:  87050K .......... .......... .......... .......... .......... 88% 5.54M 1s
2025-11-15 19:54:43 - wget stderr:  87100K .......... .......... .......... .......... .......... 89% 5.10M 1s
2025-11-15 19:54:43 - wget stderr:  87150K .......... .......... .......... .......... .......... 89% 13.1M 1s
2025-11-15 19:54:43 - wget stderr:  87200K .......... .......... .......... .......... .......... 89% 11.8M 1s
2025-11-15 19:54:43 - wget stderr:  87250K .......... .......... .......... .......... .......... 89% 15.3M 1s
2025-11-15 19:54:43 - wget stderr:  87300K .......... .......... .......... .......... .......... 89% 10.9M 1s
2025-11-15 19:54:43 - wget stderr:  87350K .......... .......... .......... .......... .......... 89% 8.35M 1s
2025-11-15 19:54:43 - wget stderr:  87400K .......... .......... .......... .......... .......... 89% 10.7M 1s
2025-11-15 19:54:43 - wget stderr:  87450K .......... .......... .......... .......... .......... 89% 3.22M 1s
2025-11-15 19:54:43 - wget stderr:  87500K .......... .......... .......... .......... .......... 89% 18.5M 1s
2025-11-15 19:54:43 - wget stderr:  87550K .......... .......... .......... .......... .......... 89% 13.9M 1s
2025-11-15 19:54:43 - wget stderr:  87600K .......... .......... .......... .......... .......... 89% 10.4M 1s
2025-11-15 19:54:43 - wget stderr:  87650K .......... .......... .......... .......... .......... 89% 10.4M 1s
2025-11-15 19:54:43 - wget stderr:  87700K .......... .......... .......... .......... .......... 89% 5.59M 1s
2025-11-15 19:54:43 - wget stderr:  87750K .......... .......... .......... .......... .......... 89% 8.46M 1s
2025-11-15 19:54:43 - wget stderr:  87800K .......... .......... .......... .......... .......... 89% 8.86M 1s
2025-11-15 19:54:43 - wget stderr:  87850K .......... .......... .......... .......... .......... 89% 9.39M 1s
2025-11-15 19:54:43 - wget stderr:  87900K .......... .......... .......... .......... .......... 89% 8.25M 1s
2025-11-15 19:54:43 - wget stderr:  87950K .......... .......... .......... .......... .......... 89% 6.75M 1s
2025-11-15 19:54:43 - wget stderr:  88000K .......... .......... .......... .......... .......... 89% 5.02M 1s
2025-11-15 19:54:43 - wget stderr:  88050K .......... .......... .......... .......... .......... 89% 19.6M 1s
2025-11-15 19:54:43 - wget stderr:  88100K .......... .......... .......... .......... .......... 90% 9.81M 1s
2025-11-15 19:54:43 - wget stderr:  88150K .......... .......... .......... .......... .......... 90% 7.97M 1s
2025-11-15 19:54:43 - wget stderr:  88200K .......... .......... .......... .......... .......... 90% 8.18M 1s
2025-11-15 19:54:43 - wget stderr:  88250K .......... .......... .......... .......... .......... 90% 6.17M 1s
2025-11-15 19:54:43 - wget stderr:  88300K .......... .......... .......... .......... .......... 90% 6.38M 1s
2025-11-15 19:54:43 - wget stderr:  88350K .......... .......... .......... .......... .......... 90% 10.9M 1s
2025-11-15 19:54:43 - wget stderr:  88400K .......... .......... .......... .......... .......... 90% 9.81M 1s
2025-11-15 19:54:43 - wget stderr:  88450K .......... .......... .......... .......... .......... 90% 8.77M 1s
2025-11-15 19:54:43 - wget stderr:  88500K .......... .......... .......... .......... .......... 90% 6.02M 1s
2025-11-15 19:54:44 - wget stderr:  88550K .......... .......... .......... .......... .......... 90% 3.44M 1s
2025-11-15 19:54:44 - wget stderr:  88600K .......... .......... .......... .......... .......... 90%  267M 1s
2025-11-15 19:54:44 - wget stderr:  88650K .......... .......... .......... .......... .......... 90% 21.0M 1s
2025-11-15 19:54:44 - wget stderr:  88700K .......... .......... .......... .......... .......... 90% 7.58M 1s
2025-11-15 19:54:44 - wget stderr:  88750K .......... .......... .......... .......... .......... 90% 5.72M 1s
2025-11-15 19:54:44 - wget stderr:  88800K .......... .......... .......... .......... .......... 90% 5.45M 1s
2025-11-15 19:54:44 - wget stderr:  88850K .......... .......... .......... .......... .......... 90% 14.7M 1s
2025-11-15 19:54:44 - wget stderr:  88900K .......... .......... .......... .......... .......... 90% 11.6M 1s
2025-11-15 19:54:44 - wget stderr:  88950K .......... .......... .......... .......... .......... 90% 12.4M 1s
2025-11-15 19:54:44 - wget stderr:  89000K .......... .......... .......... .......... .......... 90% 4.25M 1s
2025-11-15 19:54:44 - wget stderr:  89050K .......... .......... .......... .......... .......... 91% 4.71M 1s
2025-11-15 19:54:44 - wget stderr:  89100K .......... .......... .......... .......... .......... 91% 26.2M 1s
2025-11-15 19:54:44 - wget stderr:  89150K .......... .......... .......... .......... .......... 91% 13.4M 1s
2025-11-15 19:54:44 - wget stderr:  89200K .......... .......... .......... .......... .......... 91% 5.17M 1s
2025-11-15 19:54:44 - wget stderr:  89250K .......... .......... .......... .......... .......... 91% 5.88M 1s
2025-11-15 19:54:44 - wget stderr:  89300K .......... .......... .......... .......... .......... 91% 5.36M 1s
2025-11-15 19:54:44 - wget stderr:  89350K .......... .......... .......... .......... .......... 91%  256M 1s
2025-11-15 19:54:44 - wget stderr:  89400K .......... .......... .......... .......... .......... 91% 27.1M 1s
2025-11-15 19:54:44 - wget stderr:  89450K .......... .......... .......... .......... .......... 91% 10.5M 1s
2025-11-15 19:54:44 - wget stderr:  89500K .......... .......... .......... .......... .......... 91% 5.14M 1s
2025-11-15 19:54:44 - wget stderr:  89550K .......... .......... .......... .......... .......... 91% 9.21M 1s
2025-11-15 19:54:44 - wget stderr:  89600K .......... .......... .......... .......... .......... 91% 8.15M 1s
2025-11-15 19:54:44 - wget stderr:  89650K .......... .......... .......... .......... .......... 91% 2.97M 1s
2025-11-15 19:54:44 - wget stderr:  89700K .......... .......... .......... .......... .......... 91%  192M 1s
2025-11-15 19:54:44 - wget stderr:  89750K .......... .......... .......... .......... .......... 91%  785K 1s
2025-11-15 19:54:44 - wget stderr:  89800K .......... .......... .......... .......... .......... 91% 8.04M 1s
2025-11-15 19:54:44 - wget stderr:  89850K .......... .......... .......... .......... .......... 91% 9.41M 1s
2025-11-15 19:54:44 - wget stderr:  89900K .......... .......... .......... .......... .......... 91% 10.4M 1s
2025-11-15 19:54:44 - wget stderr:  89950K .......... .......... .......... .......... .......... 91% 8.97M 1s
2025-11-15 19:54:44 - wget stderr:  90000K .......... .......... .......... .......... .......... 91% 6.82M 1s
2025-11-15 19:54:44 - wget stderr:  90050K .......... .......... .......... .......... .......... 92% 8.89M 1s
2025-11-15 19:54:44 - wget stderr:  90100K .......... .......... .......... .......... .......... 92% 6.54M 1s
2025-11-15 19:54:44 - wget stderr:  90150K .......... .......... .......... .......... .......... 92% 16.0M 1s
2025-11-15 19:54:44 - wget stderr:  90200K .......... .......... .......... .......... .......... 92% 7.73M 1s
2025-11-15 19:54:44 - wget stderr:  90250K .......... .......... .......... .......... .......... 92% 8.86M 1s
2025-11-15 19:54:44 - wget stderr:  90300K .......... .......... .......... .......... .......... 92% 8.28M 1s
2025-11-15 19:54:44 - wget stderr:  90350K .......... .......... .......... .......... .......... 92% 9.50M 1s
2025-11-15 19:54:44 - wget stderr:  90400K .......... .......... .......... .......... .......... 92% 7.80M 1s
2025-11-15 19:54:44 - wget stderr:  90450K .......... .......... .......... .......... .......... 92% 9.68M 1s
2025-11-15 19:54:44 - wget stderr:  90500K .......... .......... .......... .......... .......... 92% 8.65M 1s
2025-11-15 19:54:44 - wget stderr:  90550K .......... .......... .......... .......... .......... 92% 8.47M 1s
2025-11-15 19:54:44 - wget stderr:  90600K .......... .......... .......... .......... .......... 92% 3.47M 1s
2025-11-15 19:54:44 - wget stderr:  90650K .......... .......... .......... .......... .......... 92% 7.34M 1s
2025-11-15 19:54:44 - wget stderr:  90700K .......... .......... .......... .......... .......... 92% 9.69M 1s
2025-11-15 19:54:44 - wget stderr:  90750K .......... .......... .......... .......... .......... 92% 15.6M 1s
2025-11-15 19:54:44 - wget stderr:  90800K .......... .......... .......... .......... .......... 92% 15.4M 1s
2025-11-15 19:54:44 - wget stderr:  90850K .......... .......... .......... .......... .......... 92% 14.7M 1s
2025-11-15 19:54:44 - wget stderr:  90900K .......... .......... .......... .......... .......... 92% 5.93M 1s
2025-11-15 19:54:44 - wget stderr:  90950K .......... .......... .......... .......... .......... 92% 19.1M 1s
2025-11-15 19:54:44 - wget stderr:  91000K .......... .......... .......... .......... .......... 93% 9.36M 1s
2025-11-15 19:54:44 - wget stderr:  91050K .......... .......... .......... .......... .......... 93% 8.24M 1s
2025-11-15 19:54:44 - wget stderr:  91100K .......... .......... .......... .......... .......... 93% 8.39M 1s
2025-11-15 19:54:44 - wget stderr:  91150K .......... .......... .......... .......... .......... 93% 6.46M 1s
2025-11-15 19:54:44 - wget stderr:  91200K .......... .......... .......... .......... .......... 93% 12.6M 1s
2025-11-15 19:54:44 - wget stderr:  91250K .......... .......... .......... .......... .......... 93% 8.49M 1s
2025-11-15 19:54:44 - wget stderr:  91300K .......... .......... .......... .......... .......... 93% 8.43M 1s
2025-11-15 19:54:44 - wget stderr:  91350K .......... .......... .......... .......... .......... 93% 8.44M 1s
2025-11-15 19:54:44 - wget stderr:  91400K .......... .......... .......... .......... .......... 93% 9.01M 1s
2025-11-15 19:54:44 - wget stderr:  91450K .......... .......... .......... .......... .......... 93% 3.76M 1s
2025-11-15 19:54:44 - wget stderr:  91500K .......... .......... .......... .......... .......... 93%  127M 1s
2025-11-15 19:54:44 - wget stderr:  91550K .......... .......... .......... .......... .......... 93% 11.4M 1s
2025-11-15 19:54:44 - wget stderr:  91600K .......... .......... .......... .......... .......... 93% 8.58M 1s
2025-11-15 19:54:44 - wget stderr:  91650K .......... .......... .......... .......... .......... 93% 8.70M 1s
2025-11-15 19:54:44 - wget stderr:  91700K .......... .......... .......... .......... .......... 93% 9.51M 1s
2025-11-15 19:54:44 - wget stderr:  91750K .......... .......... .......... .......... .......... 93% 7.24M 1s
2025-11-15 19:54:44 - wget stderr:  91800K .......... .......... .......... .......... .......... 93% 8.19M 1s
2025-11-15 19:54:44 - wget stderr:  91850K .......... .......... .......... .......... .......... 93% 9.21M 1s
2025-11-15 19:54:44 - wget stderr:  91900K .......... .......... .......... .......... .......... 93% 8.88M 1s
2025-11-15 19:54:44 - wget stderr:  91950K .......... .......... .......... .......... .......... 93% 7.64M 1s
2025-11-15 19:54:44 - wget stderr:  92000K .......... .......... .......... .......... .......... 94% 10.2M 1s
2025-11-15 19:54:44 - wget stderr:  92050K .......... .......... .......... .......... .......... 94% 8.83M 1s
2025-11-15 19:54:44 - wget stderr:  92100K .......... .......... .......... .......... .......... 94% 7.46M 1s
2025-11-15 19:54:44 - wget stderr:  92150K .......... .......... .......... .......... .......... 94% 9.44M 1s
2025-11-15 19:54:44 - wget stderr:  92200K .......... .......... .......... .......... .......... 94% 8.15M 1s
2025-11-15 19:54:44 - wget stderr:  92250K .......... .......... .......... .......... .......... 94% 5.02M 1s
2025-11-15 19:54:44 - wget stderr:  92300K .......... .......... .......... .......... .......... 94% 13.5M 1s
2025-11-15 19:54:44 - wget stderr:  92350K .......... .......... .......... .......... .......... 94% 14.3M 1s
2025-11-15 19:54:44 - wget stderr:  92400K .......... .......... .......... .......... .......... 94% 8.09M 1s
2025-11-15 19:54:44 - wget stderr:  92450K .......... .......... .......... .......... .......... 94% 8.56M 1s
2025-11-15 19:54:44 - wget stderr:  92500K .......... .......... .......... .......... .......... 94% 8.72M 1s
2025-11-15 19:54:44 - wget stderr:  92550K .......... .......... .......... .......... .......... 94% 6.95M 1s
2025-11-15 19:54:44 - wget stderr:  92600K .......... .......... .......... .......... .......... 94% 11.7M 1s
2025-11-15 19:54:44 - wget stderr:  92650K .......... .......... .......... .......... .......... 94% 8.44M 1s
2025-11-15 19:54:44 - wget stderr:  92700K .......... .......... .......... .......... .......... 94% 7.02M 1s
2025-11-15 19:54:44 - wget stderr:  92750K .......... .......... .......... .......... .......... 94% 10.4M 1s
2025-11-15 19:54:44 - wget stderr:  92800K .......... .......... .......... .......... .......... 94% 8.39M 1s
2025-11-15 19:54:44 - wget stderr:  92850K .......... .......... .......... .......... .......... 94% 8.87M 1s
2025-11-15 19:54:44 - wget stderr:  92900K .......... .......... .......... .......... .......... 94% 8.26M 1s
2025-11-15 19:54:44 - wget stderr:  92950K .......... .......... .......... .......... .......... 94% 8.12M 1s
2025-11-15 19:54:44 - wget stderr:  93000K .......... .......... .......... .......... .......... 95% 5.29M 1s
2025-11-15 19:54:44 - wget stderr:  93050K .......... .......... .......... .......... .......... 95% 18.4M 1s
2025-11-15 19:54:44 - wget stderr:  93100K .......... .......... .......... .......... .......... 95% 9.68M 1s
2025-11-15 19:54:44 - wget stderr:  93150K .......... .......... .......... .......... .......... 95% 9.31M 1s
2025-11-15 19:54:44 - wget stderr:  93200K .......... .......... .......... .......... .......... 95% 8.28M 1s
2025-11-15 19:54:44 - wget stderr:  93250K .......... .......... .......... .......... .......... 95% 8.42M 1s
2025-11-15 19:54:44 - wget stderr:  93300K .......... .......... .......... .......... .......... 95% 8.06M 1s
2025-11-15 19:54:44 - wget stderr:  93350K .......... .......... .......... .......... .......... 95% 9.13M 1s
2025-11-15 19:54:44 - wget stderr:  93400K .......... .......... .......... .......... .......... 95% 8.57M 1s
2025-11-15 19:54:44 - wget stderr:  93450K .......... .......... .......... .......... .......... 95% 6.04M 1s
2025-11-15 19:54:44 - wget stderr:  93500K .......... .......... .......... .......... .......... 95% 14.4M 1s
2025-11-15 19:54:44 - wget stderr:  93550K .......... .......... .......... .......... .......... 95% 7.61M 1s
2025-11-15 19:54:44 - wget stderr:  93600K .......... .......... .......... .......... .......... 95% 5.35M 1s
2025-11-15 19:54:44 - wget stderr:  93650K .......... .......... .......... .......... .......... 95% 11.1M 1s
2025-11-15 19:54:44 - wget stderr:  93700K .......... .......... .......... .......... .......... 95% 14.9M 1s
2025-11-15 19:54:44 - wget stderr:  93750K .......... .......... .......... .......... .......... 95% 7.03M 0s
2025-11-15 19:54:44 - wget stderr:  93800K .......... .......... .......... .......... .......... 95% 10.8M 0s
2025-11-15 19:54:44 - wget stderr:  93850K .......... .......... .......... .......... .......... 95% 7.50M 0s
2025-11-15 19:54:44 - wget stderr:  93900K .......... .......... .......... .......... .......... 95% 8.92M 0s
2025-11-15 19:54:44 - wget stderr:  93950K .......... .......... .......... .......... .......... 96% 9.16M 0s
2025-11-15 19:54:44 - wget stderr:  94000K .......... .......... .......... .......... .......... 96% 8.57M 0s
2025-11-15 19:54:44 - wget stderr:  94050K .......... .......... .......... .......... .......... 96% 8.64M 0s
2025-11-15 19:54:44 - wget stderr:  94100K .......... .......... .......... .......... .......... 96% 8.04M 0s
2025-11-15 19:54:44 - wget stderr:  94150K .......... .......... .......... .......... .......... 96% 5.67M 0s
2025-11-15 19:54:44 - wget stderr:  94200K .......... .......... .......... .......... .......... 96% 16.6M 0s
2025-11-15 19:54:44 - wget stderr:  94250K .......... .......... .......... .......... .......... 96% 8.85M 0s
2025-11-15 19:54:44 - wget stderr:  94300K .......... .......... .......... .......... .......... 96% 8.13M 0s
2025-11-15 19:54:44 - wget stderr:  94350K .......... .......... .......... .......... .......... 96% 8.69M 0s
2025-11-15 19:54:44 - wget stderr:  94400K .......... .......... .......... .......... .......... 96% 8.13M 0s
2025-11-15 19:54:44 - wget stderr:  94450K .......... .......... .......... .......... .......... 96% 9.61M 0s
2025-11-15 19:54:44 - wget stderr:  94500K .......... .......... .......... .......... .......... 96% 5.84M 0s
2025-11-15 19:54:44 - wget stderr:  94550K .......... .......... .......... .......... .......... 96% 15.0M 0s
2025-11-15 19:54:44 - wget stderr:  94600K .......... .......... .......... .......... .......... 96% 8.03M 0s
2025-11-15 19:54:44 - wget stderr:  94650K .......... .......... .......... .......... .......... 96% 8.08M 0s
2025-11-15 19:54:44 - wget stderr:  94700K .......... .......... .......... .......... .......... 96% 8.99M 0s
2025-11-15 19:54:44 - wget stderr:  94750K .......... .......... .......... .......... .......... 96% 4.31M 0s
2025-11-15 19:54:44 - wget stderr:  94800K .......... .......... .......... .......... .......... 96% 68.4M 0s
2025-11-15 19:54:44 - wget stderr:  94850K .......... .......... .......... .......... .......... 96% 8.16M 0s
2025-11-15 19:54:44 - wget stderr:  94900K .......... .......... .......... .......... .......... 96% 10.6M 0s
2025-11-15 19:54:44 - wget stderr:  94950K .......... .......... .......... .......... .......... 97% 9.02M 0s
2025-11-15 19:54:44 - wget stderr:  95000K .......... .......... .......... .......... .......... 97% 8.56M 0s
2025-11-15 19:54:44 - wget stderr:  95050K .......... .......... .......... .......... .......... 97% 7.67M 0s
2025-11-15 19:54:44 - wget stderr:  95100K .......... .......... .......... .......... .......... 97% 9.14M 0s
2025-11-15 19:54:44 - wget stderr:  95150K .......... .......... .......... .......... .......... 97% 6.34M 0s
2025-11-15 19:54:44 - wget stderr:  95200K .......... .......... .......... .......... .......... 97% 12.1M 0s
2025-11-15 19:54:44 - wget stderr:  95250K .......... .......... .......... .......... .......... 97% 6.79M 0s
2025-11-15 19:54:44 - wget stderr:  95300K .......... .......... .......... .......... .......... 97% 6.35M 0s
2025-11-15 19:54:44 - wget stderr:  95350K .......... .......... .......... .......... .......... 97% 3.87M 0s
2025-11-15 19:54:44 - wget stderr:  95400K .......... .......... .......... .......... .......... 97% 15.1M 0s
2025-11-15 19:54:44 - wget stderr:  95450K .......... .......... .......... .......... .......... 97% 19.1M 0s
2025-11-15 19:54:44 - wget stderr:  95500K .......... .......... .......... .......... .......... 97% 18.5M 0s
2025-11-15 19:54:44 - wget stderr:  95550K .......... .......... .......... .......... .......... 97% 12.2M 0s
2025-11-15 19:54:44 - wget stderr:  95600K .......... .......... .......... .......... .......... 97% 8.50M 0s
2025-11-15 19:54:44 - wget stderr:  95650K .......... .......... .......... .......... .......... 97% 8.66M 0s
2025-11-15 19:54:44 - wget stderr:  95700K .......... .......... .......... .......... .......... 97% 8.79M 0s
2025-11-15 19:54:44 - wget stderr:  95750K .......... .......... .......... .......... .......... 97% 8.42M 0s
2025-11-15 19:54:44 - wget stderr:  95800K .......... .......... .......... .......... .......... 97% 8.49M 0s
2025-11-15 19:54:44 - wget stderr:  95850K .......... .......... .......... .......... .......... 97% 6.48M 0s
2025-11-15 19:54:44 - wget stderr:  95900K .......... .......... .......... .......... .......... 98% 12.0M 0s
2025-11-15 19:54:44 - wget stderr:  95950K .......... .......... .......... .......... .......... 98% 8.88M 0s
2025-11-15 19:54:44 - wget stderr:  96000K .......... .......... .......... .......... .......... 98% 6.41M 0s
2025-11-15 19:54:44 - wget stderr:  96050K .......... .......... .......... .......... .......... 98% 8.93M 0s
2025-11-15 19:54:44 - wget stderr:  96100K .......... .......... .......... .......... .......... 98% 9.11M 0s
2025-11-15 19:54:44 - wget stderr:  96150K .......... .......... .......... .......... .......... 98% 10.7M 0s
2025-11-15 19:54:44 - wget stderr:  96200K .......... .......... .......... .......... .......... 98% 8.37M 0s
2025-11-15 19:54:44 - wget stderr:  96250K .......... .......... .......... .......... .......... 98% 5.54M 0s
2025-11-15 19:54:44 - wget stderr:  96300K .......... .......... .......... .......... .......... 98% 13.7M 0s
2025-11-15 19:54:44 - wget stderr:  96350K .......... .......... .......... .......... .......... 98% 7.71M 0s
2025-11-15 19:54:44 - wget stderr:  96400K .......... .......... .......... .......... .......... 98% 10.8M 0s
2025-11-15 19:54:44 - wget stderr:  96450K .......... .......... .......... .......... .......... 98% 9.34M 0s
2025-11-15 19:54:44 - wget stderr:  96500K .......... .......... .......... .......... .......... 98% 8.35M 0s
2025-11-15 19:54:44 - wget stderr:  96550K .......... .......... .......... .......... .......... 98% 8.37M 0s
2025-11-15 19:54:44 - wget stderr:  96600K .......... .......... .......... .......... .......... 98% 7.59M 0s
2025-11-15 19:54:45 - wget stderr:  96650K .......... .......... .......... .......... .......... 98% 9.05M 0s
2025-11-15 19:54:45 - wget stderr:  96700K .......... .......... .......... .......... .......... 98% 6.85M 0s
2025-11-15 19:54:45 - wget stderr:  96750K .......... .......... .......... .......... .......... 98% 6.13M 0s
2025-11-15 19:54:45 - wget stderr:  96800K .......... .......... .......... .......... .......... 98% 13.4M 0s
2025-11-15 19:54:45 - wget stderr:  96850K .......... .......... .......... .......... .......... 98% 10.5M 0s
2025-11-15 19:54:45 - wget stderr:  96900K .......... .......... .......... .......... .......... 99% 7.75M 0s
2025-11-15 19:54:45 - wget stderr:  96950K .......... .......... .......... .......... .......... 99% 10.6M 0s
2025-11-15 19:54:45 - wget stderr:  97000K .......... .......... .......... .......... .......... 99% 7.22M 0s
2025-11-15 19:54:45 - wget stderr:  97050K .......... .......... .......... .......... .......... 99% 9.98M 0s
2025-11-15 19:54:45 - wget stderr:  97100K .......... .......... .......... .......... .......... 99% 8.54M 0s
2025-11-15 19:54:45 - wget stderr:  97150K .......... .......... .......... .......... .......... 99% 4.05M 0s
2025-11-15 19:54:45 - wget stderr:  97200K .......... .......... .......... .......... .......... 99% 95.6M 0s
2025-11-15 19:54:45 - wget stderr:  97250K .......... .......... .......... .......... .......... 99% 10.3M 0s
2025-11-15 19:54:45 - wget stderr:  97300K .......... .......... .......... .......... .......... 99% 8.99M 0s
2025-11-15 19:54:45 - wget stderr:  97350K .......... .......... .......... .......... .......... 99% 8.61M 0s
2025-11-15 19:54:45 - wget stderr:  97400K .......... .......... .......... .......... .......... 99% 7.92M 0s
2025-11-15 19:54:45 - wget stderr:  97450K .......... .......... .......... .......... .......... 99% 6.52M 0s
2025-11-15 19:54:45 - wget stderr:  97500K .......... .......... .......... .......... .......... 99% 9.67M 0s
2025-11-15 19:54:45 - wget stderr:  97550K .......... .......... .......... .......... .......... 99% 11.2M 0s
2025-11-15 19:54:45 - wget stderr:  97600K .......... .......... .......... .......... .......... 99% 7.99M 0s
2025-11-15 19:54:45 - wget stderr:  97650K .......... .......... .......... .......... .......... 99% 8.52M 0s
2025-11-15 19:54:45 - wget stderr:  97700K .......... .......... .......... .......... .......... 99% 8.99M 0s
2025-11-15 19:54:45 - wget stderr:  97750K .......... .......... .......... .......... .......... 99% 8.34M 0s
2025-11-15 19:54:45 - wget stderr:  97800K .......... .......... .......... .......... .......... 99% 8.14M 0s
2025-11-15 19:54:45 - wget stderr:  97850K .......... .......... .......... .......... .......... 99% 8.82M 0s
2025-11-15 19:54:45 - wget stderr:  97900K                                                       100% 3.54G=12s
2025-11-15 19:54:45 - wget stderr: 
2025-11-15 19:54:45 - wget stderr: 2025-11-15 19:54:45 (8.12 MB/s) - 'C:/Users/rdesktop1/AppData/Local/Temp/DXDownloads/directx_Jun2010_redist.zip' saved [100249790/100249790]
2025-11-15 19:54:45 - wget stderr: 
2025-11-15 19:54:45 - Download complete.
2025-11-15 19:54:45 - Extraction complete.
2025-11-15 19:55:25 - DirectX installation finished with exit code: 0
2025-11-15 19:55:25 - Launching VC++ installer...
2025-11-15 19:55:25 - Downloading ZIP from http://retrobat.ovh/repo/win64/prerequisites/vcredist2005_x64.zip...
2025-11-15 19:55:25 - wget stderr: --2025-11-15 19:55:25--  http://retrobat.ovh/repo/win64/prerequisites/vcredist2005_x64.zip
2025-11-15 19:55:25 - wget stderr: Resolving retrobat.ovh (retrobat.ovh)... 109.234.164.84
2025-11-15 19:55:25 - wget stderr: Connecting to retrobat.ovh (retrobat.ovh)|109.234.164.84|:80... connected.
2025-11-15 19:55:26 - wget stderr: HTTP request sent, awaiting response... 200 OK
2025-11-15 19:55:26 - wget stderr: Length: 3134024 (3.0M) [application/zip]
2025-11-15 19:55:26 - wget stderr: Saving to: 'C:/Users/rdesktop1/AppData/Local/Temp/VCDownloads/vcredist2005_x64.zip'
2025-11-15 19:55:26 - wget stderr: 
2025-11-15 19:55:26 - wget stderr:      0K .......... .......... .......... .......... ..........  1%  718K 4s
2025-11-15 19:55:26 - wget stderr:     50K .......... .......... .......... .......... ..........  3% 1.53M 3s
2025-11-15 19:55:26 - wget stderr:    100K .......... .......... .......... .......... ..........  4% 7.37M 2s
2025-11-15 19:55:26 - wget stderr:    150K .......... .......... .......... .......... ..........  6% 9.00M 2s
2025-11-15 19:55:26 - wget stderr:    200K .......... .......... .......... .......... ..........  8% 1.92M 2s
2025-11-15 19:55:26 - wget stderr:    250K .......... .......... .......... .......... ..........  9% 7.52M 1s
2025-11-15 19:55:26 - wget stderr:    300K .......... .......... .......... .......... .......... 11% 11.9M 1s
2025-11-15 19:55:26 - wget stderr:    350K .......... .......... .......... .......... .......... 13% 7.46M 1s
2025-11-15 19:55:26 - wget stderr:    400K .......... .......... .......... .......... .......... 14% 3.96M 1s
2025-11-15 19:55:26 - wget stderr:    450K .......... .......... .......... .......... .......... 16% 4.94M 1s
2025-11-15 19:55:26 - wget stderr:    500K .......... .......... .......... .......... .......... 17% 17.0M 1s
2025-11-15 19:55:26 - wget stderr:    550K .......... .......... .......... .......... .......... 19% 11.0M 1s
2025-11-15 19:55:26 - wget stderr:    600K .......... .......... .......... .......... .......... 21% 8.19M 1s
2025-11-15 19:55:26 - wget stderr:    650K .......... .......... .......... .......... .......... 22% 6.96M 1s
2025-11-15 19:55:26 - wget stderr:    700K .......... .......... .......... .......... .......... 24% 5.51M 1s
2025-11-15 19:55:26 - wget stderr:    750K .......... .......... .......... .......... .......... 26% 11.2M 1s
2025-11-15 19:55:26 - wget stderr:    800K .......... .......... .......... .......... .......... 27% 11.2M 1s
2025-11-15 19:55:26 - wget stderr:    850K .......... .......... .......... .......... .......... 29% 8.22M 1s
2025-11-15 19:55:26 - wget stderr:    900K .......... .......... .......... .......... .......... 31% 8.52M 1s
2025-11-15 19:55:26 - wget stderr:    950K .......... .......... .......... .......... .......... 32% 8.89M 0s
2025-11-15 19:55:26 - wget stderr:   1000K .......... .......... .......... .......... .......... 34% 6.94M 0s
2025-11-15 19:55:26 - wget stderr:   1050K .......... .......... .......... .......... .......... 35% 11.4M 0s
2025-11-15 19:55:26 - wget stderr:   1100K .......... .......... .......... .......... .......... 37% 8.07M 0s
2025-11-15 19:55:26 - wget stderr:   1150K .......... .......... .......... .......... .......... 39% 8.30M 0s
2025-11-15 19:55:26 - wget stderr:   1200K .......... .......... .......... .......... .......... 40% 9.09M 0s
2025-11-15 19:55:26 - wget stderr:   1250K .......... .......... .......... .......... .......... 42% 8.63M 0s
2025-11-15 19:55:26 - wget stderr:   1300K .......... .......... .......... .......... .......... 44% 8.50M 0s
2025-11-15 19:55:26 - wget stderr:   1350K .......... .......... .......... .......... .......... 45% 6.65M 0s
2025-11-15 19:55:26 - wget stderr:   1400K .......... .......... .......... .......... .......... 47% 7.65M 0s
2025-11-15 19:55:26 - wget stderr:   1450K .......... .......... .......... .......... .......... 49% 15.3M 0s
2025-11-15 19:55:26 - wget stderr:   1500K .......... .......... .......... .......... .......... 50% 8.46M 0s
2025-11-15 19:55:26 - wget stderr:   1550K .......... .......... .......... .......... .......... 52% 8.08M 0s
2025-11-15 19:55:26 - wget stderr:   1600K .......... .......... .......... .......... .......... 53% 6.10M 0s
2025-11-15 19:55:26 - wget stderr:   1650K .......... .......... .......... .......... .......... 55% 15.3M 0s
2025-11-15 19:55:26 - wget stderr:   1700K .......... .......... .......... .......... .......... 57%  560K 0s
2025-11-15 19:55:26 - wget stderr:   1750K .......... .......... .......... .......... .......... 58% 7.46M 0s
2025-11-15 19:55:26 - wget stderr:   1800K .......... .......... .......... .......... .......... 60% 11.4M 0s
2025-11-15 19:55:26 - wget stderr:   1850K .......... .......... .......... .......... .......... 62% 8.10M 0s
2025-11-15 19:55:26 - wget stderr:   1900K .......... .......... .......... .......... .......... 63% 9.89M 0s
2025-11-15 19:55:26 - wget stderr:   1950K .......... .......... .......... .......... .......... 65% 7.95M 0s
2025-11-15 19:55:26 - wget stderr:   2000K .......... .......... .......... .......... .......... 66% 1.29M 0s
2025-11-15 19:55:26 - wget stderr:   2050K .......... .......... .......... .......... .......... 68% 69.0M 0s
2025-11-15 19:55:26 - wget stderr:   2100K .......... .......... .......... .......... .......... 70%  129M 0s
2025-11-15 19:55:26 - wget stderr:   2150K .......... .......... .......... .......... .......... 71%  179M 0s
2025-11-15 19:55:26 - wget stderr:   2200K .......... .......... .......... .......... .......... 73% 80.6M 0s
2025-11-15 19:55:26 - wget stderr:   2250K .......... .......... .......... .......... .......... 75%  298M 0s
2025-11-15 19:55:26 - wget stderr:   2300K .......... .......... .......... .......... .......... 76%  144M 0s
2025-11-15 19:55:26 - wget stderr:   2350K .......... .......... .......... .......... .......... 78% 82.4M 0s
2025-11-15 19:55:26 - wget stderr:   2400K .......... .......... .......... .......... .......... 80%  118M 0s
2025-11-15 19:55:26 - wget stderr:   2450K .......... .......... .......... .......... .......... 81% 82.2M 0s
2025-11-15 19:55:26 - wget stderr:   2500K .......... .......... .......... .......... .......... 83% 72.1M 0s
2025-11-15 19:55:26 - wget stderr:   2550K .......... .......... .......... .......... .......... 84% 90.4M 0s
2025-11-15 19:55:26 - wget stderr:   2600K .......... .......... .......... .......... .......... 86% 84.3M 0s
2025-11-15 19:55:26 - wget stderr:   2650K .......... .......... .......... .......... .......... 88%  175M 0s
2025-11-15 19:55:26 - wget stderr:   2700K .......... .......... .......... .......... .......... 89%  193M 0s
2025-11-15 19:55:26 - wget stderr:   2750K .......... .......... .......... .......... .......... 91% 78.4M 0s
2025-11-15 19:55:26 - wget stderr:   2800K .......... .......... .......... .......... .......... 93%  224M 0s
2025-11-15 19:55:26 - wget stderr:   2850K .......... .......... .......... .......... .......... 94% 78.9M 0s
2025-11-15 19:55:26 - wget stderr:   2900K .......... .......... .......... .......... .......... 96%  153M 0s
2025-11-15 19:55:26 - wget stderr:   2950K .......... .......... .......... .......... .......... 98%  121M 0s
2025-11-15 19:55:26 - wget stderr:   3000K .......... .......... .......... .......... .......... 99% 2.19M 0s
2025-11-15 19:55:26 - wget stderr:   3050K ..........                                            100% 8.74M=0.5s
2025-11-15 19:55:26 - wget stderr: 
2025-11-15 19:55:26 - wget stderr: 2025-11-15 19:55:26 (5.97 MB/s) - 'C:/Users/rdesktop1/AppData/Local/Temp/VCDownloads/vcredist2005_x64.zip' saved [3134024/3134024]
2025-11-15 19:55:26 - wget stderr: 
2025-11-15 19:55:26 - Download and extraction complete.
2025-11-15 19:55:26 - Extraction complete.
2025-11-15 19:55:26 - Running installer: C:\Users\rdesktop1\AppData\Local\Temp\VCDownloads\vcredist2005_x64\vcredist2005_x64.exe /q
2025-11-15 19:55:32 - Installer finished with code 0
2025-11-15 19:55:32 - Downloading ZIP from http://retrobat.ovh/repo/win64/prerequisites/vcredist2005_x86.zip...
2025-11-15 19:55:32 - wget stderr: --2025-11-15 19:55:32--  http://retrobat.ovh/repo/win64/prerequisites/vcredist2005_x86.zip
2025-11-15 19:55:32 - wget stderr: Resolving retrobat.ovh (retrobat.ovh)... 109.234.164.84
2025-11-15 19:55:32 - wget stderr: Connecting to retrobat.ovh (retrobat.ovh)|109.234.164.84|:80... connected.
2025-11-15 19:55:32 - wget stderr: HTTP request sent, awaiting response... 200 OK
2025-11-15 19:55:32 - wget stderr: Length: 2665992 (2.5M) [application/zip]
2025-11-15 19:55:32 - wget stderr: Saving to: 'C:/Users/rdesktop1/AppData/Local/Temp/VCDownloads/vcredist2005_x86.zip'
2025-11-15 19:55:32 - wget stderr: 
2025-11-15 19:55:32 - wget stderr:      0K .......... .......... .......... .......... ..........  1%  740K 3s
2025-11-15 19:55:32 - wget stderr:     50K .......... .......... .......... .......... ..........  3% 1.70M 2s
2025-11-15 19:55:32 - wget stderr:    100K .......... .......... .......... .......... ..........  5% 8.29M 2s
2025-11-15 19:55:32 - wget stderr:    150K .......... .......... .......... .......... ..........  7% 7.94M 1s
2025-11-15 19:55:32 - wget stderr:    200K .......... .......... .......... .......... ..........  9% 2.07M 1s
2025-11-15 19:55:32 - wget stderr:    250K .......... .......... .......... .......... .......... 11% 7.47M 1s
2025-11-15 19:55:32 - wget stderr:    300K .......... .......... .......... .......... .......... 13% 10.5M 1s
2025-11-15 19:55:32 - wget stderr:    350K .......... .......... .......... .......... .......... 15% 8.74M 1s
2025-11-15 19:55:32 - wget stderr:    400K .......... .......... .......... .......... .......... 17% 4.50M 1s
2025-11-15 19:55:32 - wget stderr:    450K .......... .......... .......... .......... .......... 19% 10.4M 1s
2025-11-15 19:55:32 - wget stderr:    500K .......... .......... .......... .......... .......... 21% 8.49M 1s
2025-11-15 19:55:32 - wget stderr:    550K .......... .......... .......... .......... .......... 23% 6.19M 1s
2025-11-15 19:55:32 - wget stderr:    600K .......... .......... .......... .......... .......... 24% 10.2M 1s
2025-11-15 19:55:32 - wget stderr:    650K .......... .......... .......... .......... .......... 26% 8.31M 1s
2025-11-15 19:55:32 - wget stderr:    700K .......... .......... .......... .......... .......... 28% 8.68M 0s
2025-11-15 19:55:32 - wget stderr:    750K .......... .......... .......... .......... .......... 30% 8.92M 0s
2025-11-15 19:55:32 - wget stderr:    800K .......... .......... .......... .......... .......... 32% 7.81M 0s
2025-11-15 19:55:32 - wget stderr:    850K .......... .......... .......... .......... .......... 34% 7.81M 0s
2025-11-15 19:55:32 - wget stderr:    900K .......... .......... .......... .......... .......... 36% 7.69M 0s
2025-11-15 19:55:32 - wget stderr:    950K .......... .......... .......... .......... .......... 38% 12.3M 0s
2025-11-15 19:55:32 - wget stderr:   1000K .......... .......... .......... .......... .......... 40% 6.85M 0s
2025-11-15 19:55:32 - wget stderr:   1050K .......... .......... .......... .......... .......... 42% 11.3M 0s
2025-11-15 19:55:32 - wget stderr:   1100K .......... .......... .......... .......... .......... 44% 7.42M 0s
2025-11-15 19:55:32 - wget stderr:   1150K .......... .......... .......... .......... .......... 46% 5.29M 0s
2025-11-15 19:55:32 - wget stderr:   1200K .......... .......... .......... .......... .......... 48% 5.43M 0s
2025-11-15 19:55:32 - wget stderr:   1250K .......... .......... .......... .......... .......... 49% 5.00M 0s
2025-11-15 19:55:32 - wget stderr:   1300K .......... .......... .......... .......... .......... 51% 14.3M 0s
2025-11-15 19:55:32 - wget stderr:   1350K .......... .......... .......... .......... .......... 53% 16.2M 0s
2025-11-15 19:55:32 - wget stderr:   1400K .......... .......... .......... .......... .......... 55% 14.3M 0s
2025-11-15 19:55:32 - wget stderr:   1450K .......... .......... .......... .......... .......... 57% 16.8M 0s
2025-11-15 19:55:32 - wget stderr:   1500K .......... .......... .......... .......... .......... 59% 10.3M 0s
2025-11-15 19:55:32 - wget stderr:   1550K .......... .......... .......... .......... .......... 61% 10.4M 0s
2025-11-15 19:55:32 - wget stderr:   1600K .......... .......... .......... .......... .......... 63% 7.75M 0s
2025-11-15 19:55:32 - wget stderr:   1650K .......... .......... .......... .......... .......... 65% 9.17M 0s
2025-11-15 19:55:32 - wget stderr:   1700K .......... .......... .......... .......... .......... 67% 7.66M 0s
2025-11-15 19:55:32 - wget stderr:   1750K .......... .......... .......... .......... .......... 69% 9.49M 0s
2025-11-15 19:55:32 - wget stderr:   1800K .......... .......... .......... .......... .......... 71% 8.97M 0s
2025-11-15 19:55:32 - wget stderr:   1850K .......... .......... .......... .......... .......... 72% 7.29M 0s
2025-11-15 19:55:32 - wget stderr:   1900K .......... .......... .......... .......... .......... 74% 8.70M 0s
2025-11-15 19:55:32 - wget stderr:   1950K .......... .......... .......... .......... .......... 76% 9.57M 0s
2025-11-15 19:55:32 - wget stderr:   2000K .......... .......... .......... .......... .......... 78% 7.19M 0s
2025-11-15 19:55:32 - wget stderr:   2050K .......... .......... .......... .......... .......... 80%  821K 0s
2025-11-15 19:55:32 - wget stderr:   2100K .......... .......... .......... .......... .......... 82%  146M 0s
2025-11-15 19:55:32 - wget stderr:   2150K .......... .......... .......... .......... .......... 84%  107M 0s
2025-11-15 19:55:32 - wget stderr:   2200K .......... .......... .......... .......... .......... 86% 28.9M 0s
2025-11-15 19:55:32 - wget stderr:   2250K .......... .......... .......... .......... .......... 88% 42.7M 0s
2025-11-15 19:55:32 - wget stderr:   2300K .......... .......... .......... .......... .......... 90%  130M 0s
2025-11-15 19:55:32 - wget stderr:   2350K .......... .......... .......... .......... .......... 92% 43.8M 0s
2025-11-15 19:55:32 - wget stderr:   2400K .......... .......... .......... .......... .......... 94% 95.4M 0s
2025-11-15 19:55:32 - wget stderr:   2450K .......... .......... .......... .......... .......... 96%  144M 0s
2025-11-15 19:55:32 - wget stderr:   2500K .......... .......... .......... .......... .......... 97% 2.58M 0s
2025-11-15 19:55:32 - wget stderr:   2550K .......... .......... .......... .......... .......... 99% 14.5M 0s
2025-11-15 19:55:32 - wget stderr:   2600K ...                                                   100% 66.9G=0.4s
2025-11-15 19:55:32 - wget stderr: 
2025-11-15 19:55:32 - wget stderr: 2025-11-15 19:55:32 (5.88 MB/s) - 'C:/Users/rdesktop1/AppData/Local/Temp/VCDownloads/vcredist2005_x86.zip' saved [2665992/2665992]
2025-11-15 19:55:32 - wget stderr: 
2025-11-15 19:55:32 - Download and extraction complete.
2025-11-15 19:55:32 - Extraction complete.
2025-11-15 19:55:32 - Running installer: C:\Users\rdesktop1\AppData\Local\Temp\VCDownloads\vcredist2005_x86\vcredist2005_x86.exe /q
2025-11-15 19:55:38 - Installer finished with code 0
2025-11-15 19:55:38 - Downloading ZIP from http://retrobat.ovh/repo/win64/prerequisites/vcredist2008_x64.zip...
2025-11-15 19:55:38 - wget stderr: --2025-11-15 19:55:38--  http://retrobat.ovh/repo/win64/prerequisites/vcredist2008_x64.zip
2025-11-15 19:55:38 - wget stderr: Resolving retrobat.ovh (retrobat.ovh)... 109.234.164.84
2025-11-15 19:55:38 - wget stderr: Connecting to retrobat.ovh (retrobat.ovh)|109.234.164.84|:80... connected.
2025-11-15 19:55:38 - wget stderr: HTTP request sent, awaiting response... 200 OK
2025-11-15 19:55:38 - wget stderr: Length: 5187173 (4.9M) [application/zip]
2025-11-15 19:55:38 - wget stderr: Saving to: 'C:/Users/rdesktop1/AppData/Local/Temp/VCDownloads/vcredist2008_x64.zip'
2025-11-15 19:55:38 - wget stderr: 
2025-11-15 19:55:38 - wget stderr:      0K .......... .......... .......... .......... ..........  0%  816K 6s
2025-11-15 19:55:38 - wget stderr:     50K .......... .......... .......... .......... ..........  1% 1.37M 5s
2025-11-15 19:55:38 - wget stderr:    100K .......... .......... .......... .......... ..........  2% 9.95M 3s
2025-11-15 19:55:38 - wget stderr:    150K .......... .......... .......... .......... ..........  3% 4.52M 3s
2025-11-15 19:55:38 - wget stderr:    200K .......... .......... .......... .......... ..........  4% 2.31M 3s
2025-11-15 19:55:38 - wget stderr:    250K .......... .......... .......... .......... ..........  5% 3.81M 2s
2025-11-15 19:55:38 - wget stderr:    300K .......... .......... .......... .......... ..........  6% 11.9M 2s
2025-11-15 19:55:38 - wget stderr:    350K .......... .......... .......... .......... ..........  7% 10.0M 2s
2025-11-15 19:55:38 - wget stderr:    400K .......... .......... .......... .......... ..........  8% 11.3M 2s
2025-11-15 19:55:38 - wget stderr:    450K .......... .......... .......... .......... ..........  9% 7.61M 2s
2025-11-15 19:55:38 - wget stderr:    500K .......... .......... .......... .......... .......... 10% 4.88M 1s
2025-11-15 19:55:38 - wget stderr:    550K .......... .......... .......... .......... .......... 11% 4.56M 1s
2025-11-15 19:55:38 - wget stderr:    600K .......... .......... .......... .......... .......... 12% 7.81M 1s
2025-11-15 19:55:38 - wget stderr:    650K .......... .......... .......... .......... .......... 13% 4.59M 1s
2025-11-15 19:55:38 - wget stderr:    700K .......... .......... .......... .......... .......... 14% 37.8M 1s
2025-11-15 19:55:38 - wget stderr:    750K .......... .......... .......... .......... .......... 15% 9.98M 1s
2025-11-15 19:55:38 - wget stderr:    800K .......... .......... .......... .......... .......... 16% 11.4M 1s
2025-11-15 19:55:38 - wget stderr:    850K .......... .......... .......... .......... .......... 17% 8.60M 1s
2025-11-15 19:55:38 - wget stderr:    900K .......... .......... .......... .......... .......... 18% 8.58M 1s
2025-11-15 19:55:38 - wget stderr:    950K .......... .......... .......... .......... .......... 19% 7.29M 1s
2025-11-15 19:55:38 - wget stderr:   1000K .......... .......... .......... .......... .......... 20% 6.20M 1s
2025-11-15 19:55:38 - wget stderr:   1050K .......... .......... .......... .......... .......... 21% 6.60M 1s
2025-11-15 19:55:38 - wget stderr:   1100K .......... .......... .......... .......... .......... 22% 5.62M 1s
2025-11-15 19:55:38 - wget stderr:   1150K .......... .......... .......... .......... .......... 23% 15.5M 1s
2025-11-15 19:55:38 - wget stderr:   1200K .......... .......... .......... .......... .......... 24% 15.4M 1s
2025-11-15 19:55:38 - wget stderr:   1250K .......... .......... .......... .......... .......... 25% 11.8M 1s
2025-11-15 19:55:38 - wget stderr:   1300K .......... .......... .......... .......... .......... 26% 9.87M 1s
2025-11-15 19:55:38 - wget stderr:   1350K .......... .......... .......... .......... .......... 27% 6.29M 1s
2025-11-15 19:55:38 - wget stderr:   1400K .......... .......... .......... .......... .......... 28% 11.4M 1s
2025-11-15 19:55:38 - wget stderr:   1450K .......... .......... .......... .......... .......... 29% 10.4M 1s
2025-11-15 19:55:38 - wget stderr:   1500K .......... .......... .......... .......... .......... 30% 9.08M 1s
2025-11-15 19:55:38 - wget stderr:   1550K .......... .......... .......... .......... .......... 31% 5.94M 1s
2025-11-15 19:55:38 - wget stderr:   1600K .......... .......... .......... .......... .......... 32%  581K 1s
2025-11-15 19:55:38 - wget stderr:   1650K .......... .......... .......... .......... .......... 33% 8.68M 1s
2025-11-15 19:55:38 - wget stderr:   1700K .......... .......... .......... .......... .......... 34% 9.16M 1s
2025-11-15 19:55:38 - wget stderr:   1750K .......... .......... .......... .......... .......... 35% 13.3M 1s
2025-11-15 19:55:38 - wget stderr:   1800K .......... .......... .......... .......... .......... 36% 8.17M 1s
2025-11-15 19:55:38 - wget stderr:   1850K .......... .......... .......... .......... .......... 37%  141M 1s
2025-11-15 19:55:38 - wget stderr:   1900K .......... .......... .......... .......... .......... 38%  127M 1s
2025-11-15 19:55:38 - wget stderr:   1950K .......... .......... .......... .......... .......... 39%  165M 1s
2025-11-15 19:55:38 - wget stderr:   2000K .......... .......... .......... .......... .......... 40%  214M 1s
2025-11-15 19:55:38 - wget stderr:   2050K .......... .......... .......... .......... .......... 41%  116M 1s
2025-11-15 19:55:38 - wget stderr:   2100K .......... .......... .......... .......... .......... 42%  225M 1s
2025-11-15 19:55:38 - wget stderr:   2150K .......... .......... .......... .......... .......... 43% 9.92M 1s
2025-11-15 19:55:38 - wget stderr:   2200K .......... .......... .......... .......... .......... 44% 48.1M 1s
2025-11-15 19:55:38 - wget stderr:   2250K .......... .......... .......... .......... .......... 45%  148M 1s
2025-11-15 19:55:38 - wget stderr:   2300K .......... .......... .......... .......... .......... 46%  208M 0s
2025-11-15 19:55:38 - wget stderr:   2350K .......... .......... .......... .......... .......... 47% 33.2M 0s
2025-11-15 19:55:38 - wget stderr:   2400K .......... .......... .......... .......... .......... 48%  151M 0s
2025-11-15 19:55:38 - wget stderr:   2450K .......... .......... .......... .......... .......... 49%  193M 0s
2025-11-15 19:55:38 - wget stderr:   2500K .......... .......... .......... .......... .......... 50%  187M 0s
2025-11-15 19:55:38 - wget stderr:   2550K .......... .......... .......... .......... .......... 51%  221M 0s
2025-11-15 19:55:38 - wget stderr:   2600K .......... .......... .......... .......... .......... 52% 57.0M 0s
2025-11-15 19:55:38 - wget stderr:   2650K .......... .......... .......... .......... .......... 53% 9.04M 0s
2025-11-15 19:55:38 - wget stderr:   2700K .......... .......... .......... .......... .......... 54% 8.50M 0s
2025-11-15 19:55:38 - wget stderr:   2750K .......... .......... .......... .......... .......... 55% 8.23M 0s
2025-11-15 19:55:38 - wget stderr:   2800K .......... .......... .......... .......... .......... 56% 7.30M 0s
2025-11-15 19:55:38 - wget stderr:   2850K .......... .......... .......... .......... .......... 57% 9.63M 0s
2025-11-15 19:55:38 - wget stderr:   2900K .......... .......... .......... .......... .......... 58% 8.50M 0s
2025-11-15 19:55:38 - wget stderr:   2950K .......... .......... .......... .......... .......... 59% 8.25M 0s
2025-11-15 19:55:38 - wget stderr:   3000K .......... .......... .......... .......... .......... 60% 8.99M 0s
2025-11-15 19:55:38 - wget stderr:   3050K .......... .......... .......... .......... .......... 61% 8.79M 0s
2025-11-15 19:55:38 - wget stderr:   3100K .......... .......... .......... .......... .......... 62% 8.32M 0s
2025-11-15 19:55:38 - wget stderr:   3150K .......... .......... .......... .......... .......... 63% 5.11M 0s
2025-11-15 19:55:38 - wget stderr:   3200K .......... .......... .......... .......... .......... 64% 26.4M 0s
2025-11-15 19:55:38 - wget stderr:   3250K .......... .......... .......... .......... .......... 65% 6.19M 0s
2025-11-15 19:55:38 - wget stderr:   3300K .......... .......... .......... .......... .......... 66% 13.0M 0s
2025-11-15 19:55:38 - wget stderr:   3350K .......... .......... .......... .......... .......... 67% 8.55M 0s
2025-11-15 19:55:38 - wget stderr:   3400K .......... .......... .......... .......... .......... 68% 6.71M 0s
2025-11-15 19:55:38 - wget stderr:   3450K .......... .......... .......... .......... .......... 69% 11.2M 0s
2025-11-15 19:55:38 - wget stderr:   3500K .......... .......... .......... .......... .......... 70% 9.32M 0s
2025-11-15 19:55:38 - wget stderr:   3550K .......... .......... .......... .......... .......... 71% 7.85M 0s
2025-11-15 19:55:38 - wget stderr:   3600K .......... .......... .......... .......... .......... 72% 9.21M 0s
2025-11-15 19:55:38 - wget stderr:   3650K .......... .......... .......... .......... .......... 73% 8.11M 0s
2025-11-15 19:55:38 - wget stderr:   3700K .......... .......... .......... .......... .......... 74% 8.01M 0s
2025-11-15 19:55:38 - wget stderr:   3750K .......... .......... .......... .......... .......... 75% 10.3M 0s
2025-11-15 19:55:38 - wget stderr:   3800K .......... .......... .......... .......... .......... 76% 7.98M 0s
2025-11-15 19:55:38 - wget stderr:   3850K .......... .......... .......... .......... .......... 76% 8.00M 0s
2025-11-15 19:55:38 - wget stderr:   3900K .......... .......... .......... .......... .......... 77% 8.82M 0s
2025-11-15 19:55:38 - wget stderr:   3950K .......... .......... .......... .......... .......... 78% 8.32M 0s
2025-11-15 19:55:38 - wget stderr:   4000K .......... .......... .......... .......... .......... 79% 9.12M 0s
2025-11-15 19:55:38 - wget stderr:   4050K .......... .......... .......... .......... .......... 80% 3.66M 0s
2025-11-15 19:55:38 - wget stderr:   4100K .......... .......... .......... .......... .......... 81% 76.1M 0s
2025-11-15 19:55:38 - wget stderr:   4150K .......... .......... .......... .......... .......... 82% 13.6M 0s
2025-11-15 19:55:38 - wget stderr:   4200K .......... .......... .......... .......... .......... 83% 9.20M 0s
2025-11-15 19:55:38 - wget stderr:   4250K .......... .......... .......... .......... .......... 84% 6.91M 0s
2025-11-15 19:55:38 - wget stderr:   4300K .......... .......... .......... .......... .......... 85% 9.03M 0s
2025-11-15 19:55:38 - wget stderr:   4350K .......... .......... .......... .......... .......... 86% 11.0M 0s
2025-11-15 19:55:38 - wget stderr:   4400K .......... .......... .......... .......... .......... 87% 8.10M 0s
2025-11-15 19:55:38 - wget stderr:   4450K .......... .......... .......... .......... .......... 88% 8.69M 0s
2025-11-15 19:55:38 - wget stderr:   4500K .......... .......... .......... .......... .......... 89% 5.93M 0s
2025-11-15 19:55:38 - wget stderr:   4550K .......... .......... .......... .......... .......... 90% 12.6M 0s
2025-11-15 19:55:38 - wget stderr:   4600K .......... .......... .......... .......... .......... 91% 10.1M 0s
2025-11-15 19:55:38 - wget stderr:   4650K .......... .......... .......... .......... .......... 92% 8.59M 0s
2025-11-15 19:55:38 - wget stderr:   4700K .......... .......... .......... .......... .......... 93% 7.44M 0s
2025-11-15 19:55:38 - wget stderr:   4750K .......... .......... .......... .......... .......... 94% 7.88M 0s
2025-11-15 19:55:38 - wget stderr:   4800K .......... .......... .......... .......... .......... 95% 9.03M 0s
2025-11-15 19:55:38 - wget stderr:   4850K .......... .......... .......... .......... .......... 96% 9.12M 0s
2025-11-15 19:55:38 - wget stderr:   4900K .......... .......... .......... .......... .......... 97% 8.47M 0s
2025-11-15 19:55:38 - wget stderr:   4950K .......... .......... .......... .......... .......... 98% 8.84M 0s
2025-11-15 19:55:38 - wget stderr:   5000K .......... .......... .......... .......... .......... 99% 8.90M 0s
2025-11-15 19:55:38 - wget stderr:   5050K .......... .....                                      100% 7.34M=0.7s
2025-11-15 19:55:38 - wget stderr: 
2025-11-15 19:55:38 - wget stderr: 2025-11-15 19:55:38 (7.09 MB/s) - 'C:/Users/rdesktop1/AppData/Local/Temp/VCDownloads/vcredist2008_x64.zip' saved [5187173/5187173]
2025-11-15 19:55:38 - wget stderr: 
2025-11-15 19:55:38 - Download and extraction complete.
2025-11-15 19:55:38 - Extraction complete.
2025-11-15 19:55:38 - Running installer: C:\Users\rdesktop1\AppData\Local\Temp\VCDownloads\vcredist2008_x64\vcredist2008_x64.exe /qb
2025-11-15 19:55:42 - Installer finished with code 0
2025-11-15 19:55:42 - Downloading ZIP from http://retrobat.ovh/repo/win64/prerequisites/vcredist2008_x86.zip...
2025-11-15 19:55:42 - wget stderr: --2025-11-15 19:55:42--  http://retrobat.ovh/repo/win64/prerequisites/vcredist2008_x86.zip
2025-11-15 19:55:42 - wget stderr: Resolving retrobat.ovh (retrobat.ovh)... 109.234.164.84
2025-11-15 19:55:42 - wget stderr: Connecting to retrobat.ovh (retrobat.ovh)|109.234.164.84|:80... connected.
2025-11-15 19:55:42 - wget stderr: HTTP request sent, awaiting response... 200 OK
2025-11-15 19:55:42 - wget stderr: Length: 4461135 (4.3M) [application/zip]
2025-11-15 19:55:42 - wget stderr: Saving to: 'C:/Users/rdesktop1/AppData/Local/Temp/VCDownloads/vcredist2008_x86.zip'
2025-11-15 19:55:42 - wget stderr: 
2025-11-15 19:55:42 - wget stderr:      0K .......... .......... .......... .......... ..........  1%  759K 6s
2025-11-15 19:55:42 - wget stderr:     50K .......... .......... .......... .......... ..........  2% 1.64M 4s
2025-11-15 19:55:42 - wget stderr:    100K .......... .......... .......... .......... ..........  3% 6.18M 3s
2025-11-15 19:55:42 - wget stderr:    150K .......... .......... .......... .......... ..........  4% 6.70M 2s
2025-11-15 19:55:43 - wget stderr:    200K .......... .......... .......... .......... ..........  5% 2.32M 2s
2025-11-15 19:55:43 - wget stderr:    250K .......... .......... .......... .......... ..........  6% 5.58M 2s
2025-11-15 19:55:43 - wget stderr:    300K .......... .......... .......... .......... ..........  8% 13.5M 2s
2025-11-15 19:55:43 - wget stderr:    350K .......... .......... .......... .......... ..........  9% 8.38M 1s
2025-11-15 19:55:43 - wget stderr:    400K .......... .......... .......... .......... .......... 10% 6.07M 1s
2025-11-15 19:55:43 - wget stderr:    450K .......... .......... .......... .......... .......... 11% 9.06M 1s
2025-11-15 19:55:43 - wget stderr:    500K .......... .......... .......... .......... .......... 12% 3.81M 1s
2025-11-15 19:55:43 - wget stderr:    550K .......... .......... .......... .......... .......... 13% 10.1M 1s
2025-11-15 19:55:43 - wget stderr:    600K .......... .......... .......... .......... .......... 14% 5.03M 1s
2025-11-15 19:55:43 - wget stderr:    650K .......... .......... .......... .......... .......... 16% 11.2M 1s
2025-11-15 19:55:43 - wget stderr:    700K .......... .......... .......... .......... .......... 17% 10.2M 1s
2025-11-15 19:55:43 - wget stderr:    750K .......... .......... .......... .......... .......... 18% 4.89M 1s
2025-11-15 19:55:43 - wget stderr:    800K .......... .......... .......... .......... .......... 19% 38.9M 1s
2025-11-15 19:55:43 - wget stderr:    850K .......... .......... .......... .......... .......... 20% 8.53M 1s
2025-11-15 19:55:43 - wget stderr:    900K .......... .......... .......... .......... .......... 21% 7.73M 1s
2025-11-15 19:55:43 - wget stderr:    950K .......... .......... .......... .......... .......... 22% 6.43M 1s
2025-11-15 19:55:43 - wget stderr:   1000K .......... .......... .......... .......... .......... 24% 11.1M 1s
2025-11-15 19:55:43 - wget stderr:   1050K .......... .......... .......... .......... .......... 25% 9.77M 1s
2025-11-15 19:55:43 - wget stderr:   1100K .......... .......... .......... .......... .......... 26% 7.89M 1s
2025-11-15 19:55:43 - wget stderr:   1150K .......... .......... .......... .......... .......... 27% 6.44M 1s
2025-11-15 19:55:43 - wget stderr:   1200K .......... .......... .......... .......... .......... 28% 16.0M 1s
2025-11-15 19:55:43 - wget stderr:   1250K .......... .......... .......... .......... .......... 29% 8.82M 1s
2025-11-15 19:55:43 - wget stderr:   1300K .......... .......... .......... .......... .......... 30% 8.33M 1s
2025-11-15 19:55:43 - wget stderr:   1350K .......... .......... .......... .......... .......... 32% 8.81M 1s
2025-11-15 19:55:43 - wget stderr:   1400K .......... .......... .......... .......... .......... 33% 7.90M 1s
2025-11-15 19:55:43 - wget stderr:   1450K .......... .......... .......... .......... .......... 34% 8.10M 1s
2025-11-15 19:55:43 - wget stderr:   1500K .......... .......... .......... .......... .......... 35% 9.31M 1s
2025-11-15 19:55:43 - wget stderr:   1550K .......... .......... .......... .......... .......... 36% 6.96M 1s
2025-11-15 19:55:43 - wget stderr:   1600K .......... .......... .......... .......... .......... 37% 8.55M 0s
2025-11-15 19:55:43 - wget stderr:   1650K .......... .......... .......... .......... .......... 39%  582K 1s
2025-11-15 19:55:43 - wget stderr:   1700K .......... .......... .......... .......... .......... 40% 7.11M 1s
2025-11-15 19:55:43 - wget stderr:   1750K .......... .......... .......... .......... .......... 41% 11.5M 1s
2025-11-15 19:55:43 - wget stderr:   1800K .......... .......... .......... .......... .......... 42% 18.6M 1s
2025-11-15 19:55:43 - wget stderr:   1850K .......... .......... .......... .......... .......... 43%  166M 1s
2025-11-15 19:55:43 - wget stderr:   1900K .......... .......... .......... .......... .......... 44% 43.6M 1s
2025-11-15 19:55:43 - wget stderr:   1950K .......... .......... .......... .......... .......... 45% 45.3M 0s
2025-11-15 19:55:43 - wget stderr:   2000K .......... .......... .......... .......... .......... 47%  218M 0s
2025-11-15 19:55:43 - wget stderr:   2050K .......... .......... .......... .......... .......... 48%  198M 0s
2025-11-15 19:55:43 - wget stderr:   2100K .......... .......... .......... .......... .......... 49%  166M 0s
2025-11-15 19:55:43 - wget stderr:   2150K .......... .......... .......... .......... .......... 50% 5.26M 0s
2025-11-15 19:55:43 - wget stderr:   2200K .......... .......... .......... .......... .......... 51% 7.61M 0s
2025-11-15 19:55:43 - wget stderr:   2250K .......... .......... .......... .......... .......... 52%  103M 0s
2025-11-15 19:55:43 - wget stderr:   2300K .......... .......... .......... .......... .......... 53%  110M 0s
2025-11-15 19:55:43 - wget stderr:   2350K .......... .......... .......... .......... .......... 55%  120M 0s
2025-11-15 19:55:43 - wget stderr:   2400K .......... .......... .......... .......... .......... 56% 91.7M 0s
2025-11-15 19:55:43 - wget stderr:   2450K .......... .......... .......... .......... .......... 57%  185M 0s
2025-11-15 19:55:43 - wget stderr:   2500K .......... .......... .......... .......... .......... 58%  194M 0s
2025-11-15 19:55:43 - wget stderr:   2550K .......... .......... .......... .......... .......... 59%  164M 0s
2025-11-15 19:55:43 - wget stderr:   2600K .......... .......... .......... .......... .......... 60% 96.2M 0s
2025-11-15 19:55:43 - wget stderr:   2650K .......... .......... .......... .......... .......... 61%  279M 0s
2025-11-15 19:55:43 - wget stderr:   2700K .......... .......... .......... .......... .......... 63% 13.4M 0s
2025-11-15 19:55:43 - wget stderr:   2750K .......... .......... .......... .......... .......... 64% 7.55M 0s
2025-11-15 19:55:43 - wget stderr:   2800K .......... .......... .......... .......... .......... 65% 5.58M 0s
2025-11-15 19:55:43 - wget stderr:   2850K .......... .......... .......... .......... .......... 66% 7.58M 0s
2025-11-15 19:55:43 - wget stderr:   2900K .......... .......... .......... .......... .......... 67% 6.56M 0s
2025-11-15 19:55:43 - wget stderr:   2950K .......... .......... .......... .......... .......... 68% 7.85M 0s
2025-11-15 19:55:43 - wget stderr:   3000K .......... .......... .......... .......... .......... 70% 15.5M 0s
2025-11-15 19:55:43 - wget stderr:   3050K .......... .......... .......... .......... .......... 71% 21.8M 0s
2025-11-15 19:55:43 - wget stderr:   3100K .......... .......... .......... .......... .......... 72% 9.43M 0s
2025-11-15 19:55:43 - wget stderr:   3150K .......... .......... .......... .......... .......... 73% 8.44M 0s
2025-11-15 19:55:43 - wget stderr:   3200K .......... .......... .......... .......... .......... 74% 7.74M 0s
2025-11-15 19:55:43 - wget stderr:   3250K .......... .......... .......... .......... .......... 75% 8.78M 0s
2025-11-15 19:55:43 - wget stderr:   3300K .......... .......... .......... .......... .......... 76% 9.40M 0s
2025-11-15 19:55:43 - wget stderr:   3350K .......... .......... .......... .......... .......... 78% 7.25M 0s
2025-11-15 19:55:43 - wget stderr:   3400K .......... .......... .......... .......... .......... 79% 5.87M 0s
2025-11-15 19:55:43 - wget stderr:   3450K .......... .......... .......... .......... .......... 80% 24.5M 0s
2025-11-15 19:55:43 - wget stderr:   3500K .......... .......... .......... .......... .......... 81% 8.44M 0s
2025-11-15 19:55:43 - wget stderr:   3550K .......... .......... .......... .......... .......... 82% 7.73M 0s
2025-11-15 19:55:43 - wget stderr:   3600K .......... .......... .......... .......... .......... 83% 9.57M 0s
2025-11-15 19:55:43 - wget stderr:   3650K .......... .......... .......... .......... .......... 84% 7.63M 0s
2025-11-15 19:55:43 - wget stderr:   3700K .......... .......... .......... .......... .......... 86% 8.40M 0s
2025-11-15 19:55:43 - wget stderr:   3750K .......... .......... .......... .......... .......... 87% 8.88M 0s
2025-11-15 19:55:43 - wget stderr:   3800K .......... .......... .......... .......... .......... 88% 6.32M 0s
2025-11-15 19:55:43 - wget stderr:   3850K .......... .......... .......... .......... .......... 89% 11.0M 0s
2025-11-15 19:55:43 - wget stderr:   3900K .......... .......... .......... .......... .......... 90% 9.32M 0s
2025-11-15 19:55:43 - wget stderr:   3950K .......... .......... .......... .......... .......... 91% 9.92M 0s
2025-11-15 19:55:43 - wget stderr:   4000K .......... .......... .......... .......... .......... 92% 7.38M 0s
2025-11-15 19:55:43 - wget stderr:   4050K .......... .......... .......... .......... .......... 94% 6.74M 0s
2025-11-15 19:55:43 - wget stderr:   4100K .......... .......... .......... .......... .......... 95% 10.4M 0s
2025-11-15 19:55:43 - wget stderr:   4150K .......... .......... .......... .......... .......... 96% 6.08M 0s
2025-11-15 19:55:43 - wget stderr:   4200K .......... .......... .......... .......... .......... 97% 12.8M 0s
2025-11-15 19:55:43 - wget stderr:   4250K .......... .......... .......... .......... .......... 98% 9.94M 0s
2025-11-15 19:55:43 - wget stderr:   4300K .......... .......... .......... .......... .......... 99% 9.34M 0s
2025-11-15 19:55:43 - wget stderr:   4350K ......                                                100% 10.7M=0.6s
2025-11-15 19:55:43 - wget stderr: 
2025-11-15 19:55:43 - wget stderr: 2025-11-15 19:55:43 (6.93 MB/s) - 'C:/Users/rdesktop1/AppData/Local/Temp/VCDownloads/vcredist2008_x86.zip' saved [4461135/4461135]
2025-11-15 19:55:43 - wget stderr: 
2025-11-15 19:55:43 - Download and extraction complete.
2025-11-15 19:55:43 - Extraction complete.
2025-11-15 19:55:43 - Running installer: C:\Users\rdesktop1\AppData\Local\Temp\VCDownloads\vcredist2008_x86\vcredist2008_x86.exe /qb
2025-11-15 19:55:47 - Installer finished with code 0
2025-11-15 19:55:47 - Downloading ZIP from http://retrobat.ovh/repo/win64/prerequisites/vcredist2010_x64.zip...
2025-11-15 19:55:47 - wget stderr: --2025-11-15 19:55:47--  http://retrobat.ovh/repo/win64/prerequisites/vcredist2010_x64.zip
2025-11-15 19:55:47 - wget stderr: Resolving retrobat.ovh (retrobat.ovh)... 109.234.164.84
2025-11-15 19:55:47 - wget stderr: Connecting to retrobat.ovh (retrobat.ovh)|109.234.164.84|:80... connected.
2025-11-15 19:55:47 - wget stderr: HTTP request sent, awaiting response... 200 OK
2025-11-15 19:55:47 - wget stderr: Length: 10248967 (9.8M) [application/zip]
2025-11-15 19:55:47 - wget stderr: Saving to: 'C:/Users/rdesktop1/AppData/Local/Temp/VCDownloads/vcredist2010_x64.zip'
2025-11-15 19:55:47 - wget stderr: 
2025-11-15 19:55:47 - wget stderr:      0K .......... .......... .......... .......... ..........  0%  769K 13s
2025-11-15 19:55:47 - wget stderr:     50K .......... .......... .......... .......... ..........  0% 1.60M 9s
2025-11-15 19:55:47 - wget stderr:    100K .......... .......... .......... .......... ..........  1% 5.02M 7s
2025-11-15 19:55:47 - wget stderr:    150K .......... .......... .......... .......... ..........  1% 4.40M 6s
2025-11-15 19:55:47 - wget stderr:    200K .......... .......... .......... .......... ..........  2% 2.36M 5s
2025-11-15 19:55:47 - wget stderr:    250K .......... .......... .......... .......... ..........  2% 7.36M 5s
2025-11-15 19:55:47 - wget stderr:    300K .......... .......... .......... .......... ..........  3% 11.5M 4s
2025-11-15 19:55:47 - wget stderr:    350K .......... .......... .......... .......... ..........  3% 7.72M 4s
2025-11-15 19:55:47 - wget stderr:    400K .......... .......... .......... .......... ..........  4% 4.00M 4s
2025-11-15 19:55:47 - wget stderr:    450K .......... .......... .......... .......... ..........  4% 10.6M 3s
2025-11-15 19:55:47 - wget stderr:    500K .......... .......... .......... .......... ..........  5% 6.60M 3s
2025-11-15 19:55:47 - wget stderr:    550K .......... .......... .......... .......... ..........  5% 5.49M 3s
2025-11-15 19:55:47 - wget stderr:    600K .......... .......... .......... .......... ..........  6% 14.3M 3s
2025-11-15 19:55:47 - wget stderr:    650K .......... .......... .......... .......... ..........  6% 10.9M 3s
2025-11-15 19:55:47 - wget stderr:    700K .......... .......... .......... .......... ..........  7% 8.57M 2s
2025-11-15 19:55:47 - wget stderr:    750K .......... .......... .......... .......... ..........  7% 7.80M 2s
2025-11-15 19:55:47 - wget stderr:    800K .......... .......... .......... .......... ..........  8% 10.3M 2s
2025-11-15 19:55:47 - wget stderr:    850K .......... .......... .......... .......... ..........  8% 5.23M 2s
2025-11-15 19:55:47 - wget stderr:    900K .......... .......... .......... .......... ..........  9% 16.8M 2s
2025-11-15 19:55:47 - wget stderr:    950K .......... .......... .......... .......... ..........  9% 9.39M 2s
2025-11-15 19:55:47 - wget stderr:   1000K .......... .......... .......... .......... .......... 10% 8.11M 2s
2025-11-15 19:55:47 - wget stderr:   1050K .......... .......... .......... .......... .......... 10% 8.46M 2s
2025-11-15 19:55:47 - wget stderr:   1100K .......... .......... .......... .......... .......... 11% 7.71M 2s
2025-11-15 19:55:47 - wget stderr:   1150K .......... .......... .......... .......... .......... 11% 11.5M 2s
2025-11-15 19:55:47 - wget stderr:   1200K .......... .......... .......... .......... .......... 12% 5.04M 2s
2025-11-15 19:55:47 - wget stderr:   1250K .......... .......... .......... .......... .......... 12% 24.3M 2s
2025-11-15 19:55:47 - wget stderr:   1300K .......... .......... .......... .......... .......... 13% 7.33M 2s
2025-11-15 19:55:47 - wget stderr:   1350K .......... .......... .......... .......... .......... 13% 10.1M 2s
2025-11-15 19:55:47 - wget stderr:   1400K .......... .......... .......... .......... .......... 14% 8.23M 2s
2025-11-15 19:55:47 - wget stderr:   1450K .......... .......... .......... .......... .......... 14% 7.42M 2s
2025-11-15 19:55:47 - wget stderr:   1500K .......... .......... .......... .......... .......... 15% 7.17M 2s
2025-11-15 19:55:47 - wget stderr:   1550K .......... .......... .......... .......... .......... 15% 11.5M 2s
2025-11-15 19:55:47 - wget stderr:   1600K .......... .......... .......... .......... .......... 16% 8.24M 2s
2025-11-15 19:55:47 - wget stderr:   1650K .......... .......... .......... .......... .......... 16% 7.84M 2s
2025-11-15 19:55:47 - wget stderr:   1700K .......... .......... .......... .......... .......... 17%  348K 2s
2025-11-15 19:55:47 - wget stderr:   1750K .......... .......... .......... .......... .......... 17% 10.9M 2s
2025-11-15 19:55:47 - wget stderr:   1800K .......... .......... .......... .......... .......... 18%  139M 2s
2025-11-15 19:55:47 - wget stderr:   1850K .......... .......... .......... .......... .......... 18% 19.9M 2s
2025-11-15 19:55:47 - wget stderr:   1900K .......... .......... .......... .......... .......... 19%  132M 2s
2025-11-15 19:55:47 - wget stderr:   1950K .......... .......... .......... .......... .......... 19%  202M 2s
2025-11-15 19:55:47 - wget stderr:   2000K .......... .......... .......... .......... .......... 20%  127M 2s
2025-11-15 19:55:47 - wget stderr:   2050K .......... .......... .......... .......... .......... 20%  275M 2s
2025-11-15 19:55:47 - wget stderr:   2100K .......... .......... .......... .......... .......... 21%  195M 2s
2025-11-15 19:55:47 - wget stderr:   2150K .......... .......... .......... .......... .......... 21%  101M 2s
2025-11-15 19:55:47 - wget stderr:   2200K .......... .......... .......... .......... .......... 22%  125M 2s
2025-11-15 19:55:47 - wget stderr:   2250K .......... .......... .......... .......... .......... 22%  235M 2s
2025-11-15 19:55:47 - wget stderr:   2300K .......... .......... .......... .......... .......... 23%  154M 2s
2025-11-15 19:55:47 - wget stderr:   2350K .......... .......... .......... .......... .......... 23%  126M 1s
2025-11-15 19:55:47 - wget stderr:   2400K .......... .......... .......... .......... .......... 24% 37.0M 1s
2025-11-15 19:55:47 - wget stderr:   2450K .......... .......... .......... .......... .......... 24% 29.6M 1s
2025-11-15 19:55:47 - wget stderr:   2500K .......... .......... .......... .......... .......... 25% 40.0M 1s
2025-11-15 19:55:47 - wget stderr:   2550K .......... .......... .......... .......... .......... 25% 34.6M 1s
2025-11-15 19:55:47 - wget stderr:   2600K .......... .......... .......... .......... .......... 26% 85.6M 1s
2025-11-15 19:55:47 - wget stderr:   2650K .......... .......... .......... .......... .......... 26%  120M 1s
2025-11-15 19:55:47 - wget stderr:   2700K .......... .......... .......... .......... .......... 27% 2.81M 1s
2025-11-15 19:55:47 - wget stderr:   2750K .......... .......... .......... .......... .......... 27% 6.19M 1s
2025-11-15 19:55:47 - wget stderr:   2800K .......... .......... .......... .......... .......... 28% 16.0M 1s
2025-11-15 19:55:47 - wget stderr:   2850K .......... .......... .......... .......... .......... 28% 8.32M 1s
2025-11-15 19:55:47 - wget stderr:   2900K .......... .......... .......... .......... .......... 29% 7.72M 1s
2025-11-15 19:55:47 - wget stderr:   2950K .......... .......... .......... .......... .......... 29% 12.3M 1s
2025-11-15 19:55:47 - wget stderr:   3000K .......... .......... .......... .......... .......... 30% 8.36M 1s
2025-11-15 19:55:47 - wget stderr:   3050K .......... .......... .......... .......... .......... 30% 8.29M 1s
2025-11-15 19:55:47 - wget stderr:   3100K .......... .......... .......... .......... .......... 31% 9.08M 1s
2025-11-15 19:55:47 - wget stderr:   3150K .......... .......... .......... .......... .......... 31% 7.48M 1s
2025-11-15 19:55:47 - wget stderr:   3200K .......... .......... .......... .......... .......... 32% 10.1M 1s
2025-11-15 19:55:47 - wget stderr:   3250K .......... .......... .......... .......... .......... 32%  727K 1s
2025-11-15 19:55:47 - wget stderr:   3300K .......... .......... .......... .......... .......... 33% 6.72M 1s
2025-11-15 19:55:47 - wget stderr:   3350K .......... .......... .......... .......... .......... 33% 11.7M 1s
2025-11-15 19:55:47 - wget stderr:   3400K .......... .......... .......... .......... .......... 34% 9.56M 1s
2025-11-15 19:55:47 - wget stderr:   3450K .......... .......... .......... .......... .......... 34% 27.8M 1s
2025-11-15 19:55:47 - wget stderr:   3500K .......... .......... .......... .......... .......... 35% 88.6M 1s
2025-11-15 19:55:47 - wget stderr:   3550K .......... .......... .......... .......... .......... 35%  107M 1s
2025-11-15 19:55:47 - wget stderr:   3600K .......... .......... .......... .......... .......... 36%  193M 1s
2025-11-15 19:55:47 - wget stderr:   3650K .......... .......... .......... .......... .......... 36%  196M 1s
2025-11-15 19:55:47 - wget stderr:   3700K .......... .......... .......... .......... .......... 37%  158M 1s
2025-11-15 19:55:47 - wget stderr:   3750K .......... .......... .......... .......... .......... 37%  210M 1s
2025-11-15 19:55:47 - wget stderr:   3800K .......... .......... .......... .......... .......... 38%  133M 1s
2025-11-15 19:55:47 - wget stderr:   3850K .......... .......... .......... .......... .......... 38%  214M 1s
2025-11-15 19:55:47 - wget stderr:   3900K .......... .......... .......... .......... .......... 39%  163M 1s
2025-11-15 19:55:47 - wget stderr:   3950K .......... .......... .......... .......... .......... 39%  133M 1s
2025-11-15 19:55:47 - wget stderr:   4000K .......... .......... .......... .......... .......... 40% 30.5M 1s
2025-11-15 19:55:47 - wget stderr:   4050K .......... .......... .......... .......... .......... 40% 8.33M 1s
2025-11-15 19:55:47 - wget stderr:   4100K .......... .......... .......... .......... .......... 41% 8.68M 1s
2025-11-15 19:55:47 - wget stderr:   4150K .......... .......... .......... .......... .......... 41% 7.34M 1s
2025-11-15 19:55:48 - wget stderr:   4200K .......... .......... .......... .......... .......... 42% 7.73M 1s
2025-11-15 19:55:48 - wget stderr:   4250K .......... .......... .......... .......... .......... 42% 7.43M 1s
2025-11-15 19:55:48 - wget stderr:   4300K .......... .......... .......... .......... .......... 43% 12.4M 1s
2025-11-15 19:55:48 - wget stderr:   4350K .......... .......... .......... .......... .......... 43% 10.3M 1s
2025-11-15 19:55:48 - wget stderr:   4400K .......... .......... .......... .......... .......... 44% 8.15M 1s
2025-11-15 19:55:48 - wget stderr:   4450K .......... .......... .......... .......... .......... 44% 8.26M 1s
2025-11-15 19:55:48 - wget stderr:   4500K .......... .......... .......... .......... .......... 45% 8.82M 1s
2025-11-15 19:55:48 - wget stderr:   4550K .......... .......... .......... .......... .......... 45% 5.62M 1s
2025-11-15 19:55:48 - wget stderr:   4600K .......... .......... .......... .......... .......... 46% 18.4M 1s
2025-11-15 19:55:48 - wget stderr:   4650K .......... .......... .......... .......... .......... 46% 6.56M 1s
2025-11-15 19:55:48 - wget stderr:   4700K .......... .......... .......... .......... .......... 47% 9.29M 1s
2025-11-15 19:55:48 - wget stderr:   4750K .......... .......... .......... .......... .......... 47% 7.69M 1s
2025-11-15 19:55:48 - wget stderr:   4800K .......... .......... .......... .......... .......... 48% 11.6M 1s
2025-11-15 19:55:48 - wget stderr:   4850K .......... .......... .......... .......... .......... 48% 8.95M 1s
2025-11-15 19:55:48 - wget stderr:   4900K .......... .......... .......... .......... .......... 49% 7.89M 1s
2025-11-15 19:55:48 - wget stderr:   4950K .......... .......... .......... .......... .......... 49% 8.90M 1s
2025-11-15 19:55:48 - wget stderr:   5000K .......... .......... .......... .......... .......... 50% 7.14M 1s
2025-11-15 19:55:48 - wget stderr:   5050K .......... .......... .......... .......... .......... 50% 9.56M 1s
2025-11-15 19:55:48 - wget stderr:   5100K .......... .......... .......... .......... .......... 51% 8.91M 1s
2025-11-15 19:55:48 - wget stderr:   5150K .......... .......... .......... .......... .......... 51% 9.02M 1s
2025-11-15 19:55:48 - wget stderr:   5200K .......... .......... .......... .......... .......... 52% 8.94M 1s
2025-11-15 19:55:48 - wget stderr:   5250K .......... .......... .......... .......... .......... 52% 8.38M 1s
2025-11-15 19:55:48 - wget stderr:   5300K .......... .......... .......... .......... .......... 53% 7.52M 1s
2025-11-15 19:55:48 - wget stderr:   5350K .......... .......... .......... .......... .......... 53% 9.83M 1s
2025-11-15 19:55:48 - wget stderr:   5400K .......... .......... .......... .......... .......... 54% 5.14M 1s
2025-11-15 19:55:48 - wget stderr:   5450K .......... .......... .......... .......... .......... 54% 10.2M 1s
2025-11-15 19:55:48 - wget stderr:   5500K .......... .......... .......... .......... .......... 55% 14.9M 1s
2025-11-15 19:55:48 - wget stderr:   5550K .......... .......... .......... .......... .......... 55% 8.67M 1s
2025-11-15 19:55:48 - wget stderr:   5600K .......... .......... .......... .......... .......... 56% 9.00M 1s
2025-11-15 19:55:48 - wget stderr:   5650K .......... .......... .......... .......... .......... 56% 7.52M 1s
2025-11-15 19:55:48 - wget stderr:   5700K .......... .......... .......... .......... .......... 57% 8.96M 1s
2025-11-15 19:55:48 - wget stderr:   5750K .......... .......... .......... .......... .......... 57% 7.53M 1s
2025-11-15 19:55:48 - wget stderr:   5800K .......... .......... .......... .......... .......... 58% 10.4M 1s
2025-11-15 19:55:48 - wget stderr:   5850K .......... .......... .......... .......... .......... 58% 7.95M 1s
2025-11-15 19:55:48 - wget stderr:   5900K .......... .......... .......... .......... .......... 59% 8.07M 1s
2025-11-15 19:55:48 - wget stderr:   5950K .......... .......... .......... .......... .......... 59% 8.84M 1s
2025-11-15 19:55:48 - wget stderr:   6000K .......... .......... .......... .......... .......... 60% 9.10M 1s
2025-11-15 19:55:48 - wget stderr:   6050K .......... .......... .......... .......... .......... 60% 8.53M 1s
2025-11-15 19:55:48 - wget stderr:   6100K .......... .......... .......... .......... .......... 61% 8.64M 1s
2025-11-15 19:55:48 - wget stderr:   6150K .......... .......... .......... .......... .......... 61% 6.95M 1s
2025-11-15 19:55:48 - wget stderr:   6200K .......... .......... .......... .......... .......... 62% 11.2M 1s
2025-11-15 19:55:48 - wget stderr:   6250K .......... .......... .......... .......... .......... 62% 8.56M 1s
2025-11-15 19:55:48 - wget stderr:   6300K .......... .......... .......... .......... .......... 63% 5.90M 1s
2025-11-15 19:55:48 - wget stderr:   6350K .......... .......... .......... .......... .......... 63% 9.43M 1s
2025-11-15 19:55:48 - wget stderr:   6400K .......... .......... .......... .......... .......... 64% 12.4M 1s
2025-11-15 19:55:48 - wget stderr:   6450K .......... .......... .......... .......... .......... 64% 7.34M 0s
2025-11-15 19:55:48 - wget stderr:   6500K .......... .......... .......... .......... .......... 65% 10.6M 0s
2025-11-15 19:55:48 - wget stderr:   6550K .......... .......... .......... .......... .......... 65% 8.92M 0s
2025-11-15 19:55:48 - wget stderr:   6600K .......... .......... .......... .......... .......... 66% 5.74M 0s
2025-11-15 19:55:48 - wget stderr:   6650K .......... .......... .......... .......... .......... 66% 11.9M 0s
2025-11-15 19:55:48 - wget stderr:   6700K .......... .......... .......... .......... .......... 67% 9.22M 0s
2025-11-15 19:55:48 - wget stderr:   6750K .......... .......... .......... .......... .......... 67% 6.41M 0s
2025-11-15 19:55:48 - wget stderr:   6800K .......... .......... .......... .......... .......... 68% 8.85M 0s
2025-11-15 19:55:48 - wget stderr:   6850K .......... .......... .......... .......... .......... 68% 11.7M 0s
2025-11-15 19:55:48 - wget stderr:   6900K .......... .......... .......... .......... .......... 69% 7.67M 0s
2025-11-15 19:55:48 - wget stderr:   6950K .......... .......... .......... .......... .......... 69% 8.56M 0s
2025-11-15 19:55:48 - wget stderr:   7000K .......... .......... .......... .......... .......... 70% 7.95M 0s
2025-11-15 19:55:48 - wget stderr:   7050K .......... .......... .......... .......... .......... 70% 9.48M 0s
2025-11-15 19:55:48 - wget stderr:   7100K .......... .......... .......... .......... .......... 71% 4.34M 0s
2025-11-15 19:55:48 - wget stderr:   7150K .......... .......... .......... .......... .......... 71% 6.93M 0s
2025-11-15 19:55:48 - wget stderr:   7200K .......... .......... .......... .......... .......... 72% 5.46M 0s
2025-11-15 19:55:48 - wget stderr:   7250K .......... .......... .......... .......... .......... 72% 17.5M 0s
2025-11-15 19:55:48 - wget stderr:   7300K .......... .......... .......... .......... .......... 73% 11.9M 0s
2025-11-15 19:55:48 - wget stderr:   7350K .......... .......... .......... .......... .......... 73% 17.9M 0s
2025-11-15 19:55:48 - wget stderr:   7400K .......... .......... .......... .......... .......... 74% 16.4M 0s
2025-11-15 19:55:48 - wget stderr:   7450K .......... .......... .......... .......... .......... 74% 8.68M 0s
2025-11-15 19:55:48 - wget stderr:   7500K .......... .......... .......... .......... .......... 75% 8.08M 0s
2025-11-15 19:55:48 - wget stderr:   7550K .......... .......... .......... .......... .......... 75% 8.35M 0s
2025-11-15 19:55:48 - wget stderr:   7600K .......... .......... .......... .......... .......... 76% 8.68M 0s
2025-11-15 19:55:48 - wget stderr:   7650K .......... .......... .......... .......... .......... 76% 9.32M 0s
2025-11-15 19:55:48 - wget stderr:   7700K .......... .......... .......... .......... .......... 77% 8.39M 0s
2025-11-15 19:55:48 - wget stderr:   7750K .......... .......... .......... .......... .......... 77% 7.60M 0s
2025-11-15 19:55:48 - wget stderr:   7800K .......... .......... .......... .......... .......... 78% 8.85M 0s
2025-11-15 19:55:48 - wget stderr:   7850K .......... .......... .......... .......... .......... 78% 6.78M 0s
2025-11-15 19:55:48 - wget stderr:   7900K .......... .......... .......... .......... .......... 79% 10.1M 0s
2025-11-15 19:55:48 - wget stderr:   7950K .......... .......... .......... .......... .......... 79% 10.7M 0s
2025-11-15 19:55:48 - wget stderr:   8000K .......... .......... .......... .......... .......... 80% 8.09M 0s
2025-11-15 19:55:48 - wget stderr:   8050K .......... .......... .......... .......... .......... 80% 8.06M 0s
2025-11-15 19:55:48 - wget stderr:   8100K .......... .......... .......... .......... .......... 81% 6.21M 0s
2025-11-15 19:55:48 - wget stderr:   8150K .......... .......... .......... .......... .......... 81% 10.4M 0s
2025-11-15 19:55:48 - wget stderr:   8200K .......... .......... .......... .......... .......... 82% 6.96M 0s
2025-11-15 19:55:48 - wget stderr:   8250K .......... .......... .......... .......... .......... 82% 17.9M 0s
2025-11-15 19:55:48 - wget stderr:   8300K .......... .......... .......... .......... .......... 83% 7.55M 0s
2025-11-15 19:55:48 - wget stderr:   8350K .......... .......... .......... .......... .......... 83% 8.30M 0s
2025-11-15 19:55:48 - wget stderr:   8400K .......... .......... .......... .......... .......... 84% 8.47M 0s
2025-11-15 19:55:48 - wget stderr:   8450K .......... .......... .......... .......... .......... 84% 7.41M 0s
2025-11-15 19:55:48 - wget stderr:   8500K .......... .......... .......... .......... .......... 85% 11.6M 0s
2025-11-15 19:55:48 - wget stderr:   8550K .......... .......... .......... .......... .......... 85% 8.22M 0s
2025-11-15 19:55:48 - wget stderr:   8600K .......... .......... .......... .......... .......... 86% 7.67M 0s
2025-11-15 19:55:48 - wget stderr:   8650K .......... .......... .......... .......... .......... 86% 8.72M 0s
2025-11-15 19:55:48 - wget stderr:   8700K .......... .......... .......... .......... .......... 87% 9.44M 0s
2025-11-15 19:55:48 - wget stderr:   8750K .......... .......... .......... .......... .......... 87% 8.49M 0s
2025-11-15 19:55:48 - wget stderr:   8800K .......... .......... .......... .......... .......... 88% 6.89M 0s
2025-11-15 19:55:48 - wget stderr:   8850K .......... .......... .......... .......... .......... 88% 11.6M 0s
2025-11-15 19:55:48 - wget stderr:   8900K .......... .......... .......... .......... .......... 89% 7.37M 0s
2025-11-15 19:55:48 - wget stderr:   8950K .......... .......... .......... .......... .......... 89% 9.60M 0s
2025-11-15 19:55:48 - wget stderr:   9000K .......... .......... .......... .......... .......... 90% 8.31M 0s
2025-11-15 19:55:48 - wget stderr:   9050K .......... .......... .......... .......... .......... 90% 8.62M 0s
2025-11-15 19:55:48 - wget stderr:   9100K .......... .......... .......... .......... .......... 91% 9.23M 0s
2025-11-15 19:55:48 - wget stderr:   9150K .......... .......... .......... .......... .......... 91% 6.65M 0s
2025-11-15 19:55:48 - wget stderr:   9200K .......... .......... .......... .......... .......... 92% 11.1M 0s
2025-11-15 19:55:48 - wget stderr:   9250K .......... .......... .......... .......... .......... 92% 6.67M 0s
2025-11-15 19:55:48 - wget stderr:   9300K .......... .......... .......... .......... .......... 93% 9.14M 0s
2025-11-15 19:55:48 - wget stderr:   9350K .......... .......... .......... .......... .......... 93% 11.1M 0s
2025-11-15 19:55:48 - wget stderr:   9400K .......... .......... .......... .......... .......... 94% 6.78M 0s
2025-11-15 19:55:48 - wget stderr:   9450K .......... .......... .......... .......... .......... 94% 10.8M 0s
2025-11-15 19:55:48 - wget stderr:   9500K .......... .......... .......... .......... .......... 95% 8.82M 0s
2025-11-15 19:55:48 - wget stderr:   9550K .......... .......... .......... .......... .......... 95% 8.49M 0s
2025-11-15 19:55:48 - wget stderr:   9600K .......... .......... .......... .......... .......... 96% 7.29M 0s
2025-11-15 19:55:48 - wget stderr:   9650K .......... .......... .......... .......... .......... 96% 8.28M 0s
2025-11-15 19:55:48 - wget stderr:   9700K .......... .......... .......... .......... .......... 97% 11.4M 0s
2025-11-15 19:55:48 - wget stderr:   9750K .......... .......... .......... .......... .......... 97% 7.54M 0s
2025-11-15 19:55:48 - wget stderr:   9800K .......... .......... .......... .......... .......... 98% 9.78M 0s
2025-11-15 19:55:48 - wget stderr:   9850K .......... .......... .......... .......... .......... 98% 8.46M 0s
2025-11-15 19:55:48 - wget stderr:   9900K .......... .......... .......... .......... .......... 99% 8.74M 0s
2025-11-15 19:55:48 - wget stderr:   9950K .......... .......... .......... .......... .......... 99% 5.50M 0s
2025-11-15 19:55:48 - wget stderr:  10000K ........                                              100% 98.3M=1.3s
2025-11-15 19:55:48 - wget stderr: 
2025-11-15 19:55:48 - wget stderr: 2025-11-15 19:55:48 (7.39 MB/s) - 'C:/Users/rdesktop1/AppData/Local/Temp/VCDownloads/vcredist2010_x64.zip' saved [10248967/10248967]
2025-11-15 19:55:48 - wget stderr: 
2025-11-15 19:55:48 - Download and extraction complete.
2025-11-15 19:55:48 - Extraction complete.
2025-11-15 19:55:48 - Running installer: C:\Users\rdesktop1\AppData\Local\Temp\VCDownloads\vcredist2010_x64\vcredist2010_x64.exe /passive /norestart
2025-11-15 19:55:54 - Installer finished with code 0
2025-11-15 19:55:54 - Downloading ZIP from http://retrobat.ovh/repo/win64/prerequisites/vcredist2010_x86.zip...
2025-11-15 19:55:54 - wget stderr: --2025-11-15 19:55:54--  http://retrobat.ovh/repo/win64/prerequisites/vcredist2010_x86.zip
2025-11-15 19:55:54 - wget stderr: Resolving retrobat.ovh (retrobat.ovh)... 109.234.164.84
2025-11-15 19:55:54 - wget stderr: Connecting to retrobat.ovh (retrobat.ovh)|109.234.164.84|:80... connected.
2025-11-15 19:55:54 - wget stderr: HTTP request sent, awaiting response... 200 OK
2025-11-15 19:55:54 - wget stderr: Length: 8964938 (8.5M) [application/zip]
2025-11-15 19:55:54 - wget stderr: Saving to: 'C:/Users/rdesktop1/AppData/Local/Temp/VCDownloads/vcredist2010_x86.zip'
2025-11-15 19:55:54 - wget stderr: 
2025-11-15 19:55:55 - wget stderr:      0K .......... .......... .......... .......... ..........  0%  806K 11s
2025-11-15 19:55:55 - wget stderr:     50K .......... .......... .......... .......... ..........  1% 1.62M 8s
2025-11-15 19:55:55 - wget stderr:    100K .......... .......... .......... .......... ..........  1% 2.55M 6s
2025-11-15 19:55:55 - wget stderr:    150K .......... .......... .......... .......... ..........  2% 8.06M 5s
2025-11-15 19:55:55 - wget stderr:    200K .......... .......... .......... .......... ..........  2% 4.85M 4s
2025-11-15 19:55:55 - wget stderr:    250K .......... .......... .......... .......... ..........  3% 2.09M 4s
2025-11-15 19:55:55 - wget stderr:    300K .......... .......... .......... .......... ..........  3% 9.93M 4s
2025-11-15 19:55:55 - wget stderr:    350K .......... .......... .......... .......... ..........  4% 8.31M 3s
2025-11-15 19:55:55 - wget stderr:    400K .......... .......... .......... .......... ..........  5% 6.24M 3s
2025-11-15 19:55:55 - wget stderr:    450K .......... .......... .......... .......... ..........  5% 13.9M 3s
2025-11-15 19:55:55 - wget stderr:    500K .......... .......... .......... .......... ..........  6% 4.78M 3s
2025-11-15 19:55:55 - wget stderr:    550K .......... .......... .......... .......... ..........  6% 11.8M 3s
2025-11-15 19:55:55 - wget stderr:    600K .......... .......... .......... .......... ..........  7% 5.56M 2s
2025-11-15 19:55:55 - wget stderr:    650K .......... .......... .......... .......... ..........  7% 7.13M 2s
2025-11-15 19:55:55 - wget stderr:    700K .......... .......... .......... .......... ..........  8% 6.77M 2s
2025-11-15 19:55:55 - wget stderr:    750K .......... .......... .......... .......... ..........  9% 8.10M 2s
2025-11-15 19:55:55 - wget stderr:    800K .......... .......... .......... .......... ..........  9% 20.1M 2s
2025-11-15 19:55:55 - wget stderr:    850K .......... .......... .......... .......... .......... 10% 9.30M 2s
2025-11-15 19:55:55 - wget stderr:    900K .......... .......... .......... .......... .......... 10% 9.29M 2s
2025-11-15 19:55:55 - wget stderr:    950K .......... .......... .......... .......... .......... 11% 8.20M 2s
2025-11-15 19:55:55 - wget stderr:   1000K .......... .......... .......... .......... .......... 11% 5.57M 2s
2025-11-15 19:55:55 - wget stderr:   1050K .......... .......... .......... .......... .......... 12% 12.1M 2s
2025-11-15 19:55:55 - wget stderr:   1100K .......... .......... .......... .......... .......... 13% 10.6M 2s
2025-11-15 19:55:55 - wget stderr:   1150K .......... .......... .......... .......... .......... 13% 7.78M 2s
2025-11-15 19:55:55 - wget stderr:   1200K .......... .......... .......... .......... .......... 14% 9.11M 2s
2025-11-15 19:55:55 - wget stderr:   1250K .......... .......... .......... .......... .......... 14% 8.75M 2s
2025-11-15 19:55:55 - wget stderr:   1300K .......... .......... .......... .......... .......... 15% 8.50M 2s
2025-11-15 19:55:55 - wget stderr:   1350K .......... .......... .......... .......... .......... 15% 8.80M 1s
2025-11-15 19:55:55 - wget stderr:   1400K .......... .......... .......... .......... .......... 16% 8.24M 1s
2025-11-15 19:55:55 - wget stderr:   1450K .......... .......... .......... .......... .......... 17% 7.82M 1s
2025-11-15 19:55:55 - wget stderr:   1500K .......... .......... .......... .......... .......... 17% 6.82M 1s
2025-11-15 19:55:55 - wget stderr:   1550K .......... .......... .......... .......... .......... 18% 12.3M 1s
2025-11-15 19:55:55 - wget stderr:   1600K .......... .......... .......... .......... .......... 18% 6.33M 1s
2025-11-15 19:55:55 - wget stderr:   1650K .......... .......... .......... .......... .......... 19%  587K 2s
2025-11-15 19:55:55 - wget stderr:   1700K .......... .......... .......... .......... .......... 19% 4.57M 2s
2025-11-15 19:55:55 - wget stderr:   1750K .......... .......... .......... .......... .......... 20% 73.6M 2s
2025-11-15 19:55:55 - wget stderr:   1800K .......... .......... .......... .......... .......... 21% 6.83M 2s
2025-11-15 19:55:55 - wget stderr:   1850K .......... .......... .......... .......... .......... 21% 11.1M 2s
2025-11-15 19:55:55 - wget stderr:   1900K .......... .......... .......... .......... .......... 22% 17.0M 1s
2025-11-15 19:55:55 - wget stderr:   1950K .......... .......... .......... .......... .......... 22% 11.6M 1s
2025-11-15 19:55:55 - wget stderr:   2000K .......... .......... .......... .......... .......... 23% 24.3M 1s
2025-11-15 19:55:55 - wget stderr:   2050K .......... .......... .......... .......... .......... 23%  216M 1s
2025-11-15 19:55:55 - wget stderr:   2100K .......... .......... .......... .......... .......... 24% 61.2M 1s
2025-11-15 19:55:55 - wget stderr:   2150K .......... .......... .......... .......... .......... 25%  207M 1s
2025-11-15 19:55:55 - wget stderr:   2200K .......... .......... .......... .......... .......... 25%  231M 1s
2025-11-15 19:55:55 - wget stderr:   2250K .......... .......... .......... .......... .......... 26%  184M 1s
2025-11-15 19:55:55 - wget stderr:   2300K .......... .......... .......... .......... .......... 26%  180M 1s
2025-11-15 19:55:55 - wget stderr:   2350K .......... .......... .......... .......... .......... 27%  167M 1s
2025-11-15 19:55:55 - wget stderr:   2400K .......... .......... .......... .......... .......... 27%  154M 1s
2025-11-15 19:55:55 - wget stderr:   2450K .......... .......... .......... .......... .......... 28%  179M 1s
2025-11-15 19:55:55 - wget stderr:   2500K .......... .......... .......... .......... .......... 29%  208M 1s
2025-11-15 19:55:55 - wget stderr:   2550K .......... .......... .......... .......... .......... 29%  224M 1s
2025-11-15 19:55:55 - wget stderr:   2600K .......... .......... .......... .......... .......... 30%  120M 1s
2025-11-15 19:55:55 - wget stderr:   2650K .......... .......... .......... .......... .......... 30%  277M 1s
2025-11-15 19:55:55 - wget stderr:   2700K .......... .......... .......... .......... .......... 31% 17.9M 1s
2025-11-15 19:55:55 - wget stderr:   2750K .......... .......... .......... .......... .......... 31% 5.51M 1s
2025-11-15 19:55:55 - wget stderr:   2800K .......... .......... .......... .......... .......... 32% 8.80M 1s
2025-11-15 19:55:55 - wget stderr:   2850K .......... .......... .......... .......... .......... 33% 6.51M 1s
2025-11-15 19:55:55 - wget stderr:   2900K .......... .......... .......... .......... .......... 33% 11.9M 1s
2025-11-15 19:55:55 - wget stderr:   2950K .......... .......... .......... .......... .......... 34% 9.25M 1s
2025-11-15 19:55:55 - wget stderr:   3000K .......... .......... .......... .......... .......... 34% 8.51M 1s
2025-11-15 19:55:55 - wget stderr:   3050K .......... .......... .......... .......... .......... 35% 8.48M 1s
2025-11-15 19:55:55 - wget stderr:   3100K .......... .......... .......... .......... .......... 35% 9.11M 1s
2025-11-15 19:55:55 - wget stderr:   3150K .......... .......... .......... .......... .......... 36% 9.65M 1s
2025-11-15 19:55:55 - wget stderr:   3200K .......... .......... .......... .......... .......... 37% 8.24M 1s
2025-11-15 19:55:55 - wget stderr:   3250K .......... .......... .......... .......... .......... 37% 7.70M 1s
2025-11-15 19:55:55 - wget stderr:   3300K .......... .......... .......... .......... .......... 38% 5.03M 1s
2025-11-15 19:55:55 - wget stderr:   3350K .......... .......... .......... .......... .......... 38% 15.0M 1s
2025-11-15 19:55:55 - wget stderr:   3400K .......... .......... .......... .......... .......... 39%  538K 1s
2025-11-15 19:55:55 - wget stderr:   3450K .......... .......... .......... .......... .......... 39%  127M 1s
2025-11-15 19:55:55 - wget stderr:   3500K .......... .......... .......... .......... .......... 40% 36.0M 1s
2025-11-15 19:55:55 - wget stderr:   3550K .......... .......... .......... .......... .......... 41%  113M 1s
2025-11-15 19:55:55 - wget stderr:   3600K .......... .......... .......... .......... .......... 41%  229M 1s
2025-11-15 19:55:55 - wget stderr:   3650K .......... .......... .......... .......... .......... 42% 72.5M 1s
2025-11-15 19:55:55 - wget stderr:   3700K .......... .......... .......... .......... .......... 42%  290M 1s
2025-11-15 19:55:55 - wget stderr:   3750K .......... .......... .......... .......... .......... 43%  194M 1s
2025-11-15 19:55:55 - wget stderr:   3800K .......... .......... .......... .......... .......... 43%  178M 1s
2025-11-15 19:55:55 - wget stderr:   3850K .......... .......... .......... .......... .......... 44%  123M 1s
2025-11-15 19:55:55 - wget stderr:   3900K .......... .......... .......... .......... .......... 45%  268M 1s
2025-11-15 19:55:55 - wget stderr:   3950K .......... .......... .......... .......... .......... 45%  378M 1s
2025-11-15 19:55:55 - wget stderr:   4000K .......... .......... .......... .......... .......... 46%  160M 1s
2025-11-15 19:55:55 - wget stderr:   4050K .......... .......... .......... .......... .......... 46%  126M 1s
2025-11-15 19:55:55 - wget stderr:   4100K .......... .......... .......... .......... .......... 47%  243M 1s
2025-11-15 19:55:55 - wget stderr:   4150K .......... .......... .......... .......... .......... 47%  294M 1s
2025-11-15 19:55:55 - wget stderr:   4200K .......... .......... .......... .......... .......... 48%  117M 1s
2025-11-15 19:55:55 - wget stderr:   4250K .......... .......... .......... .......... .......... 49% 23.3M 1s
2025-11-15 19:55:55 - wget stderr:   4300K .......... .......... .......... .......... .......... 49% 4.47M 1s
2025-11-15 19:55:55 - wget stderr:   4350K .......... .......... .......... .......... .......... 50% 44.0M 1s
2025-11-15 19:55:55 - wget stderr:   4400K .......... .......... .......... .......... .......... 50% 9.25M 1s
2025-11-15 19:55:55 - wget stderr:   4450K .......... .......... .......... .......... .......... 51% 8.40M 1s
2025-11-15 19:55:55 - wget stderr:   4500K .......... .......... .......... .......... .......... 51% 7.96M 1s
2025-11-15 19:55:55 - wget stderr:   4550K .......... .......... .......... .......... .......... 52% 8.96M 1s
2025-11-15 19:55:55 - wget stderr:   4600K .......... .......... .......... .......... .......... 53% 9.05M 1s
2025-11-15 19:55:55 - wget stderr:   4650K .......... .......... .......... .......... .......... 53% 8.37M 1s
2025-11-15 19:55:55 - wget stderr:   4700K .......... .......... .......... .......... .......... 54% 7.83M 1s
2025-11-15 19:55:55 - wget stderr:   4750K .......... .......... .......... .......... .......... 54% 6.57M 1s
2025-11-15 19:55:55 - wget stderr:   4800K .......... .......... .......... .......... .......... 55% 13.6M 1s
2025-11-15 19:55:55 - wget stderr:   4850K .......... .......... .......... .......... .......... 55% 7.11M 1s
2025-11-15 19:55:55 - wget stderr:   4900K .......... .......... .......... .......... .......... 56% 9.03M 1s
2025-11-15 19:55:55 - wget stderr:   4950K .......... .......... .......... .......... .......... 57% 7.98M 1s
2025-11-15 19:55:55 - wget stderr:   5000K .......... .......... .......... .......... .......... 57% 6.61M 1s
2025-11-15 19:55:55 - wget stderr:   5050K .......... .......... .......... .......... .......... 58% 7.16M 1s
2025-11-15 19:55:55 - wget stderr:   5100K .......... .......... .......... .......... .......... 58% 7.96M 1s
2025-11-15 19:55:55 - wget stderr:   5150K .......... .......... .......... .......... .......... 59% 11.8M 0s
2025-11-15 19:55:55 - wget stderr:   5200K .......... .......... .......... .......... .......... 59% 5.63M 0s
2025-11-15 19:55:55 - wget stderr:   5250K .......... .......... .......... .......... .......... 60% 22.4M 0s
2025-11-15 19:55:55 - wget stderr:   5300K .......... .......... .......... .......... .......... 61% 12.0M 0s
2025-11-15 19:55:55 - wget stderr:   5350K .......... .......... .......... .......... .......... 61% 8.70M 0s
2025-11-15 19:55:55 - wget stderr:   5400K .......... .......... .......... .......... .......... 62% 7.44M 0s
2025-11-15 19:55:55 - wget stderr:   5450K .......... .......... .......... .......... .......... 62% 10.1M 0s
2025-11-15 19:55:55 - wget stderr:   5500K .......... .......... .......... .......... .......... 63% 8.10M 0s
2025-11-15 19:55:55 - wget stderr:   5550K .......... .......... .......... .......... .......... 63% 8.60M 0s
2025-11-15 19:55:55 - wget stderr:   5600K .......... .......... .......... .......... .......... 64% 8.53M 0s
2025-11-15 19:55:55 - wget stderr:   5650K .......... .......... .......... .......... .......... 65% 9.11M 0s
2025-11-15 19:55:55 - wget stderr:   5700K .......... .......... .......... .......... .......... 65% 7.97M 0s
2025-11-15 19:55:55 - wget stderr:   5750K .......... .......... .......... .......... .......... 66% 7.61M 0s
2025-11-15 19:55:55 - wget stderr:   5800K .......... .......... .......... .......... .......... 66% 10.4M 0s
2025-11-15 19:55:55 - wget stderr:   5850K .......... .......... .......... .......... .......... 67% 8.17M 0s
2025-11-15 19:55:55 - wget stderr:   5900K .......... .......... .......... .......... .......... 67% 8.76M 0s
2025-11-15 19:55:55 - wget stderr:   5950K .......... .......... .......... .......... .......... 68% 8.75M 0s
2025-11-15 19:55:55 - wget stderr:   6000K .......... .......... .......... .......... .......... 69% 8.16M 0s
2025-11-15 19:55:55 - wget stderr:   6050K .......... .......... .......... .......... .......... 69% 6.34M 0s
2025-11-15 19:55:55 - wget stderr:   6100K .......... .......... .......... .......... .......... 70% 10.5M 0s
2025-11-15 19:55:55 - wget stderr:   6150K .......... .......... .......... .......... .......... 70% 8.11M 0s
2025-11-15 19:55:55 - wget stderr:   6200K .......... .......... .......... .......... .......... 71% 10.9M 0s
2025-11-15 19:55:55 - wget stderr:   6250K .......... .......... .......... .......... .......... 71% 8.26M 0s
2025-11-15 19:55:55 - wget stderr:   6300K .......... .......... .......... .......... .......... 72% 8.76M 0s
2025-11-15 19:55:55 - wget stderr:   6350K .......... .......... .......... .......... .......... 73% 7.50M 0s
2025-11-15 19:55:55 - wget stderr:   6400K .......... .......... .......... .......... .......... 73% 9.98M 0s
2025-11-15 19:55:55 - wget stderr:   6450K .......... .......... .......... .......... .......... 74% 8.09M 0s
2025-11-15 19:55:55 - wget stderr:   6500K .......... .......... .......... .......... .......... 74% 7.86M 0s
2025-11-15 19:55:55 - wget stderr:   6550K .......... .......... .......... .......... .......... 75% 9.30M 0s
2025-11-15 19:55:55 - wget stderr:   6600K .......... .......... .......... .......... .......... 75% 8.22M 0s
2025-11-15 19:55:55 - wget stderr:   6650K .......... .......... .......... .......... .......... 76% 8.30M 0s
2025-11-15 19:55:55 - wget stderr:   6700K .......... .......... .......... .......... .......... 77% 9.55M 0s
2025-11-15 19:55:55 - wget stderr:   6750K .......... .......... .......... .......... .......... 77% 8.08M 0s
2025-11-15 19:55:55 - wget stderr:   6800K .......... .......... .......... .......... .......... 78% 8.79M 0s
2025-11-15 19:55:55 - wget stderr:   6850K .......... .......... .......... .......... .......... 78% 8.55M 0s
2025-11-15 19:55:55 - wget stderr:   6900K .......... .......... .......... .......... .......... 79% 8.84M 0s
2025-11-15 19:55:55 - wget stderr:   6950K .......... .......... .......... .......... .......... 79% 6.75M 0s
2025-11-15 19:55:55 - wget stderr:   7000K .......... .......... .......... .......... .......... 80% 9.02M 0s
2025-11-15 19:55:55 - wget stderr:   7050K .......... .......... .......... .......... .......... 81% 10.2M 0s
2025-11-15 19:55:55 - wget stderr:   7100K .......... .......... .......... .......... .......... 81% 8.00M 0s
2025-11-15 19:55:55 - wget stderr:   7150K .......... .......... .......... .......... .......... 82% 8.45M 0s
2025-11-15 19:55:55 - wget stderr:   7200K .......... .......... .......... .......... .......... 82% 9.00M 0s
2025-11-15 19:55:55 - wget stderr:   7250K .......... .......... .......... .......... .......... 83% 8.32M 0s
2025-11-15 19:55:55 - wget stderr:   7300K .......... .......... .......... .......... .......... 83% 7.89M 0s
2025-11-15 19:55:55 - wget stderr:   7350K .......... .......... .......... .......... .......... 84% 8.30M 0s
2025-11-15 19:55:55 - wget stderr:   7400K .......... .......... .......... .......... .......... 85% 9.32M 0s
2025-11-15 19:55:55 - wget stderr:   7450K .......... .......... .......... .......... .......... 85% 8.26M 0s
2025-11-15 19:55:55 - wget stderr:   7500K .......... .......... .......... .......... .......... 86% 6.82M 0s
2025-11-15 19:55:55 - wget stderr:   7550K .......... .......... .......... .......... .......... 86% 9.69M 0s
2025-11-15 19:55:55 - wget stderr:   7600K .......... .......... .......... .......... .......... 87% 10.9M 0s
2025-11-15 19:55:56 - wget stderr:   7650K .......... .......... .......... .......... .......... 87% 8.29M 0s
2025-11-15 19:55:56 - wget stderr:   7700K .......... .......... .......... .......... .......... 88% 8.15M 0s
2025-11-15 19:55:56 - wget stderr:   7750K .......... .......... .......... .......... .......... 89% 8.32M 0s
2025-11-15 19:55:56 - wget stderr:   7800K .......... .......... .......... .......... .......... 89% 7.29M 0s
2025-11-15 19:55:56 - wget stderr:   7850K .......... .......... .......... .......... .......... 90% 9.77M 0s
2025-11-15 19:55:56 - wget stderr:   7900K .......... .......... .......... .......... .......... 90% 8.42M 0s
2025-11-15 19:55:56 - wget stderr:   7950K .......... .......... .......... .......... .......... 91% 8.64M 0s
2025-11-15 19:55:56 - wget stderr:   8000K .......... .......... .......... .......... .......... 91% 7.53M 0s
2025-11-15 19:55:56 - wget stderr:   8050K .......... .......... .......... .......... .......... 92% 8.96M 0s
2025-11-15 19:55:56 - wget stderr:   8100K .......... .......... .......... .......... .......... 93% 9.60M 0s
2025-11-15 19:55:56 - wget stderr:   8150K .......... .......... .......... .......... .......... 93% 7.48M 0s
2025-11-15 19:55:56 - wget stderr:   8200K .......... .......... .......... .......... .......... 94% 6.68M 0s
2025-11-15 19:55:56 - wget stderr:   8250K .......... .......... .......... .......... .......... 94% 14.1M 0s
2025-11-15 19:55:56 - wget stderr:   8300K .......... .......... .......... .......... .......... 95% 6.80M 0s
2025-11-15 19:55:56 - wget stderr:   8350K .......... .......... .......... .......... .......... 95% 11.2M 0s
2025-11-15 19:55:56 - wget stderr:   8400K .......... .......... .......... .......... .......... 96% 8.13M 0s
2025-11-15 19:55:56 - wget stderr:   8450K .......... .......... .......... .......... .......... 97% 6.36M 0s
2025-11-15 19:55:56 - wget stderr:   8500K .......... .......... .......... .......... .......... 97% 8.99M 0s
2025-11-15 19:55:56 - wget stderr:   8550K .......... .......... .......... .......... .......... 98% 11.1M 0s
2025-11-15 19:55:56 - wget stderr:   8600K .......... .......... .......... .......... .......... 98% 10.2M 0s
2025-11-15 19:55:56 - wget stderr:   8650K .......... .......... .......... .......... .......... 99% 8.13M 0s
2025-11-15 19:55:56 - wget stderr:   8700K .......... .......... .......... .......... .......... 99% 8.92M 0s
2025-11-15 19:55:56 - wget stderr:   8750K ....                                                  100% 2.60M=1.1s
2025-11-15 19:55:56 - wget stderr: 
2025-11-15 19:55:56 - wget stderr: 2025-11-15 19:55:56 (7.58 MB/s) - 'C:/Users/rdesktop1/AppData/Local/Temp/VCDownloads/vcredist2010_x86.zip' saved [8964938/8964938]
2025-11-15 19:55:56 - wget stderr: 
2025-11-15 19:55:56 - Download and extraction complete.
2025-11-15 19:55:56 - Extraction complete.
2025-11-15 19:55:56 - Running installer: C:\Users\rdesktop1\AppData\Local\Temp\VCDownloads\vcredist2010_x86\vcredist2010_x86.exe /passive /norestart
2025-11-15 19:56:02 - Installer finished with code 0
2025-11-15 19:56:02 - Downloading ZIP from http://retrobat.ovh/repo/win64/prerequisites/vcredist2012_x64.zip...
2025-11-15 19:56:02 - wget stderr: --2025-11-15 19:56:02--  http://retrobat.ovh/repo/win64/prerequisites/vcredist2012_x64.zip
2025-11-15 19:56:02 - wget stderr: Resolving retrobat.ovh (retrobat.ovh)... 109.234.164.84
2025-11-15 19:56:02 - wget stderr: Connecting to retrobat.ovh (retrobat.ovh)|109.234.164.84|:80... connected.
2025-11-15 19:56:02 - wget stderr: HTTP request sent, awaiting response... 200 OK
2025-11-15 19:56:02 - wget stderr: Length: 6984984 (6.7M) [application/zip]
2025-11-15 19:56:02 - wget stderr: Saving to: 'C:/Users/rdesktop1/AppData/Local/Temp/VCDownloads/vcredist2012_x64.zip'
2025-11-15 19:56:02 - wget stderr: 
2025-11-15 19:56:02 - wget stderr:      0K .......... .......... .......... .......... ..........  0%  797K 8s
2025-11-15 19:56:02 - wget stderr:     50K .......... .......... .......... .......... ..........  1% 1.66M 6s
2025-11-15 19:56:02 - wget stderr:    100K .......... .......... .......... .......... ..........  2% 6.00M 4s
2025-11-15 19:56:02 - wget stderr:    150K .......... .......... .......... .......... ..........  2% 15.2M 3s
2025-11-15 19:56:02 - wget stderr:    200K .......... .......... .......... .......... ..........  3% 1.68M 3s
2025-11-15 19:56:02 - wget stderr:    250K .......... .......... .......... .......... ..........  4% 9.63M 3s
2025-11-15 19:56:02 - wget stderr:    300K .......... .......... .......... .......... ..........  5% 6.12M 3s
2025-11-15 19:56:02 - wget stderr:    350K .......... .......... .......... .......... ..........  5% 10.7M 2s
2025-11-15 19:56:02 - wget stderr:    400K .......... .......... .......... .......... ..........  6% 4.10M 2s
2025-11-15 19:56:02 - wget stderr:    450K .......... .......... .......... .......... ..........  7% 10.7M 2s
2025-11-15 19:56:02 - wget stderr:    500K .......... .......... .......... .......... ..........  8% 7.77M 2s
2025-11-15 19:56:02 - wget stderr:    550K .......... .......... .......... .......... ..........  8% 6.82M 2s
2025-11-15 19:56:02 - wget stderr:    600K .......... .......... .......... .......... ..........  9% 7.95M 2s
2025-11-15 19:56:02 - wget stderr:    650K .......... .......... .......... .......... .......... 10% 9.46M 2s
2025-11-15 19:56:02 - wget stderr:    700K .......... .......... .......... .......... .......... 10% 6.58M 2s
2025-11-15 19:56:02 - wget stderr:    750K .......... .......... .......... .......... .......... 11% 13.6M 2s
2025-11-15 19:56:02 - wget stderr:    800K .......... .......... .......... .......... .......... 12% 7.03M 1s
2025-11-15 19:56:02 - wget stderr:    850K .......... .......... .......... .......... .......... 13% 5.75M 1s
2025-11-15 19:56:02 - wget stderr:    900K .......... .......... .......... .......... .......... 13% 19.1M 1s
2025-11-15 19:56:02 - wget stderr:    950K .......... .......... .......... .......... .......... 14% 10.7M 1s
2025-11-15 19:56:02 - wget stderr:   1000K .......... .......... .......... .......... .......... 15% 9.26M 1s
2025-11-15 19:56:02 - wget stderr:   1050K .......... .......... .......... .......... .......... 16% 7.59M 1s
2025-11-15 19:56:02 - wget stderr:   1100K .......... .......... .......... .......... .......... 16% 7.45M 1s
2025-11-15 19:56:02 - wget stderr:   1150K .......... .......... .......... .......... .......... 17% 9.84M 1s
2025-11-15 19:56:02 - wget stderr:   1200K .......... .......... .......... .......... .......... 18% 8.99M 1s
2025-11-15 19:56:02 - wget stderr:   1250K .......... .......... .......... .......... .......... 19% 6.01M 1s
2025-11-15 19:56:02 - wget stderr:   1300K .......... .......... .......... .......... .......... 19% 13.6M 1s
2025-11-15 19:56:02 - wget stderr:   1350K .......... .......... .......... .......... .......... 20% 7.16M 1s
2025-11-15 19:56:02 - wget stderr:   1400K .......... .......... .......... .......... .......... 21% 10.0M 1s
2025-11-15 19:56:02 - wget stderr:   1450K .......... .......... .......... .......... .......... 21% 8.58M 1s
2025-11-15 19:56:02 - wget stderr:   1500K .......... .......... .......... .......... .......... 22% 9.02M 1s
2025-11-15 19:56:02 - wget stderr:   1550K .......... .......... .......... .......... .......... 23% 6.32M 1s
2025-11-15 19:56:02 - wget stderr:   1600K .......... .......... .......... .......... .......... 24% 9.52M 1s
2025-11-15 19:56:02 - wget stderr:   1650K .......... .......... .......... .......... .......... 24%  574K 1s
2025-11-15 19:56:02 - wget stderr:   1700K .......... .......... .......... .......... .......... 25% 8.49M 1s
2025-11-15 19:56:02 - wget stderr:   1750K .......... .......... .......... .......... .......... 26% 4.92M 1s
2025-11-15 19:56:02 - wget stderr:   1800K .......... .......... .......... .......... .......... 27%  169M 1s
2025-11-15 19:56:02 - wget stderr:   1850K .......... .......... .......... .......... .......... 27%  298M 1s
2025-11-15 19:56:02 - wget stderr:   1900K .......... .......... .......... .......... .......... 28%  182M 1s
2025-11-15 19:56:02 - wget stderr:   1950K .......... .......... .......... .......... .......... 29%  129M 1s
2025-11-15 19:56:02 - wget stderr:   2000K .......... .......... .......... .......... .......... 30% 54.2M 1s
2025-11-15 19:56:03 - wget stderr:   2050K .......... .......... .......... .......... .......... 30% 9.18M 1s
2025-11-15 19:56:03 - wget stderr:   2100K .......... .......... .......... .......... .......... 31%  212M 1s
2025-11-15 19:56:03 - wget stderr:   2150K .......... .......... .......... .......... .......... 32% 6.61M 1s
2025-11-15 19:56:03 - wget stderr:   2200K .......... .......... .......... .......... .......... 32% 35.5M 1s
2025-11-15 19:56:03 - wget stderr:   2250K .......... .......... .......... .......... .......... 33%  200M 1s
2025-11-15 19:56:03 - wget stderr:   2300K .......... .......... .......... .......... .......... 34% 19.3M 1s
2025-11-15 19:56:03 - wget stderr:   2350K .......... .......... .......... .......... .......... 35%  120M 1s
2025-11-15 19:56:03 - wget stderr:   2400K .......... .......... .......... .......... .......... 35%  260M 1s
2025-11-15 19:56:03 - wget stderr:   2450K .......... .......... .......... .......... .......... 36%  258M 1s
2025-11-15 19:56:03 - wget stderr:   2500K .......... .......... .......... .......... .......... 37%  317M 1s
2025-11-15 19:56:03 - wget stderr:   2550K .......... .......... .......... .......... .......... 38%  162M 1s
2025-11-15 19:56:03 - wget stderr:   2600K .......... .......... .......... .......... .......... 38%  198M 1s
2025-11-15 19:56:03 - wget stderr:   2650K .......... .......... .......... .......... .......... 39%  229M 1s
2025-11-15 19:56:03 - wget stderr:   2700K .......... .......... .......... .......... .......... 40% 50.3M 1s
2025-11-15 19:56:03 - wget stderr:   2750K .......... .......... .......... .......... .......... 41% 5.01M 1s
2025-11-15 19:56:03 - wget stderr:   2800K .......... .......... .......... .......... .......... 41% 8.76M 1s
2025-11-15 19:56:03 - wget stderr:   2850K .......... .......... .......... .......... .......... 42% 7.43M 1s
2025-11-15 19:56:03 - wget stderr:   2900K .......... .......... .......... .......... .......... 43% 9.18M 1s
2025-11-15 19:56:03 - wget stderr:   2950K .......... .......... .......... .......... .......... 43% 9.87M 1s
2025-11-15 19:56:03 - wget stderr:   3000K .......... .......... .......... .......... .......... 44% 9.53M 1s
2025-11-15 19:56:03 - wget stderr:   3050K .......... .......... .......... .......... .......... 45% 8.23M 1s
2025-11-15 19:56:03 - wget stderr:   3100K .......... .......... .......... .......... .......... 46% 5.51M 1s
2025-11-15 19:56:03 - wget stderr:   3150K .......... .......... .......... .......... .......... 46% 17.2M 1s
2025-11-15 19:56:03 - wget stderr:   3200K .......... .......... .......... .......... .......... 47% 9.15M 1s
2025-11-15 19:56:03 - wget stderr:   3250K .......... .......... .......... .......... .......... 48% 8.50M 1s
2025-11-15 19:56:03 - wget stderr:   3300K .......... .......... .......... .......... .......... 49% 8.92M 1s
2025-11-15 19:56:03 - wget stderr:   3350K .......... .......... .......... .......... .......... 49% 5.37M 1s
2025-11-15 19:56:03 - wget stderr:   3400K .......... .......... .......... .......... .......... 50% 18.0M 0s
2025-11-15 19:56:03 - wget stderr:   3450K .......... .......... .......... .......... .......... 51% 8.35M 0s
2025-11-15 19:56:03 - wget stderr:   3500K .......... .......... .......... .......... .......... 52% 9.10M 0s
2025-11-15 19:56:03 - wget stderr:   3550K .......... .......... .......... .......... .......... 52% 7.98M 0s
2025-11-15 19:56:03 - wget stderr:   3600K .......... .......... .......... .......... .......... 53% 7.89M 0s
2025-11-15 19:56:03 - wget stderr:   3650K .......... .......... .......... .......... .......... 54% 8.70M 0s
2025-11-15 19:56:03 - wget stderr:   3700K .......... .......... .......... .......... .......... 54% 10.2M 0s
2025-11-15 19:56:03 - wget stderr:   3750K .......... .......... .......... .......... .......... 55% 8.67M 0s
2025-11-15 19:56:03 - wget stderr:   3800K .......... .......... .......... .......... .......... 56% 7.98M 0s
2025-11-15 19:56:03 - wget stderr:   3850K .......... .......... .......... .......... .......... 57% 8.83M 0s
2025-11-15 19:56:03 - wget stderr:   3900K .......... .......... .......... .......... .......... 57% 8.25M 0s
2025-11-15 19:56:03 - wget stderr:   3950K .......... .......... .......... .......... .......... 58% 6.61M 0s
2025-11-15 19:56:03 - wget stderr:   4000K .......... .......... .......... .......... .......... 59% 10.5M 0s
2025-11-15 19:56:03 - wget stderr:   4050K .......... .......... .......... .......... .......... 60% 10.2M 0s
2025-11-15 19:56:03 - wget stderr:   4100K .......... .......... .......... .......... .......... 60% 6.74M 0s
2025-11-15 19:56:03 - wget stderr:   4150K .......... .......... .......... .......... .......... 61% 10.8M 0s
2025-11-15 19:56:03 - wget stderr:   4200K .......... .......... .......... .......... .......... 62% 8.22M 0s
2025-11-15 19:56:03 - wget stderr:   4250K .......... .......... .......... .......... .......... 63% 5.98M 0s
2025-11-15 19:56:03 - wget stderr:   4300K .......... .......... .......... .......... .......... 63% 11.6M 0s
2025-11-15 19:56:03 - wget stderr:   4350K .......... .......... .......... .......... .......... 64% 10.7M 0s
2025-11-15 19:56:03 - wget stderr:   4400K .......... .......... .......... .......... .......... 65% 8.78M 0s
2025-11-15 19:56:03 - wget stderr:   4450K .......... .......... .......... .......... .......... 65% 7.56M 0s
2025-11-15 19:56:03 - wget stderr:   4500K .......... .......... .......... .......... .......... 66% 8.34M 0s
2025-11-15 19:56:03 - wget stderr:   4550K .......... .......... .......... .......... .......... 67% 9.76M 0s
2025-11-15 19:56:03 - wget stderr:   4600K .......... .......... .......... .......... .......... 68% 7.75M 0s
2025-11-15 19:56:03 - wget stderr:   4650K .......... .......... .......... .......... .......... 68% 8.72M 0s
2025-11-15 19:56:03 - wget stderr:   4700K .......... .......... .......... .......... .......... 69% 8.93M 0s
2025-11-15 19:56:03 - wget stderr:   4750K .......... .......... .......... .......... .......... 70% 8.39M 0s
2025-11-15 19:56:03 - wget stderr:   4800K .......... .......... .......... .......... .......... 71% 8.34M 0s
2025-11-15 19:56:03 - wget stderr:   4850K .......... .......... .......... .......... .......... 71% 7.47M 0s
2025-11-15 19:56:03 - wget stderr:   4900K .......... .......... .......... .......... .......... 72% 10.2M 0s
2025-11-15 19:56:03 - wget stderr:   4950K .......... .......... .......... .......... .......... 73% 8.23M 0s
2025-11-15 19:56:03 - wget stderr:   5000K .......... .......... .......... .......... .......... 74% 8.70M 0s
2025-11-15 19:56:03 - wget stderr:   5050K .......... .......... .......... .......... .......... 74% 6.87M 0s
2025-11-15 19:56:03 - wget stderr:   5100K .......... .......... .......... .......... .......... 75% 6.68M 0s
2025-11-15 19:56:03 - wget stderr:   5150K .......... .......... .......... .......... .......... 76% 11.6M 0s
2025-11-15 19:56:03 - wget stderr:   5200K .......... .......... .......... .......... .......... 76% 9.14M 0s
2025-11-15 19:56:03 - wget stderr:   5250K .......... .......... .......... .......... .......... 77% 8.66M 0s
2025-11-15 19:56:03 - wget stderr:   5300K .......... .......... .......... .......... .......... 78% 7.64M 0s
2025-11-15 19:56:03 - wget stderr:   5350K .......... .......... .......... .......... .......... 79% 4.53M 0s
2025-11-15 19:56:03 - wget stderr:   5400K .......... .......... .......... .......... .......... 79% 8.52M 0s
2025-11-15 19:56:03 - wget stderr:   5450K .......... .......... .......... .......... .......... 80% 15.4M 0s
2025-11-15 19:56:03 - wget stderr:   5500K .......... .......... .......... .......... .......... 81% 16.8M 0s
2025-11-15 19:56:03 - wget stderr:   5550K .......... .......... .......... .......... .......... 82% 10.0M 0s
2025-11-15 19:56:03 - wget stderr:   5600K .......... .......... .......... .......... .......... 82% 7.26M 0s
2025-11-15 19:56:03 - wget stderr:   5650K .......... .......... .......... .......... .......... 83% 11.3M 0s
2025-11-15 19:56:03 - wget stderr:   5700K .......... .......... .......... .......... .......... 84% 8.73M 0s
2025-11-15 19:56:03 - wget stderr:   5750K .......... .......... .......... .......... .......... 85% 7.33M 0s
2025-11-15 19:56:03 - wget stderr:   5800K .......... .......... .......... .......... .......... 85% 10.6M 0s
2025-11-15 19:56:03 - wget stderr:   5850K .......... .......... .......... .......... .......... 86% 7.74M 0s
2025-11-15 19:56:03 - wget stderr:   5900K .......... .......... .......... .......... .......... 87% 8.41M 0s
2025-11-15 19:56:03 - wget stderr:   5950K .......... .......... .......... .......... .......... 87% 9.06M 0s
2025-11-15 19:56:03 - wget stderr:   6000K .......... .......... .......... .......... .......... 88% 6.78M 0s
2025-11-15 19:56:03 - wget stderr:   6050K .......... .......... .......... .......... .......... 89% 8.13M 0s
2025-11-15 19:56:03 - wget stderr:   6100K .......... .......... .......... .......... .......... 90% 12.7M 0s
2025-11-15 19:56:03 - wget stderr:   6150K .......... .......... .......... .......... .......... 90% 7.88M 0s
2025-11-15 19:56:03 - wget stderr:   6200K .......... .......... .......... .......... .......... 91% 8.77M 0s
2025-11-15 19:56:03 - wget stderr:   6250K .......... .......... .......... .......... .......... 92% 8.61M 0s
2025-11-15 19:56:03 - wget stderr:   6300K .......... .......... .......... .......... .......... 93% 8.91M 0s
2025-11-15 19:56:03 - wget stderr:   6350K .......... .......... .......... .......... .......... 93% 8.49M 0s
2025-11-15 19:56:03 - wget stderr:   6400K .......... .......... .......... .......... .......... 94% 7.70M 0s
2025-11-15 19:56:03 - wget stderr:   6450K .......... .......... .......... .......... .......... 95% 9.46M 0s
2025-11-15 19:56:03 - wget stderr:   6500K .......... .......... .......... .......... .......... 96% 7.99M 0s
2025-11-15 19:56:03 - wget stderr:   6550K .......... .......... .......... .......... .......... 96% 8.48M 0s
2025-11-15 19:56:03 - wget stderr:   6600K .......... .......... .......... .......... .......... 97% 9.79M 0s
2025-11-15 19:56:03 - wget stderr:   6650K .......... .......... .......... .......... .......... 98% 8.29M 0s
2025-11-15 19:56:03 - wget stderr:   6700K .......... .......... .......... .......... .......... 98% 8.79M 0s
2025-11-15 19:56:03 - wget stderr:   6750K .......... .......... .......... .......... .......... 99% 7.69M 0s
2025-11-15 19:56:03 - wget stderr:   6800K .......... .......... .                               100% 9.40M=0.9s
2025-11-15 19:56:03 - wget stderr: 
2025-11-15 19:56:03 - wget stderr: 2025-11-15 19:56:03 (7.44 MB/s) - 'C:/Users/rdesktop1/AppData/Local/Temp/VCDownloads/vcredist2012_x64.zip' saved [6984984/6984984]
2025-11-15 19:56:03 - wget stderr: 
2025-11-15 19:56:03 - Download and extraction complete.
2025-11-15 19:56:03 - Extraction complete.
2025-11-15 19:56:03 - Running installer: C:\Users\rdesktop1\AppData\Local\Temp\VCDownloads\vcredist2012_x64\vcredist2012_x64.exe /passive /norestart
2025-11-15 19:56:08 - Installer finished with code 0
2025-11-15 19:56:08 - Downloading ZIP from http://retrobat.ovh/repo/win64/prerequisites/vcredist2012_x86.zip...
2025-11-15 19:56:08 - wget stderr: --2025-11-15 19:56:08--  http://retrobat.ovh/repo/win64/prerequisites/vcredist2012_x86.zip
2025-11-15 19:56:08 - wget stderr: Resolving retrobat.ovh (retrobat.ovh)... 109.234.164.84
2025-11-15 19:56:08 - wget stderr: Connecting to retrobat.ovh (retrobat.ovh)|109.234.164.84|:80... connected.
2025-11-15 19:56:08 - wget stderr: HTTP request sent, awaiting response... 200 OK
2025-11-15 19:56:08 - wget stderr: Length: 6352351 (6.1M) [application/zip]
2025-11-15 19:56:08 - wget stderr: Saving to: 'C:/Users/rdesktop1/AppData/Local/Temp/VCDownloads/vcredist2012_x86.zip'
2025-11-15 19:56:08 - wget stderr: 
2025-11-15 19:56:08 - wget stderr:      0K .......... .......... .......... .......... ..........  0%  778K 8s
2025-11-15 19:56:08 - wget stderr:     50K .......... .......... .......... .......... ..........  1% 1.61M 6s
2025-11-15 19:56:08 - wget stderr:    100K .......... .......... .......... .......... ..........  2% 9.13M 4s
2025-11-15 19:56:08 - wget stderr:    150K .......... .......... .......... .......... ..........  3% 6.99M 3s
2025-11-15 19:56:08 - wget stderr:    200K .......... .......... .......... .......... ..........  4% 2.07M 3s
2025-11-15 19:56:08 - wget stderr:    250K .......... .......... .......... .......... ..........  4% 8.16M 3s
2025-11-15 19:56:08 - wget stderr:    300K .......... .......... .......... .......... ..........  5% 12.2M 2s
2025-11-15 19:56:08 - wget stderr:    350K .......... .......... .......... .......... ..........  6% 5.50M 2s
2025-11-15 19:56:08 - wget stderr:    400K .......... .......... .......... .......... ..........  7% 3.14M 2s
2025-11-15 19:56:08 - wget stderr:    450K .......... .......... .......... .......... ..........  8% 87.7M 2s
2025-11-15 19:56:08 - wget stderr:    500K .......... .......... .......... .......... ..........  8% 5.09M 2s
2025-11-15 19:56:08 - wget stderr:    550K .......... .......... .......... .......... ..........  9% 13.3M 2s
2025-11-15 19:56:08 - wget stderr:    600K .......... .......... .......... .......... .......... 10% 22.2M 2s
2025-11-15 19:56:08 - wget stderr:    650K .......... .......... .......... .......... .......... 11% 8.08M 1s
2025-11-15 19:56:08 - wget stderr:    700K .......... .......... .......... .......... .......... 12% 8.64M 1s
2025-11-15 19:56:08 - wget stderr:    750K .......... .......... .......... .......... .......... 12% 9.23M 1s
2025-11-15 19:56:08 - wget stderr:    800K .......... .......... .......... .......... .......... 13% 9.38M 1s
2025-11-15 19:56:08 - wget stderr:    850K .......... .......... .......... .......... .......... 14% 8.06M 1s
2025-11-15 19:56:08 - wget stderr:    900K .......... .......... .......... .......... .......... 15% 7.27M 1s
2025-11-15 19:56:08 - wget stderr:    950K .......... .......... .......... .......... .......... 16% 10.3M 1s
2025-11-15 19:56:08 - wget stderr:   1000K .......... .......... .......... .......... .......... 16% 7.56M 1s
2025-11-15 19:56:08 - wget stderr:   1050K .......... .......... .......... .......... .......... 17% 8.26M 1s
2025-11-15 19:56:08 - wget stderr:   1100K .......... .......... .......... .......... .......... 18% 9.96M 1s
2025-11-15 19:56:08 - wget stderr:   1150K .......... .......... .......... .......... .......... 19% 8.07M 1s
2025-11-15 19:56:08 - wget stderr:   1200K .......... .......... .......... .......... .......... 20% 7.83M 1s
2025-11-15 19:56:08 - wget stderr:   1250K .......... .......... .......... .......... .......... 20% 8.05M 1s
2025-11-15 19:56:08 - wget stderr:   1300K .......... .......... .......... .......... .......... 21% 6.48M 1s
2025-11-15 19:56:08 - wget stderr:   1350K .......... .......... .......... .......... .......... 22% 6.20M 1s
2025-11-15 19:56:08 - wget stderr:   1400K .......... .......... .......... .......... .......... 23% 4.64M 1s
2025-11-15 19:56:08 - wget stderr:   1450K .......... .......... .......... .......... .......... 24% 13.5M 1s
2025-11-15 19:56:08 - wget stderr:   1500K .......... .......... .......... .......... .......... 24% 12.7M 1s
2025-11-15 19:56:08 - wget stderr:   1550K .......... .......... .......... .......... .......... 25%  419K 1s
2025-11-15 19:56:08 - wget stderr:   1600K .......... .......... .......... .......... .......... 26%  198M 1s
2025-11-15 19:56:08 - wget stderr:   1650K .......... .......... .......... .......... .......... 27%  135M 1s
2025-11-15 19:56:08 - wget stderr:   1700K .......... .......... .......... .......... .......... 28%  201M 1s
2025-11-15 19:56:08 - wget stderr:   1750K .......... .......... .......... .......... .......... 29%  333M 1s
2025-11-15 19:56:08 - wget stderr:   1800K .......... .......... .......... .......... .......... 29%  199M 1s
2025-11-15 19:56:08 - wget stderr:   1850K .......... .......... .......... .......... .......... 30% 52.8M 1s
2025-11-15 19:56:08 - wget stderr:   1900K .......... .......... .......... .......... .......... 31%  174M 1s
2025-11-15 19:56:08 - wget stderr:   1950K .......... .......... .......... .......... .......... 32%  256M 1s
2025-11-15 19:56:08 - wget stderr:   2000K .......... .......... .......... .......... .......... 33%  336M 1s
2025-11-15 19:56:08 - wget stderr:   2050K .......... .......... .......... .......... .......... 33%  139M 1s
2025-11-15 19:56:08 - wget stderr:   2100K .......... .......... .......... .......... .......... 34%  183M 1s
2025-11-15 19:56:08 - wget stderr:   2150K .......... .......... .......... .......... .......... 35%  185M 1s
2025-11-15 19:56:08 - wget stderr:   2200K .......... .......... .......... .......... .......... 36%  255M 1s
2025-11-15 19:56:08 - wget stderr:   2250K .......... .......... .......... .......... .......... 37%  334M 1s
2025-11-15 19:56:08 - wget stderr:   2300K .......... .......... .......... .......... .......... 37% 95.7M 1s
2025-11-15 19:56:08 - wget stderr:   2350K .......... .......... .......... .......... .......... 38%  201M 1s
2025-11-15 19:56:08 - wget stderr:   2400K .......... .......... .......... .......... .......... 39%  224M 1s
2025-11-15 19:56:08 - wget stderr:   2450K .......... .......... .......... .......... .......... 40%  296M 1s
2025-11-15 19:56:08 - wget stderr:   2500K .......... .......... .......... .......... .......... 41%  198M 1s
2025-11-15 19:56:08 - wget stderr:   2550K .......... .......... .......... .......... .......... 41%  180M 1s
2025-11-15 19:56:08 - wget stderr:   2600K .......... .......... .......... .......... .......... 42% 1.64M 1s
2025-11-15 19:56:08 - wget stderr:   2650K .......... .......... .......... .......... .......... 43% 8.84M 1s
2025-11-15 19:56:08 - wget stderr:   2700K .......... .......... .......... .......... .......... 44% 8.65M 1s
2025-11-15 19:56:08 - wget stderr:   2750K .......... .......... .......... .......... .......... 45% 8.80M 1s
2025-11-15 19:56:08 - wget stderr:   2800K .......... .......... .......... .......... .......... 45% 6.75M 1s
2025-11-15 19:56:08 - wget stderr:   2850K .......... .......... .......... .......... .......... 46% 6.30M 1s
2025-11-15 19:56:08 - wget stderr:   2900K .......... .......... .......... .......... .......... 47% 28.2M 1s
2025-11-15 19:56:08 - wget stderr:   2950K .......... .......... .......... .......... .......... 48% 7.36M 1s
2025-11-15 19:56:08 - wget stderr:   3000K .......... .......... .......... .......... .......... 49% 8.00M 1s
2025-11-15 19:56:08 - wget stderr:   3050K .......... .......... .......... .......... .......... 49%  801K 1s
2025-11-15 19:56:08 - wget stderr:   3100K .......... .......... .......... .......... .......... 50% 10.1M 1s
2025-11-15 19:56:08 - wget stderr:   3150K .......... .......... .......... .......... .......... 51% 6.62M 1s
2025-11-15 19:56:08 - wget stderr:   3200K .......... .......... .......... .......... .......... 52% 9.38M 1s
2025-11-15 19:56:08 - wget stderr:   3250K .......... .......... .......... .......... .......... 53% 7.85M 1s
2025-11-15 19:56:08 - wget stderr:   3300K .......... .......... .......... .......... .......... 54%  160M 0s
2025-11-15 19:56:08 - wget stderr:   3350K .......... .......... .......... .......... .......... 54%  151M 0s
2025-11-15 19:56:08 - wget stderr:   3400K .......... .......... .......... .......... .......... 55%  142M 0s
2025-11-15 19:56:08 - wget stderr:   3450K .......... .......... .......... .......... .......... 56%  193M 0s
2025-11-15 19:56:08 - wget stderr:   3500K .......... .......... .......... .......... .......... 57%  122M 0s
2025-11-15 19:56:08 - wget stderr:   3550K .......... .......... .......... .......... .......... 58%  185M 0s
2025-11-15 19:56:08 - wget stderr:   3600K .......... .......... .......... .......... .......... 58%  193M 0s
2025-11-15 19:56:08 - wget stderr:   3650K .......... .......... .......... .......... .......... 59%  231M 0s
2025-11-15 19:56:08 - wget stderr:   3700K .......... .......... .......... .......... .......... 60%  114M 0s
2025-11-15 19:56:08 - wget stderr:   3750K .......... .......... .......... .......... .......... 61%  176M 0s
2025-11-15 19:56:08 - wget stderr:   3800K .......... .......... .......... .......... .......... 62% 18.4M 0s
2025-11-15 19:56:08 - wget stderr:   3850K .......... .......... .......... .......... .......... 62% 8.79M 0s
2025-11-15 19:56:08 - wget stderr:   3900K .......... .......... .......... .......... .......... 63% 8.48M 0s
2025-11-15 19:56:08 - wget stderr:   3950K .......... .......... .......... .......... .......... 64% 6.77M 0s
2025-11-15 19:56:08 - wget stderr:   4000K .......... .......... .......... .......... .......... 65% 10.8M 0s
2025-11-15 19:56:08 - wget stderr:   4050K .......... .......... .......... .......... .......... 66% 8.98M 0s
2025-11-15 19:56:08 - wget stderr:   4100K .......... .......... .......... .......... .......... 66% 7.91M 0s
2025-11-15 19:56:08 - wget stderr:   4150K .......... .......... .......... .......... .......... 67% 6.89M 0s
2025-11-15 19:56:08 - wget stderr:   4200K .......... .......... .......... .......... .......... 68% 14.9M 0s
2025-11-15 19:56:08 - wget stderr:   4250K .......... .......... .......... .......... .......... 69% 6.80M 0s
2025-11-15 19:56:08 - wget stderr:   4300K .......... .......... .......... .......... .......... 70% 9.52M 0s
2025-11-15 19:56:08 - wget stderr:   4350K .......... .......... .......... .......... .......... 70% 9.07M 0s
2025-11-15 19:56:08 - wget stderr:   4400K .......... .......... .......... .......... .......... 71% 8.21M 0s
2025-11-15 19:56:08 - wget stderr:   4450K .......... .......... .......... .......... .......... 72% 8.51M 0s
2025-11-15 19:56:08 - wget stderr:   4500K .......... .......... .......... .......... .......... 73% 7.47M 0s
2025-11-15 19:56:08 - wget stderr:   4550K .......... .......... .......... .......... .......... 74% 9.04M 0s
2025-11-15 19:56:09 - wget stderr:   4600K .......... .......... .......... .......... .......... 74% 8.65M 0s
2025-11-15 19:56:09 - wget stderr:   4650K .......... .......... .......... .......... .......... 75% 5.30M 0s
2025-11-15 19:56:09 - wget stderr:   4700K .......... .......... .......... .......... .......... 76% 26.8M 0s
2025-11-15 19:56:09 - wget stderr:   4750K .......... .......... .......... .......... .......... 77% 7.81M 0s
2025-11-15 19:56:09 - wget stderr:   4800K .......... .......... .......... .......... .......... 78% 9.58M 0s
2025-11-15 19:56:09 - wget stderr:   4850K .......... .......... .......... .......... .......... 78% 7.64M 0s
2025-11-15 19:56:09 - wget stderr:   4900K .......... .......... .......... .......... .......... 79% 8.17M 0s
2025-11-15 19:56:09 - wget stderr:   4950K .......... .......... .......... .......... .......... 80% 10.2M 0s
2025-11-15 19:56:09 - wget stderr:   5000K .......... .......... .......... .......... .......... 81% 9.24M 0s
2025-11-15 19:56:09 - wget stderr:   5050K .......... .......... .......... .......... .......... 82% 8.48M 0s
2025-11-15 19:56:09 - wget stderr:   5100K .......... .......... .......... .......... .......... 83% 6.15M 0s
2025-11-15 19:56:09 - wget stderr:   5150K .......... .......... .......... .......... .......... 83% 10.9M 0s
2025-11-15 19:56:09 - wget stderr:   5200K .......... .......... .......... .......... .......... 84% 8.19M 0s
2025-11-15 19:56:09 - wget stderr:   5250K .......... .......... .......... .......... .......... 85% 9.05M 0s
2025-11-15 19:56:09 - wget stderr:   5300K .......... .......... .......... .......... .......... 86% 7.35M 0s
2025-11-15 19:56:09 - wget stderr:   5350K .......... .......... .......... .......... .......... 87% 6.87M 0s
2025-11-15 19:56:09 - wget stderr:   5400K .......... .......... .......... .......... .......... 87% 11.0M 0s
2025-11-15 19:56:09 - wget stderr:   5450K .......... .......... .......... .......... .......... 88% 8.68M 0s
2025-11-15 19:56:09 - wget stderr:   5500K .......... .......... .......... .......... .......... 89% 9.43M 0s
2025-11-15 19:56:09 - wget stderr:   5550K .......... .......... .......... .......... .......... 90% 9.29M 0s
2025-11-15 19:56:09 - wget stderr:   5600K .......... .......... .......... .......... .......... 91% 5.28M 0s
2025-11-15 19:56:09 - wget stderr:   5650K .......... .......... .......... .......... .......... 91% 7.92M 0s
2025-11-15 19:56:09 - wget stderr:   5700K .......... .......... .......... .......... .......... 92% 8.76M 0s
2025-11-15 19:56:09 - wget stderr:   5750K .......... .......... .......... .......... .......... 93% 12.7M 0s
2025-11-15 19:56:09 - wget stderr:   5800K .......... .......... .......... .......... .......... 94% 5.85M 0s
2025-11-15 19:56:09 - wget stderr:   5850K .......... .......... .......... .......... .......... 95% 26.6M 0s
2025-11-15 19:56:09 - wget stderr:   5900K .......... .......... .......... .......... .......... 95% 8.12M 0s
2025-11-15 19:56:09 - wget stderr:   5950K .......... .......... .......... .......... .......... 96% 10.1M 0s
2025-11-15 19:56:09 - wget stderr:   6000K .......... .......... .......... .......... .......... 97% 7.92M 0s
2025-11-15 19:56:09 - wget stderr:   6050K .......... .......... .......... .......... .......... 98% 8.17M 0s
2025-11-15 19:56:09 - wget stderr:   6100K .......... .......... .......... .......... .......... 99% 8.72M 0s
2025-11-15 19:56:09 - wget stderr:   6150K .......... .......... .......... .......... .......... 99% 5.12M 0s
2025-11-15 19:56:09 - wget stderr:   6200K ...                                                   100% 69.4M=0.9s
2025-11-15 19:56:09 - wget stderr: 
2025-11-15 19:56:09 - wget stderr: 2025-11-15 19:56:09 (7.07 MB/s) - 'C:/Users/rdesktop1/AppData/Local/Temp/VCDownloads/vcredist2012_x86.zip' saved [6352351/6352351]
2025-11-15 19:56:09 - wget stderr: 
2025-11-15 19:56:09 - Download and extraction complete.
2025-11-15 19:56:09 - Extraction complete.
2025-11-15 19:56:09 - Running installer: C:\Users\rdesktop1\AppData\Local\Temp\VCDownloads\vcredist2012_x86\vcredist2012_x86.exe /passive /norestart
2025-11-15 19:56:13 - Installer finished with code 0
2025-11-15 19:56:13 - Downloading ZIP from http://retrobat.ovh/repo/win64/prerequisites/vcredist2013_x64.zip...
2025-11-15 19:56:13 - wget stderr: --2025-11-15 19:56:13--  http://retrobat.ovh/repo/win64/prerequisites/vcredist2013_x64.zip
2025-11-15 19:56:13 - wget stderr: Resolving retrobat.ovh (retrobat.ovh)... 109.234.164.84
2025-11-15 19:56:13 - wget stderr: Connecting to retrobat.ovh (retrobat.ovh)|109.234.164.84|:80... connected.
2025-11-15 19:56:13 - wget stderr: HTTP request sent, awaiting response... 200 OK
2025-11-15 19:56:13 - wget stderr: Length: 6981901 (6.7M) [application/zip]
2025-11-15 19:56:13 - wget stderr: Saving to: 'C:/Users/rdesktop1/AppData/Local/Temp/VCDownloads/vcredist2013_x64.zip'
2025-11-15 19:56:13 - wget stderr: 
2025-11-15 19:56:14 - wget stderr:      0K .......... .......... .......... .......... ..........  0%  724K 9s
2025-11-15 19:56:14 - wget stderr:     50K .......... .......... .......... .......... ..........  1% 1.55M 7s
2025-11-15 19:56:14 - wget stderr:    100K .......... .......... .......... .......... ..........  2% 7.79M 5s
2025-11-15 19:56:14 - wget stderr:    150K .......... .......... .......... .......... ..........  2% 9.87M 4s
2025-11-15 19:56:14 - wget stderr:    200K .......... .......... .......... .......... ..........  3% 1.95M 4s
2025-11-15 19:56:14 - wget stderr:    250K .......... .......... .......... .......... ..........  4% 9.97M 3s
2025-11-15 19:56:14 - wget stderr:    300K .......... .......... .......... .......... ..........  5% 8.79M 3s
2025-11-15 19:56:14 - wget stderr:    350K .......... .......... .......... .......... ..........  5% 9.04M 2s
2025-11-15 19:56:14 - wget stderr:    400K .......... .......... .......... .......... ..........  6% 2.72M 2s
2025-11-15 19:56:14 - wget stderr:    450K .......... .......... .......... .......... ..........  7% 9.04M 2s
2025-11-15 19:56:14 - wget stderr:    500K .......... .......... .......... .......... ..........  8% 8.65M 2s
2025-11-15 19:56:14 - wget stderr:    550K .......... .......... .......... .......... ..........  8% 6.74M 2s
2025-11-15 19:56:14 - wget stderr:    600K .......... .......... .......... .......... ..........  9% 8.91M 2s
2025-11-15 19:56:14 - wget stderr:    650K .......... .......... .......... .......... .......... 10% 10.9M 2s
2025-11-15 19:56:14 - wget stderr:    700K .......... .......... .......... .......... .......... 10% 9.70M 2s
2025-11-15 19:56:14 - wget stderr:    750K .......... .......... .......... .......... .......... 11% 8.93M 2s
2025-11-15 19:56:14 - wget stderr:    800K .......... .......... .......... .......... .......... 12% 8.79M 2s
2025-11-15 19:56:14 - wget stderr:    850K .......... .......... .......... .......... .......... 13% 6.47M 1s
2025-11-15 19:56:14 - wget stderr:    900K .......... .......... .......... .......... .......... 13% 6.07M 1s
2025-11-15 19:56:14 - wget stderr:    950K .......... .......... .......... .......... .......... 14% 6.90M 1s
2025-11-15 19:56:14 - wget stderr:   1000K .......... .......... .......... .......... .......... 15% 14.1M 1s
2025-11-15 19:56:14 - wget stderr:   1050K .......... .......... .......... .......... .......... 16% 11.5M 1s
2025-11-15 19:56:14 - wget stderr:   1100K .......... .......... .......... .......... .......... 16% 11.0M 1s
2025-11-15 19:56:14 - wget stderr:   1150K .......... .......... .......... .......... .......... 17% 8.11M 1s
2025-11-15 19:56:14 - wget stderr:   1200K .......... .......... .......... .......... .......... 18% 8.75M 1s
2025-11-15 19:56:14 - wget stderr:   1250K .......... .......... .......... .......... .......... 19% 9.50M 1s
2025-11-15 19:56:14 - wget stderr:   1300K .......... .......... .......... .......... .......... 19% 6.77M 1s
2025-11-15 19:56:14 - wget stderr:   1350K .......... .......... .......... .......... .......... 20% 10.4M 1s
2025-11-15 19:56:14 - wget stderr:   1400K .......... .......... .......... .......... .......... 21% 7.79M 1s
2025-11-15 19:56:14 - wget stderr:   1450K .......... .......... .......... .......... .......... 21% 7.88M 1s
2025-11-15 19:56:14 - wget stderr:   1500K .......... .......... .......... .......... .......... 22% 10.5M 1s
2025-11-15 19:56:14 - wget stderr:   1550K .......... .......... .......... .......... .......... 23% 7.92M 1s
2025-11-15 19:56:14 - wget stderr:   1600K .......... .......... .......... .......... .......... 24% 9.23M 1s
2025-11-15 19:56:14 - wget stderr:   1650K .......... .......... .......... .......... .......... 24% 8.51M 1s
2025-11-15 19:56:14 - wget stderr:   1700K .......... .......... .......... .......... .......... 25%  559K 1s
2025-11-15 19:56:14 - wget stderr:   1750K .......... .......... .......... .......... .......... 26% 8.27M 1s
2025-11-15 19:56:14 - wget stderr:   1800K .......... .......... .......... .......... .......... 27% 9.41M 1s
2025-11-15 19:56:14 - wget stderr:   1850K .......... .......... .......... .......... .......... 27% 7.31M 1s
2025-11-15 19:56:14 - wget stderr:   1900K .......... .......... .......... .......... .......... 28% 20.9M 1s
2025-11-15 19:56:14 - wget stderr:   1950K .......... .......... .......... .......... .......... 29% 8.00M 1s
2025-11-15 19:56:14 - wget stderr:   2000K .......... .......... .......... .......... .......... 30% 87.2M 1s
2025-11-15 19:56:14 - wget stderr:   2050K .......... .......... .......... .......... .......... 30% 83.8M 1s
2025-11-15 19:56:14 - wget stderr:   2100K .......... .......... .......... .......... .......... 31% 81.6M 1s
2025-11-15 19:56:14 - wget stderr:   2150K .......... .......... .......... .......... .......... 32% 87.1M 1s
2025-11-15 19:56:14 - wget stderr:   2200K .......... .......... .......... .......... .......... 32%  127M 1s
2025-11-15 19:56:14 - wget stderr:   2250K .......... .......... .......... .......... .......... 33%  167M 1s
2025-11-15 19:56:14 - wget stderr:   2300K .......... .......... .......... .......... .......... 34% 40.4M 1s
2025-11-15 19:56:14 - wget stderr:   2350K .......... .......... .......... .......... .......... 35% 96.8M 1s
2025-11-15 19:56:14 - wget stderr:   2400K .......... .......... .......... .......... .......... 35%  144M 1s
2025-11-15 19:56:14 - wget stderr:   2450K .......... .......... .......... .......... .......... 36%  121M 1s
2025-11-15 19:56:14 - wget stderr:   2500K .......... .......... .......... .......... .......... 37%  109M 1s
2025-11-15 19:56:14 - wget stderr:   2550K .......... .......... .......... .......... .......... 38% 82.5M 1s
2025-11-15 19:56:14 - wget stderr:   2600K .......... .......... .......... .......... .......... 38% 62.5M 1s
2025-11-15 19:56:14 - wget stderr:   2650K .......... .......... .......... .......... .......... 39% 56.2M 1s
2025-11-15 19:56:14 - wget stderr:   2700K .......... .......... .......... .......... .......... 40%  169M 1s
2025-11-15 19:56:14 - wget stderr:   2750K .......... .......... .......... .......... .......... 41% 15.2M 1s
2025-11-15 19:56:14 - wget stderr:   2800K .......... .......... .......... .......... .......... 41% 8.21M 1s
2025-11-15 19:56:14 - wget stderr:   2850K .......... .......... .......... .......... .......... 42% 8.83M 1s
2025-11-15 19:56:14 - wget stderr:   2900K .......... .......... .......... .......... .......... 43% 6.20M 1s
2025-11-15 19:56:14 - wget stderr:   2950K .......... .......... .......... .......... .......... 43% 8.49M 1s
2025-11-15 19:56:14 - wget stderr:   3000K .......... .......... .......... .......... .......... 44% 9.51M 1s
2025-11-15 19:56:14 - wget stderr:   3050K .......... .......... .......... .......... .......... 45% 6.28M 1s
2025-11-15 19:56:14 - wget stderr:   3100K .......... .......... .......... .......... .......... 46% 9.44M 1s
2025-11-15 19:56:14 - wget stderr:   3150K .......... .......... .......... .......... .......... 46% 14.5M 1s
2025-11-15 19:56:14 - wget stderr:   3200K .......... .......... .......... .......... .......... 47% 7.48M 1s
2025-11-15 19:56:14 - wget stderr:   3250K .......... .......... .......... .......... .......... 48% 8.24M 1s
2025-11-15 19:56:14 - wget stderr:   3300K .......... .......... .......... .......... .......... 49% 10.9M 1s
2025-11-15 19:56:14 - wget stderr:   3350K .......... .......... .......... .......... .......... 49% 6.96M 1s
2025-11-15 19:56:14 - wget stderr:   3400K .......... .......... .......... .......... .......... 50% 11.7M 1s
2025-11-15 19:56:14 - wget stderr:   3450K .......... .......... .......... .......... .......... 51% 7.04M 0s
2025-11-15 19:56:14 - wget stderr:   3500K .......... .......... .......... .......... .......... 52% 9.97M 0s
2025-11-15 19:56:14 - wget stderr:   3550K .......... .......... .......... .......... .......... 52% 8.02M 0s
2025-11-15 19:56:14 - wget stderr:   3600K .......... .......... .......... .......... .......... 53% 5.46M 0s
2025-11-15 19:56:14 - wget stderr:   3650K .......... .......... .......... .......... .......... 54% 24.6M 0s
2025-11-15 19:56:14 - wget stderr:   3700K .......... .......... .......... .......... .......... 54% 8.32M 0s
2025-11-15 19:56:14 - wget stderr:   3750K .......... .......... .......... .......... .......... 55% 8.34M 0s
2025-11-15 19:56:14 - wget stderr:   3800K .......... .......... .......... .......... .......... 56% 6.51M 0s
2025-11-15 19:56:14 - wget stderr:   3850K .......... .......... .......... .......... .......... 57% 13.1M 0s
2025-11-15 19:56:14 - wget stderr:   3900K .......... .......... .......... .......... .......... 57% 9.01M 0s
2025-11-15 19:56:14 - wget stderr:   3950K .......... .......... .......... .......... .......... 58% 5.60M 0s
2025-11-15 19:56:14 - wget stderr:   4000K .......... .......... .......... .......... .......... 59% 12.8M 0s
2025-11-15 19:56:14 - wget stderr:   4050K .......... .......... .......... .......... .......... 60% 8.92M 0s
2025-11-15 19:56:14 - wget stderr:   4100K .......... .......... .......... .......... .......... 60% 10.8M 0s
2025-11-15 19:56:14 - wget stderr:   4150K .......... .......... .......... .......... .......... 61% 7.44M 0s
2025-11-15 19:56:14 - wget stderr:   4200K .......... .......... .......... .......... .......... 62% 10.0M 0s
2025-11-15 19:56:14 - wget stderr:   4250K .......... .......... .......... .......... .......... 63% 8.15M 0s
2025-11-15 19:56:14 - wget stderr:   4300K .......... .......... .......... .......... .......... 63% 6.21M 0s
2025-11-15 19:56:14 - wget stderr:   4350K .......... .......... .......... .......... .......... 64% 10.1M 0s
2025-11-15 19:56:14 - wget stderr:   4400K .......... .......... .......... .......... .......... 65% 10.5M 0s
2025-11-15 19:56:14 - wget stderr:   4450K .......... .......... .......... .......... .......... 65% 8.19M 0s
2025-11-15 19:56:14 - wget stderr:   4500K .......... .......... .......... .......... .......... 66% 8.52M 0s
2025-11-15 19:56:14 - wget stderr:   4550K .......... .......... .......... .......... .......... 67% 7.91M 0s
2025-11-15 19:56:14 - wget stderr:   4600K .......... .......... .......... .......... .......... 68% 10.0M 0s
2025-11-15 19:56:14 - wget stderr:   4650K .......... .......... .......... .......... .......... 68% 7.08M 0s
2025-11-15 19:56:14 - wget stderr:   4700K .......... .......... .......... .......... .......... 69% 9.29M 0s
2025-11-15 19:56:14 - wget stderr:   4750K .......... .......... .......... .......... .......... 70% 6.76M 0s
2025-11-15 19:56:14 - wget stderr:   4800K .......... .......... .......... .......... .......... 71% 11.9M 0s
2025-11-15 19:56:14 - wget stderr:   4850K .......... .......... .......... .......... .......... 71% 6.51M 0s
2025-11-15 19:56:14 - wget stderr:   4900K .......... .......... .......... .......... .......... 72% 11.1M 0s
2025-11-15 19:56:14 - wget stderr:   4950K .......... .......... .......... .......... .......... 73% 7.68M 0s
2025-11-15 19:56:14 - wget stderr:   5000K .......... .......... .......... .......... .......... 74% 6.73M 0s
2025-11-15 19:56:14 - wget stderr:   5050K .......... .......... .......... .......... .......... 74% 17.1M 0s
2025-11-15 19:56:14 - wget stderr:   5100K .......... .......... .......... .......... .......... 75% 5.44M 0s
2025-11-15 19:56:14 - wget stderr:   5150K .......... .......... .......... .......... .......... 76% 9.48M 0s
2025-11-15 19:56:14 - wget stderr:   5200K .......... .......... .......... .......... .......... 76% 6.75M 0s
2025-11-15 19:56:14 - wget stderr:   5250K .......... .......... .......... .......... .......... 77% 4.74M 0s
2025-11-15 19:56:14 - wget stderr:   5300K .......... .......... .......... .......... .......... 78% 12.8M 0s
2025-11-15 19:56:14 - wget stderr:   5350K .......... .......... .......... .......... .......... 79% 15.8M 0s
2025-11-15 19:56:14 - wget stderr:   5400K .......... .......... .......... .......... .......... 79% 14.4M 0s
2025-11-15 19:56:14 - wget stderr:   5450K .......... .......... .......... .......... .......... 80% 7.57M 0s
2025-11-15 19:56:14 - wget stderr:   5500K .......... .......... .......... .......... .......... 81% 12.6M 0s
2025-11-15 19:56:14 - wget stderr:   5550K .......... .......... .......... .......... .......... 82% 7.16M 0s
2025-11-15 19:56:14 - wget stderr:   5600K .......... .......... .......... .......... .......... 82% 9.21M 0s
2025-11-15 19:56:14 - wget stderr:   5650K .......... .......... .......... .......... .......... 83% 9.48M 0s
2025-11-15 19:56:14 - wget stderr:   5700K .......... .......... .......... .......... .......... 84% 8.26M 0s
2025-11-15 19:56:14 - wget stderr:   5750K .......... .......... .......... .......... .......... 85% 7.33M 0s
2025-11-15 19:56:14 - wget stderr:   5800K .......... .......... .......... .......... .......... 85%  586K 0s
2025-11-15 19:56:14 - wget stderr:   5850K .......... .......... .......... .......... .......... 86%  187M 0s
2025-11-15 19:56:14 - wget stderr:   5900K .......... .......... .......... .......... .......... 87%  281M 0s
2025-11-15 19:56:14 - wget stderr:   5950K .......... .......... .......... .......... .......... 87%  155M 0s
2025-11-15 19:56:14 - wget stderr:   6000K .......... .......... .......... .......... .......... 88%  165M 0s
2025-11-15 19:56:14 - wget stderr:   6050K .......... .......... .......... .......... .......... 89% 2.48M 0s
2025-11-15 19:56:14 - wget stderr:   6100K .......... .......... .......... .......... .......... 90%  136M 0s
2025-11-15 19:56:14 - wget stderr:   6150K .......... .......... .......... .......... .......... 90%  222M 0s
2025-11-15 19:56:14 - wget stderr:   6200K .......... .......... .......... .......... .......... 91%  273M 0s
2025-11-15 19:56:14 - wget stderr:   6250K .......... .......... .......... .......... .......... 92%  174M 0s
2025-11-15 19:56:14 - wget stderr:   6300K .......... .......... .......... .......... .......... 93%  133M 0s
2025-11-15 19:56:14 - wget stderr:   6350K .......... .......... .......... .......... .......... 93%  369M 0s
2025-11-15 19:56:14 - wget stderr:   6400K .......... .......... .......... .......... .......... 94%  250M 0s
2025-11-15 19:56:14 - wget stderr:   6450K .......... .......... .......... .......... .......... 95% 5.69M 0s
2025-11-15 19:56:14 - wget stderr:   6500K .......... .......... .......... .......... .......... 96%  136M 0s
2025-11-15 19:56:14 - wget stderr:   6550K .......... .......... .......... .......... .......... 96%  362M 0s
2025-11-15 19:56:14 - wget stderr:   6600K .......... .......... .......... .......... .......... 97%  171M 0s
2025-11-15 19:56:14 - wget stderr:   6650K .......... .......... .......... .......... .......... 98%  178M 0s
2025-11-15 19:56:14 - wget stderr:   6700K .......... .......... .......... .......... .......... 98%  255M 0s
2025-11-15 19:56:14 - wget stderr:   6750K .......... .......... .......... .......... .......... 99%  158M 0s
2025-11-15 19:56:14 - wget stderr:   6800K .......... ........                                   100%  119M=0.9s
2025-11-15 19:56:14 - wget stderr: 
2025-11-15 19:56:14 - wget stderr: 2025-11-15 19:56:14 (7.37 MB/s) - 'C:/Users/rdesktop1/AppData/Local/Temp/VCDownloads/vcredist2013_x64.zip' saved [6981901/6981901]
2025-11-15 19:56:14 - wget stderr: 
2025-11-15 19:56:14 - Download and extraction complete.
2025-11-15 19:56:14 - Extraction complete.
2025-11-15 19:56:14 - Running installer: C:\Users\rdesktop1\AppData\Local\Temp\VCDownloads\vcredist2013_x64\vcredist2013_x64.exe /passive /norestart
2025-11-15 19:56:18 - Installer finished with code 0
2025-11-15 19:56:18 - Downloading ZIP from http://retrobat.ovh/repo/win64/prerequisites/vcredist2013_x86.zip...
2025-11-15 19:56:18 - wget stderr: --2025-11-15 19:56:18--  http://retrobat.ovh/repo/win64/prerequisites/vcredist2013_x86.zip
2025-11-15 19:56:18 - wget stderr: Resolving retrobat.ovh (retrobat.ovh)... 109.234.164.84
2025-11-15 19:56:18 - wget stderr: Connecting to retrobat.ovh (retrobat.ovh)|109.234.164.84|:80... connected.
2025-11-15 19:56:18 - wget stderr: HTTP request sent, awaiting response... 200 OK
2025-11-15 19:56:18 - wget stderr: Length: 6290973 (6.0M) [application/zip]
2025-11-15 19:56:18 - wget stderr: Saving to: 'C:/Users/rdesktop1/AppData/Local/Temp/VCDownloads/vcredist2013_x86.zip'
2025-11-15 19:56:18 - wget stderr: 
2025-11-15 19:56:18 - wget stderr:      0K .......... .......... .......... .......... ..........  0%  814K 7s
2025-11-15 19:56:18 - wget stderr:     50K .......... .......... .......... .......... ..........  1% 1.48M 6s
2025-11-15 19:56:18 - wget stderr:    100K .......... .......... .......... .......... ..........  2% 7.82M 4s
2025-11-15 19:56:18 - wget stderr:    150K .......... .......... .......... .......... ..........  3% 24.0M 3s
2025-11-15 19:56:18 - wget stderr:    200K .......... .......... .......... .......... ..........  4% 1.75M 3s
2025-11-15 19:56:18 - wget stderr:    250K .......... .......... .......... .......... ..........  4% 7.75M 3s
2025-11-15 19:56:18 - wget stderr:    300K .......... .......... .......... .......... ..........  5% 9.63M 2s
2025-11-15 19:56:18 - wget stderr:    350K .......... .......... .......... .......... ..........  6% 7.53M 2s
2025-11-15 19:56:18 - wget stderr:    400K .......... .......... .......... .......... ..........  7% 5.17M 2s
2025-11-15 19:56:18 - wget stderr:    450K .......... .......... .......... .......... ..........  8% 7.47M 2s
2025-11-15 19:56:18 - wget stderr:    500K .......... .......... .......... .......... ..........  8% 10.7M 2s
2025-11-15 19:56:18 - wget stderr:    550K .......... .......... .......... .......... ..........  9% 5.83M 2s
2025-11-15 19:56:18 - wget stderr:    600K .......... .......... .......... .......... .......... 10% 8.64M 2s
2025-11-15 19:56:18 - wget stderr:    650K .......... .......... .......... .......... .......... 11% 8.76M 1s
2025-11-15 19:56:18 - wget stderr:    700K .......... .......... .......... .......... .......... 12% 5.08M 1s
2025-11-15 19:56:18 - wget stderr:    750K .......... .......... .......... .......... .......... 13% 10.5M 1s
2025-11-15 19:56:18 - wget stderr:    800K .......... .......... .......... .......... .......... 13% 16.3M 1s
2025-11-15 19:56:18 - wget stderr:    850K .......... .......... .......... .......... .......... 14% 9.02M 1s
2025-11-15 19:56:18 - wget stderr:    900K .......... .......... .......... .......... .......... 15% 9.11M 1s
2025-11-15 19:56:18 - wget stderr:    950K .......... .......... .......... .......... .......... 16% 7.66M 1s
2025-11-15 19:56:18 - wget stderr:   1000K .......... .......... .......... .......... .......... 17% 8.59M 1s
2025-11-15 19:56:18 - wget stderr:   1050K .......... .......... .......... .......... .......... 17% 9.40M 1s
2025-11-15 19:56:18 - wget stderr:   1100K .......... .......... .......... .......... .......... 18% 6.90M 1s
2025-11-15 19:56:18 - wget stderr:   1150K .......... .......... .......... .......... .......... 19% 8.88M 1s
2025-11-15 19:56:18 - wget stderr:   1200K .......... .......... .......... .......... .......... 20% 10.2M 1s
2025-11-15 19:56:18 - wget stderr:   1250K .......... .......... .......... .......... .......... 21% 7.50M 1s
2025-11-15 19:56:18 - wget stderr:   1300K .......... .......... .......... .......... .......... 21% 8.38M 1s
2025-11-15 19:56:18 - wget stderr:   1350K .......... .......... .......... .......... .......... 22% 9.38M 1s
2025-11-15 19:56:18 - wget stderr:   1400K .......... .......... .......... .......... .......... 23% 8.68M 1s
2025-11-15 19:56:18 - wget stderr:   1450K .......... .......... .......... .......... .......... 24% 8.47M 1s
2025-11-15 19:56:18 - wget stderr:   1500K .......... .......... .......... .......... .......... 25% 8.85M 1s
2025-11-15 19:56:18 - wget stderr:   1550K .......... .......... .......... .......... .......... 26% 5.12M 1s
2025-11-15 19:56:18 - wget stderr:   1600K .......... .......... .......... .......... .......... 26% 7.00M 1s
2025-11-15 19:56:18 - wget stderr:   1650K .......... .......... .......... .......... .......... 27%  582K 1s
2025-11-15 19:56:18 - wget stderr:   1700K .......... .......... .......... .......... .......... 28% 13.6M 1s
2025-11-15 19:56:18 - wget stderr:   1750K .......... .......... .......... .......... .......... 29% 13.7M 1s
2025-11-15 19:56:18 - wget stderr:   1800K .......... .......... .......... .......... .......... 30% 6.94M 1s
2025-11-15 19:56:18 - wget stderr:   1850K .......... .......... .......... .......... .......... 30% 12.0M 1s
2025-11-15 19:56:18 - wget stderr:   1900K .......... .......... .......... .......... .......... 31% 8.19M 1s
2025-11-15 19:56:18 - wget stderr:   1950K .......... .......... .......... .......... .......... 32% 33.3M 1s
2025-11-15 19:56:18 - wget stderr:   2000K .......... .......... .......... .......... .......... 33% 89.3M 1s
2025-11-15 19:56:18 - wget stderr:   2050K .......... .......... .......... .......... .......... 34% 38.1M 1s
2025-11-15 19:56:18 - wget stderr:   2100K .......... .......... .......... .......... .......... 34%  206M 1s
2025-11-15 19:56:18 - wget stderr:   2150K .......... .......... .......... .......... .......... 35%  244M 1s
2025-11-15 19:56:18 - wget stderr:   2200K .......... .......... .......... .......... .......... 36%  179M 1s
2025-11-15 19:56:18 - wget stderr:   2250K .......... .......... .......... .......... .......... 37%  181M 1s
2025-11-15 19:56:18 - wget stderr:   2300K .......... .......... .......... .......... .......... 38% 96.8M 1s
2025-11-15 19:56:18 - wget stderr:   2350K .......... .......... .......... .......... .......... 39%  219M 1s
2025-11-15 19:56:18 - wget stderr:   2400K .......... .......... .......... .......... .......... 39%  156M 1s
2025-11-15 19:56:18 - wget stderr:   2450K .......... .......... .......... .......... .......... 40%  148M 1s
2025-11-15 19:56:18 - wget stderr:   2500K .......... .......... .......... .......... .......... 41%  143M 1s
2025-11-15 19:56:18 - wget stderr:   2550K .......... .......... .......... .......... .......... 42%  222M 1s
2025-11-15 19:56:18 - wget stderr:   2600K .......... .......... .......... .......... .......... 43%  202M 1s
2025-11-15 19:56:18 - wget stderr:   2650K .......... .......... .......... .......... .......... 43%  221M 1s
2025-11-15 19:56:18 - wget stderr:   2700K .......... .......... .......... .......... .......... 44% 11.9M 1s
2025-11-15 19:56:18 - wget stderr:   2750K .......... .......... .......... .......... .......... 45% 8.24M 1s
2025-11-15 19:56:18 - wget stderr:   2800K .......... .......... .......... .......... .......... 46% 8.47M 1s
2025-11-15 19:56:18 - wget stderr:   2850K .......... .......... .......... .......... .......... 47% 5.09M 0s
2025-11-15 19:56:18 - wget stderr:   2900K .......... .......... .......... .......... .......... 48% 37.2M 0s
2025-11-15 19:56:18 - wget stderr:   2950K .......... .......... .......... .......... .......... 48% 6.30M 0s
2025-11-15 19:56:18 - wget stderr:   3000K .......... .......... .......... .......... .......... 49% 10.4M 0s
2025-11-15 19:56:18 - wget stderr:   3050K .......... .......... .......... .......... .......... 50% 8.22M 0s
2025-11-15 19:56:18 - wget stderr:   3100K .......... .......... .......... .......... .......... 51% 10.7M 0s
2025-11-15 19:56:18 - wget stderr:   3150K .......... .......... .......... .......... .......... 52% 7.44M 0s
2025-11-15 19:56:18 - wget stderr:   3200K .......... .......... .......... .......... .......... 52% 8.73M 0s
2025-11-15 19:56:18 - wget stderr:   3250K .......... .......... .......... .......... .......... 53% 7.36M 0s
2025-11-15 19:56:18 - wget stderr:   3300K .......... .......... .......... .......... .......... 54% 5.99M 0s
2025-11-15 19:56:18 - wget stderr:   3350K .......... .......... .......... .......... .......... 55% 20.9M 0s
2025-11-15 19:56:18 - wget stderr:   3400K .......... .......... .......... .......... .......... 56%  552K 0s
2025-11-15 19:56:18 - wget stderr:   3450K .......... .......... .......... .......... .......... 56%  285M 0s
2025-11-15 19:56:18 - wget stderr:   3500K .......... .......... .......... .......... .......... 57%  127M 0s
2025-11-15 19:56:18 - wget stderr:   3550K .......... .......... .......... .......... .......... 58% 8.57M 0s
2025-11-15 19:56:18 - wget stderr:   3600K .......... .......... .......... .......... .......... 59%  142M 0s
2025-11-15 19:56:18 - wget stderr:   3650K .......... .......... .......... .......... .......... 60%  315M 0s
2025-11-15 19:56:18 - wget stderr:   3700K .......... .......... .......... .......... .......... 61%  281M 0s
2025-11-15 19:56:18 - wget stderr:   3750K .......... .......... .......... .......... .......... 61%  258M 0s
2025-11-15 19:56:18 - wget stderr:   3800K .......... .......... .......... .......... .......... 62%  256M 0s
2025-11-15 19:56:18 - wget stderr:   3850K .......... .......... .......... .......... .......... 63%  196M 0s
2025-11-15 19:56:18 - wget stderr:   3900K .......... .......... .......... .......... .......... 64% 1.85M 0s
2025-11-15 19:56:18 - wget stderr:   3950K .......... .......... .......... .......... .......... 65% 35.7M 0s
2025-11-15 19:56:18 - wget stderr:   4000K .......... .......... .......... .......... .......... 65%  342M 0s
2025-11-15 19:56:18 - wget stderr:   4050K .......... .......... .......... .......... .......... 66%  237M 0s
2025-11-15 19:56:18 - wget stderr:   4100K .......... .......... .......... .......... .......... 67%  148M 0s
2025-11-15 19:56:18 - wget stderr:   4150K .......... .......... .......... .......... .......... 68%  190M 0s
2025-11-15 19:56:18 - wget stderr:   4200K .......... .......... .......... .......... .......... 69%  276M 0s
2025-11-15 19:56:18 - wget stderr:   4250K .......... .......... .......... .......... .......... 69%  274M 0s
2025-11-15 19:56:18 - wget stderr:   4300K .......... .......... .......... .......... .......... 70%  276M 0s
2025-11-15 19:56:18 - wget stderr:   4350K .......... .......... .......... .......... .......... 71%  199M 0s
2025-11-15 19:56:18 - wget stderr:   4400K .......... .......... .......... .......... .......... 72%  150M 0s
2025-11-15 19:56:18 - wget stderr:   4450K .......... .......... .......... .......... .......... 73%  222M 0s
2025-11-15 19:56:18 - wget stderr:   4500K .......... .......... .......... .......... .......... 74% 16.3M 0s
2025-11-15 19:56:18 - wget stderr:   4550K .......... .......... .......... .......... .......... 74% 6.90M 0s
2025-11-15 19:56:18 - wget stderr:   4600K .......... .......... .......... .......... .......... 75% 7.12M 0s
2025-11-15 19:56:18 - wget stderr:   4650K .......... .......... .......... .......... .......... 76% 13.8M 0s
2025-11-15 19:56:18 - wget stderr:   4700K .......... .......... .......... .......... .......... 77% 7.52M 0s
2025-11-15 19:56:18 - wget stderr:   4750K .......... .......... .......... .......... .......... 78% 8.61M 0s
2025-11-15 19:56:18 - wget stderr:   4800K .......... .......... .......... .......... .......... 78% 8.96M 0s
2025-11-15 19:56:18 - wget stderr:   4850K .......... .......... .......... .......... .......... 79% 9.65M 0s
2025-11-15 19:56:18 - wget stderr:   4900K .......... .......... .......... .......... .......... 80% 7.91M 0s
2025-11-15 19:56:18 - wget stderr:   4950K .......... .......... .......... .......... .......... 81% 7.93M 0s
2025-11-15 19:56:18 - wget stderr:   5000K .......... .......... .......... .......... .......... 82% 8.80M 0s
2025-11-15 19:56:18 - wget stderr:   5050K .......... .......... .......... .......... .......... 83% 8.70M 0s
2025-11-15 19:56:18 - wget stderr:   5100K .......... .......... .......... .......... .......... 83% 8.12M 0s
2025-11-15 19:56:18 - wget stderr:   5150K .......... .......... .......... .......... .......... 84% 8.46M 0s
2025-11-15 19:56:18 - wget stderr:   5200K .......... .......... .......... .......... .......... 85% 4.85M 0s
2025-11-15 19:56:18 - wget stderr:   5250K .......... .......... .......... .......... .......... 86% 10.4M 0s
2025-11-15 19:56:18 - wget stderr:   5300K .......... .......... .......... .......... .......... 87% 26.3M 0s
2025-11-15 19:56:18 - wget stderr:   5350K .......... .......... .......... .......... .......... 87% 8.19M 0s
2025-11-15 19:56:18 - wget stderr:   5400K .......... .......... .......... .......... .......... 88% 6.15M 0s
2025-11-15 19:56:18 - wget stderr:   5450K .......... .......... .......... .......... .......... 89% 13.0M 0s
2025-11-15 19:56:18 - wget stderr:   5500K .......... .......... .......... .......... .......... 90% 9.15M 0s
2025-11-15 19:56:19 - wget stderr:   5550K .......... .......... .......... .......... .......... 91% 8.14M 0s
2025-11-15 19:56:19 - wget stderr:   5600K .......... .......... .......... .......... .......... 91% 6.92M 0s
2025-11-15 19:56:19 - wget stderr:   5650K .......... .......... .......... .......... .......... 92% 10.4M 0s
2025-11-15 19:56:19 - wget stderr:   5700K .......... .......... .......... .......... .......... 93% 8.89M 0s
2025-11-15 19:56:19 - wget stderr:   5750K .......... .......... .......... .......... .......... 94% 9.12M 0s
2025-11-15 19:56:19 - wget stderr:   5800K .......... .......... .......... .......... .......... 95% 8.02M 0s
2025-11-15 19:56:19 - wget stderr:   5850K .......... .......... .......... .......... .......... 96% 9.25M 0s
2025-11-15 19:56:19 - wget stderr:   5900K .......... .......... .......... .......... .......... 96% 8.62M 0s
2025-11-15 19:56:19 - wget stderr:   5950K .......... .......... .......... .......... .......... 97% 7.95M 0s
2025-11-15 19:56:19 - wget stderr:   6000K .......... .......... .......... .......... .......... 98% 8.40M 0s
2025-11-15 19:56:19 - wget stderr:   6050K .......... .......... .......... .......... .......... 99% 7.44M 0s
2025-11-15 19:56:19 - wget stderr:   6100K .......... .......... .......... .......... ...       100% 4.82M=0.8s
2025-11-15 19:56:19 - wget stderr: 
2025-11-15 19:56:19 - wget stderr: 2025-11-15 19:56:19 (7.34 MB/s) - 'C:/Users/rdesktop1/AppData/Local/Temp/VCDownloads/vcredist2013_x86.zip' saved [6290973/6290973]
2025-11-15 19:56:19 - wget stderr: 
2025-11-15 19:56:19 - Download and extraction complete.
2025-11-15 19:56:19 - Extraction complete.
2025-11-15 19:56:19 - Running installer: C:\Users\rdesktop1\AppData\Local\Temp\VCDownloads\vcredist2013_x86\vcredist2013_x86.exe /passive /norestart
2025-11-15 19:56:22 - Installer finished with code 0
2025-11-15 19:56:22 - Downloading ZIP from http://retrobat.ovh/repo/win64/prerequisites/vcredist2015_2017_2019_2022_x64.zip...
2025-11-15 19:56:22 - wget stderr: --2025-11-15 19:56:22--  http://retrobat.ovh/repo/win64/prerequisites/vcredist2015_2017_2019_2022_x64.zip
2025-11-15 19:56:22 - wget stderr: Resolving retrobat.ovh (retrobat.ovh)... 109.234.164.84
2025-11-15 19:56:22 - wget stderr: Connecting to retrobat.ovh (retrobat.ovh)|109.234.164.84|:80... connected.
2025-11-15 19:56:22 - wget stderr: HTTP request sent, awaiting response... 200 OK
2025-11-15 19:56:22 - wget stderr: Length: 25382704 (24M) [application/zip]
2025-11-15 19:56:22 - wget stderr: Saving to: 'C:/Users/rdesktop1/AppData/Local/Temp/VCDownloads/vcredist2015_2017_2019_2022_x64.zip'
2025-11-15 19:56:22 - wget stderr: 
2025-11-15 19:56:22 - wget stderr:      0K .......... .......... .......... .......... ..........  0%  639K 39s
2025-11-15 19:56:22 - wget stderr:     50K .......... .......... .......... .......... ..........  0% 1.70M 26s
2025-11-15 19:56:22 - wget stderr:    100K .......... .......... .......... .......... ..........  0% 7.24M 19s
2025-11-15 19:56:22 - wget stderr:    150K .......... .......... .......... .......... ..........  0% 7.24M 15s
2025-11-15 19:56:22 - wget stderr:    200K .......... .......... .......... .......... ..........  1% 2.19M 14s
2025-11-15 19:56:22 - wget stderr:    250K .......... .......... .......... .......... ..........  1% 7.08M 12s
2025-11-15 19:56:22 - wget stderr:    300K .......... .......... .......... .......... ..........  1% 8.96M 11s
2025-11-15 19:56:22 - wget stderr:    350K .......... .......... .......... .......... ..........  1% 3.86M 10s
2025-11-15 19:56:22 - wget stderr:    400K .......... .......... .......... .......... ..........  1% 10.9M 9s
2025-11-15 19:56:22 - wget stderr:    450K .......... .......... .......... .......... ..........  2% 7.73M 9s
2025-11-15 19:56:22 - wget stderr:    500K .......... .......... .......... .......... ..........  2% 4.18M 8s
2025-11-15 19:56:22 - wget stderr:    550K .......... .......... .......... .......... ..........  2% 9.34M 8s
2025-11-15 19:56:22 - wget stderr:    600K .......... .......... .......... .......... ..........  2% 6.46M 8s
2025-11-15 19:56:22 - wget stderr:    650K .......... .......... .......... .......... ..........  2% 11.3M 7s
2025-11-15 19:56:22 - wget stderr:    700K .......... .......... .......... .......... ..........  3% 8.78M 7s
2025-11-15 19:56:22 - wget stderr:    750K .......... .......... .......... .......... ..........  3% 7.94M 7s
2025-11-15 19:56:22 - wget stderr:    800K .......... .......... .......... .......... ..........  3% 9.68M 6s
2025-11-15 19:56:22 - wget stderr:    850K .......... .......... .......... .......... ..........  3% 8.92M 6s
2025-11-15 19:56:22 - wget stderr:    900K .......... .......... .......... .......... ..........  3% 8.56M 6s
2025-11-15 19:56:22 - wget stderr:    950K .......... .......... .......... .......... ..........  4% 8.67M 6s
2025-11-15 19:56:22 - wget stderr:   1000K .......... .......... .......... .......... ..........  4% 8.57M 6s
2025-11-15 19:56:22 - wget stderr:   1050K .......... .......... .......... .......... ..........  4% 8.42M 5s
2025-11-15 19:56:22 - wget stderr:   1100K .......... .......... .......... .......... ..........  4% 6.59M 5s
2025-11-15 19:56:22 - wget stderr:   1150K .......... .......... .......... .......... ..........  4% 7.60M 5s
2025-11-15 19:56:22 - wget stderr:   1200K .......... .......... .......... .......... ..........  5% 13.4M 5s
2025-11-15 19:56:22 - wget stderr:   1250K .......... .......... .......... .......... ..........  5% 8.58M 5s
2025-11-15 19:56:22 - wget stderr:   1300K .......... .......... .......... .......... ..........  5% 7.46M 5s
2025-11-15 19:56:22 - wget stderr:   1350K .......... .......... .......... .......... ..........  5% 10.7M 5s
2025-11-15 19:56:22 - wget stderr:   1400K .......... .......... .......... .......... ..........  5% 5.18M 5s
2025-11-15 19:56:22 - wget stderr:   1450K .......... .......... .......... .......... ..........  6% 23.3M 5s
2025-11-15 19:56:22 - wget stderr:   1500K .......... .......... .......... .......... ..........  6% 8.68M 5s
2025-11-15 19:56:22 - wget stderr:   1550K .......... .......... .......... .......... ..........  6% 7.40M 4s
2025-11-15 19:56:22 - wget stderr:   1600K .......... .......... .......... .......... ..........  6% 6.89M 4s
2025-11-15 19:56:22 - wget stderr:   1650K .......... .......... .......... .......... ..........  6% 10.6M 4s
2025-11-15 19:56:22 - wget stderr:   1700K .......... .......... .......... .......... ..........  7%  576K 5s
2025-11-15 19:56:22 - wget stderr:   1750K .......... .......... .......... .......... ..........  7% 12.7M 5s
2025-11-15 19:56:22 - wget stderr:   1800K .......... .......... .......... .......... ..........  7%  275M 5s
2025-11-15 19:56:22 - wget stderr:   1850K .......... .......... .......... .......... ..........  7%  106M 5s
2025-11-15 19:56:22 - wget stderr:   1900K .......... .......... .......... .......... ..........  7%  226M 5s
2025-11-15 19:56:22 - wget stderr:   1950K .......... .......... .......... .......... ..........  8%  181M 5s
2025-11-15 19:56:22 - wget stderr:   2000K .......... .......... .......... .......... ..........  8% 3.12M 5s
2025-11-15 19:56:22 - wget stderr:   2050K .......... .......... .......... .......... ..........  8% 13.9M 5s
2025-11-15 19:56:22 - wget stderr:   2100K .......... .......... .......... .......... ..........  8% 12.1M 5s
2025-11-15 19:56:22 - wget stderr:   2150K .......... .......... .......... .......... ..........  8%  357M 4s
2025-11-15 19:56:22 - wget stderr:   2200K .......... .......... .......... .......... ..........  9% 11.6M 4s
2025-11-15 19:56:22 - wget stderr:   2250K .......... .......... .......... .......... ..........  9% 80.5M 4s
2025-11-15 19:56:22 - wget stderr:   2300K .......... .......... .......... .......... ..........  9% 71.3M 4s
2025-11-15 19:56:22 - wget stderr:   2350K .......... .......... .......... .......... ..........  9%  283M 4s
2025-11-15 19:56:22 - wget stderr:   2400K .......... .......... .......... .......... ..........  9%  246M 4s
2025-11-15 19:56:22 - wget stderr:   2450K .......... .......... .......... .......... .......... 10%  166M 4s
2025-11-15 19:56:22 - wget stderr:   2500K .......... .......... .......... .......... .......... 10%  399M 4s
2025-11-15 19:56:22 - wget stderr:   2550K .......... .......... .......... .......... .......... 10%  114M 4s
2025-11-15 19:56:22 - wget stderr:   2600K .......... .......... .......... .......... .......... 10%  238M 4s
2025-11-15 19:56:22 - wget stderr:   2650K .......... .......... .......... .......... .......... 10%  215M 4s
2025-11-15 19:56:22 - wget stderr:   2700K .......... .......... .......... .......... .......... 11%  275M 4s
2025-11-15 19:56:22 - wget stderr:   2750K .......... .......... .......... .......... .......... 11% 14.7M 4s
2025-11-15 19:56:22 - wget stderr:   2800K .......... .......... .......... .......... .......... 11% 8.78M 3s
2025-11-15 19:56:22 - wget stderr:   2850K .......... .......... .......... .......... .......... 11% 6.16M 3s
2025-11-15 19:56:22 - wget stderr:   2900K .......... .......... .......... .......... .......... 11% 16.2M 3s
2025-11-15 19:56:22 - wget stderr:   2950K .......... .......... .......... .......... .......... 12% 6.98M 3s
2025-11-15 19:56:22 - wget stderr:   3000K .......... .......... .......... .......... .......... 12% 10.8M 3s
2025-11-15 19:56:22 - wget stderr:   3050K .......... .......... .......... .......... .......... 12% 8.84M 3s
2025-11-15 19:56:22 - wget stderr:   3100K .......... .......... .......... .......... .......... 12% 7.18M 3s
2025-11-15 19:56:22 - wget stderr:   3150K .......... .......... .......... .......... .......... 12% 9.20M 3s
2025-11-15 19:56:22 - wget stderr:   3200K .......... .......... .......... .......... .......... 13% 8.64M 3s
2025-11-15 19:56:22 - wget stderr:   3250K .......... .......... .......... .......... .......... 13% 8.66M 3s
2025-11-15 19:56:22 - wget stderr:   3300K .......... .......... .......... .......... .......... 13% 8.44M 3s
2025-11-15 19:56:22 - wget stderr:   3350K .......... .......... .......... .......... .......... 13% 9.04M 3s
2025-11-15 19:56:22 - wget stderr:   3400K .......... .......... .......... .......... .......... 13% 7.17M 3s
2025-11-15 19:56:22 - wget stderr:   3450K .......... .......... .......... .......... .......... 14% 8.45M 3s
2025-11-15 19:56:22 - wget stderr:   3500K .......... .......... .......... .......... .......... 14% 8.24M 3s
2025-11-15 19:56:22 - wget stderr:   3550K .......... .......... .......... .......... .......... 14% 10.7M 3s
2025-11-15 19:56:22 - wget stderr:   3600K .......... .......... .......... .......... .......... 14% 7.32M 3s
2025-11-15 19:56:22 - wget stderr:   3650K .......... .......... .......... .......... .......... 14% 8.77M 3s
2025-11-15 19:56:22 - wget stderr:   3700K .......... .......... .......... .......... .......... 15% 6.74M 3s
2025-11-15 19:56:22 - wget stderr:   3750K .......... .......... .......... .......... .......... 15% 14.4M 3s
2025-11-15 19:56:22 - wget stderr:   3800K .......... .......... .......... .......... .......... 15% 7.18M 3s
2025-11-15 19:56:22 - wget stderr:   3850K .......... .......... .......... .......... .......... 15% 5.30M 3s
2025-11-15 19:56:22 - wget stderr:   3900K .......... .......... .......... .......... .......... 15% 6.26M 3s
2025-11-15 19:56:22 - wget stderr:   3950K .......... .......... .......... .......... .......... 16% 6.98M 3s
2025-11-15 19:56:22 - wget stderr:   4000K .......... .......... .......... .......... .......... 16% 3.79M 3s
2025-11-15 19:56:22 - wget stderr:   4050K .......... .......... .......... .......... .......... 16% 8.87M 3s
2025-11-15 19:56:22 - wget stderr:   4100K .......... .......... .......... .......... .......... 16% 6.18M 3s
2025-11-15 19:56:22 - wget stderr:   4150K .......... .......... .......... .......... .......... 16% 6.12M 3s
2025-11-15 19:56:22 - wget stderr:   4200K .......... .......... .......... .......... .......... 17% 6.81M 3s
2025-11-15 19:56:22 - wget stderr:   4250K .......... .......... .......... .......... .......... 17% 8.81M 3s
2025-11-15 19:56:22 - wget stderr:   4300K .......... .......... .......... .......... .......... 17% 7.06M 3s
2025-11-15 19:56:22 - wget stderr:   4350K .......... .......... .......... .......... .......... 17%  573K 3s
2025-11-15 19:56:22 - wget stderr:   4400K .......... .......... .......... .......... .......... 17% 79.1M 3s
2025-11-15 19:56:22 - wget stderr:   4450K .......... .......... .......... .......... .......... 18% 99.2M 3s
2025-11-15 19:56:22 - wget stderr:   4500K .......... .......... .......... .......... .......... 18% 2.44M 3s
2025-11-15 19:56:22 - wget stderr:   4550K .......... .......... .......... .......... .......... 18% 9.05M 3s
2025-11-15 19:56:22 - wget stderr:   4600K .......... .......... .......... .......... .......... 18%  192M 3s
2025-11-15 19:56:22 - wget stderr:   4650K .......... .......... .......... .......... .......... 18%  137M 3s
2025-11-15 19:56:22 - wget stderr:   4700K .......... .......... .......... .......... .......... 19%  148M 3s
2025-11-15 19:56:22 - wget stderr:   4750K .......... .......... .......... .......... .......... 19%  360M 3s
2025-11-15 19:56:22 - wget stderr:   4800K .......... .......... .......... .......... .......... 19%  372M 3s
2025-11-15 19:56:22 - wget stderr:   4850K .......... .......... .......... .......... .......... 19%  218M 3s
2025-11-15 19:56:22 - wget stderr:   4900K .......... .......... .......... .......... .......... 19%  265M 3s
2025-11-15 19:56:22 - wget stderr:   4950K .......... .......... .......... .......... .......... 20%  164M 3s
2025-11-15 19:56:22 - wget stderr:   5000K .......... .......... .......... .......... .......... 20%  156M 3s
2025-11-15 19:56:22 - wget stderr:   5050K .......... .......... .......... .......... .......... 20% 8.75M 3s
2025-11-15 19:56:22 - wget stderr:   5100K .......... .......... .......... .......... .......... 20% 3.27M 3s
2025-11-15 19:56:22 - wget stderr:   5150K .......... .......... .......... .......... .......... 20% 12.3M 3s
2025-11-15 19:56:22 - wget stderr:   5200K .......... .......... .......... .......... .......... 21% 4.91M 3s
2025-11-15 19:56:22 - wget stderr:   5250K .......... .......... .......... .......... .......... 21% 8.34M 3s
2025-11-15 19:56:22 - wget stderr:   5300K .......... .......... .......... .......... .......... 21% 8.06M 3s
2025-11-15 19:56:22 - wget stderr:   5350K .......... .......... .......... .......... .......... 21% 8.51M 3s
2025-11-15 19:56:22 - wget stderr:   5400K .......... .......... .......... .......... .......... 21% 8.84M 3s
2025-11-15 19:56:23 - wget stderr:   5450K .......... .......... .......... .......... .......... 22% 8.82M 3s
2025-11-15 19:56:23 - wget stderr:   5500K .......... .......... .......... .......... .......... 22% 8.25M 3s
2025-11-15 19:56:23 - wget stderr:   5550K .......... .......... .......... .......... .......... 22% 8.72M 3s
2025-11-15 19:56:23 - wget stderr:   5600K .......... .......... .......... .......... .......... 22% 7.59M 3s
2025-11-15 19:56:23 - wget stderr:   5650K .......... .......... .......... .......... .......... 22% 8.45M 3s
2025-11-15 19:56:23 - wget stderr:   5700K .......... .......... .......... .......... .......... 23% 8.97M 3s
2025-11-15 19:56:23 - wget stderr:   5750K .......... .......... .......... .......... .......... 23% 8.58M 3s
2025-11-15 19:56:23 - wget stderr:   5800K .......... .......... .......... .......... .......... 23% 5.66M 3s
2025-11-15 19:56:23 - wget stderr:   5850K .......... .......... .......... .......... .......... 23% 19.4M 3s
2025-11-15 19:56:23 - wget stderr:   5900K .......... .......... .......... .......... .......... 24% 6.57M 3s
2025-11-15 19:56:23 - wget stderr:   5950K .......... .......... .......... .......... .......... 24% 5.96M 3s
2025-11-15 19:56:23 - wget stderr:   6000K .......... .......... .......... .......... .......... 24% 21.8M 3s
2025-11-15 19:56:23 - wget stderr:   6050K .......... .......... .......... .......... .......... 24% 5.25M 3s
2025-11-15 19:56:23 - wget stderr:   6100K .......... .......... .......... .......... .......... 24% 20.7M 3s
2025-11-15 19:56:23 - wget stderr:   6150K .......... .......... .......... .......... .......... 25% 9.47M 3s
2025-11-15 19:56:23 - wget stderr:   6200K .......... .......... .......... .......... .......... 25% 8.15M 3s
2025-11-15 19:56:23 - wget stderr:   6250K .......... .......... .......... .......... .......... 25% 7.23M 3s
2025-11-15 19:56:23 - wget stderr:   6300K .......... .......... .......... .......... .......... 25% 10.5M 3s
2025-11-15 19:56:23 - wget stderr:   6350K .......... .......... .......... .......... .......... 25% 5.38M 3s
2025-11-15 19:56:23 - wget stderr:   6400K .......... .......... .......... .......... .......... 26% 13.7M 3s
2025-11-15 19:56:23 - wget stderr:   6450K .......... .......... .......... .......... .......... 26% 6.78M 3s
2025-11-15 19:56:23 - wget stderr:   6500K .......... .......... .......... .......... .......... 26% 11.4M 3s
2025-11-15 19:56:23 - wget stderr:   6550K .......... .......... .......... .......... .......... 26% 10.2M 3s
2025-11-15 19:56:23 - wget stderr:   6600K .......... .......... .......... .......... .......... 26% 5.54M 3s
2025-11-15 19:56:23 - wget stderr:   6650K .......... .......... .......... .......... .......... 27% 7.62M 3s
2025-11-15 19:56:23 - wget stderr:   6700K .......... .......... .......... .......... .......... 27% 7.53M 3s
2025-11-15 19:56:23 - wget stderr:   6750K .......... .......... .......... .......... .......... 27% 15.0M 3s
2025-11-15 19:56:23 - wget stderr:   6800K .......... .......... .......... .......... .......... 27% 7.35M 3s
2025-11-15 19:56:23 - wget stderr:   6850K .......... .......... .......... .......... .......... 27% 13.6M 3s
2025-11-15 19:56:23 - wget stderr:   6900K .......... .......... .......... .......... .......... 28% 9.55M 3s
2025-11-15 19:56:23 - wget stderr:   6950K .......... .......... .......... .......... .......... 28% 7.63M 3s
2025-11-15 19:56:23 - wget stderr:   7000K .......... .......... .......... .......... .......... 28% 7.37M 3s
2025-11-15 19:56:23 - wget stderr:   7050K .......... .......... .......... .......... .......... 28% 7.28M 3s
2025-11-15 19:56:23 - wget stderr:   7100K .......... .......... .......... .......... .......... 28% 14.4M 3s
2025-11-15 19:56:23 - wget stderr:   7150K .......... .......... .......... .......... .......... 29% 9.91M 2s
2025-11-15 19:56:23 - wget stderr:   7200K .......... .......... .......... .......... .......... 29% 7.83M 2s
2025-11-15 19:56:23 - wget stderr:   7250K .......... .......... .......... .......... .......... 29% 7.50M 2s
2025-11-15 19:56:23 - wget stderr:   7300K .......... .......... .......... .......... .......... 29% 10.0M 2s
2025-11-15 19:56:23 - wget stderr:   7350K .......... .......... .......... .......... .......... 29% 8.83M 2s
2025-11-15 19:56:23 - wget stderr:   7400K .......... .......... .......... .......... .......... 30% 8.28M 2s
2025-11-15 19:56:23 - wget stderr:   7450K .......... .......... .......... .......... .......... 30% 8.52M 2s
2025-11-15 19:56:23 - wget stderr:   7500K .......... .......... .......... .......... .......... 30% 8.41M 2s
2025-11-15 19:56:23 - wget stderr:   7550K .......... .......... .......... .......... .......... 30% 9.17M 2s
2025-11-15 19:56:23 - wget stderr:   7600K .......... .......... .......... .......... .......... 30% 7.55M 2s
2025-11-15 19:56:23 - wget stderr:   7650K .......... .......... .......... .......... .......... 31% 6.90M 2s
2025-11-15 19:56:23 - wget stderr:   7700K .......... .......... .......... .......... .......... 31% 11.0M 2s
2025-11-15 19:56:23 - wget stderr:   7750K .......... .......... .......... .......... .......... 31% 8.88M 2s
2025-11-15 19:56:23 - wget stderr:   7800K .......... .......... .......... .......... .......... 31% 9.23M 2s
2025-11-15 19:56:23 - wget stderr:   7850K .......... .......... .......... .......... .......... 31% 7.92M 2s
2025-11-15 19:56:23 - wget stderr:   7900K .......... .......... .......... .......... .......... 32% 8.50M 2s
2025-11-15 19:56:23 - wget stderr:   7950K .......... .......... .......... .......... .......... 32% 8.75M 2s
2025-11-15 19:56:23 - wget stderr:   8000K .......... .......... .......... .......... .......... 32% 8.12M 2s
2025-11-15 19:56:23 - wget stderr:   8050K .......... .......... .......... .......... .......... 32% 10.2M 2s
2025-11-15 19:56:23 - wget stderr:   8100K .......... .......... .......... .......... .......... 32% 8.58M 2s
2025-11-15 19:56:23 - wget stderr:   8150K .......... .......... .......... .......... .......... 33% 7.97M 2s
2025-11-15 19:56:23 - wget stderr:   8200K .......... .......... .......... .......... .......... 33% 7.92M 2s
2025-11-15 19:56:23 - wget stderr:   8250K .......... .......... .......... .......... .......... 33% 10.2M 2s
2025-11-15 19:56:23 - wget stderr:   8300K .......... .......... .......... .......... .......... 33% 7.60M 2s
2025-11-15 19:56:23 - wget stderr:   8350K .......... .......... .......... .......... .......... 33% 6.13M 2s
2025-11-15 19:56:23 - wget stderr:   8400K .......... .......... .......... .......... .......... 34% 15.5M 2s
2025-11-15 19:56:23 - wget stderr:   8450K .......... .......... .......... .......... .......... 34% 8.62M 2s
2025-11-15 19:56:23 - wget stderr:   8500K .......... .......... .......... .......... .......... 34% 7.69M 2s
2025-11-15 19:56:23 - wget stderr:   8550K .......... .......... .......... .......... .......... 34% 8.79M 2s
2025-11-15 19:56:23 - wget stderr:   8600K .......... .......... .......... .......... .......... 34% 6.76M 2s
2025-11-15 19:56:23 - wget stderr:   8650K .......... .......... .......... .......... .......... 35% 11.7M 2s
2025-11-15 19:56:23 - wget stderr:   8700K .......... .......... .......... .......... .......... 35% 7.45M 2s
2025-11-15 19:56:23 - wget stderr:   8750K .......... .......... .......... .......... .......... 35% 9.76M 2s
2025-11-15 19:56:23 - wget stderr:   8800K .......... .......... .......... .......... .......... 35% 9.04M 2s
2025-11-15 19:56:23 - wget stderr:   8850K .......... .......... .......... .......... .......... 35% 8.10M 2s
2025-11-15 19:56:23 - wget stderr:   8900K .......... .......... .......... .......... .......... 36% 7.67M 2s
2025-11-15 19:56:23 - wget stderr:   8950K .......... .......... .......... .......... .......... 36% 10.7M 2s
2025-11-15 19:56:23 - wget stderr:   9000K .......... .......... .......... .......... .......... 36% 8.53M 2s
2025-11-15 19:56:23 - wget stderr:   9050K .......... .......... .......... .......... .......... 36% 7.85M 2s
2025-11-15 19:56:23 - wget stderr:   9100K .......... .......... .......... .......... .......... 36% 9.18M 2s
2025-11-15 19:56:23 - wget stderr:   9150K .......... .......... .......... .......... .......... 37% 8.72M 2s
2025-11-15 19:56:23 - wget stderr:   9200K .......... .......... .......... .......... .......... 37% 7.77M 2s
2025-11-15 19:56:23 - wget stderr:   9250K .......... .......... .......... .......... .......... 37% 8.93M 2s
2025-11-15 19:56:23 - wget stderr:   9300K .......... .......... .......... .......... .......... 37% 8.25M 2s
2025-11-15 19:56:23 - wget stderr:   9350K .......... .......... .......... .......... .......... 37% 8.91M 2s
2025-11-15 19:56:23 - wget stderr:   9400K .......... .......... .......... .......... .......... 38% 8.33M 2s
2025-11-15 19:56:23 - wget stderr:   9450K .......... .......... .......... .......... .......... 38% 8.34M 2s
2025-11-15 19:56:23 - wget stderr:   9500K .......... .......... .......... .......... .......... 38% 8.71M 2s
2025-11-15 19:56:23 - wget stderr:   9550K .......... .......... .......... .......... .......... 38% 8.85M 2s
2025-11-15 19:56:23 - wget stderr:   9600K .......... .......... .......... .......... .......... 38% 7.65M 2s
2025-11-15 19:56:23 - wget stderr:   9650K .......... .......... .......... .......... .......... 39% 8.87M 2s
2025-11-15 19:56:23 - wget stderr:   9700K .......... .......... .......... .......... .......... 39% 8.29M 2s
2025-11-15 19:56:23 - wget stderr:   9750K .......... .......... .......... .......... .......... 39% 6.17M 2s
2025-11-15 19:56:23 - wget stderr:   9800K .......... .......... .......... .......... .......... 39% 14.7M 2s
2025-11-15 19:56:23 - wget stderr:   9850K .......... .......... .......... .......... .......... 39% 8.56M 2s
2025-11-15 19:56:23 - wget stderr:   9900K .......... .......... .......... .......... .......... 40% 9.12M 2s
2025-11-15 19:56:23 - wget stderr:   9950K .......... .......... .......... .......... .......... 40% 8.52M 2s
2025-11-15 19:56:23 - wget stderr:  10000K .......... .......... .......... .......... .......... 40% 7.31M 2s
2025-11-15 19:56:23 - wget stderr:  10050K .......... .......... .......... .......... .......... 40% 9.74M 2s
2025-11-15 19:56:23 - wget stderr:  10100K .......... .......... .......... .......... .......... 40% 7.94M 2s
2025-11-15 19:56:23 - wget stderr:  10150K .......... .......... .......... .......... .......... 41% 7.46M 2s
2025-11-15 19:56:23 - wget stderr:  10200K .......... .......... .......... .......... .......... 41% 10.9M 2s
2025-11-15 19:56:23 - wget stderr:  10250K .......... .......... .......... .......... .......... 41% 6.65M 2s
2025-11-15 19:56:23 - wget stderr:  10300K .......... .......... .......... .......... .......... 41% 12.7M 2s
2025-11-15 19:56:23 - wget stderr:  10350K .......... .......... .......... .......... .......... 41% 7.13M 2s
2025-11-15 19:56:23 - wget stderr:  10400K .......... .......... .......... .......... .......... 42% 7.12M 2s
2025-11-15 19:56:23 - wget stderr:  10450K .......... .......... .......... .......... .......... 42% 7.69M 2s
2025-11-15 19:56:23 - wget stderr:  10500K .......... .......... .......... .......... .......... 42% 13.6M 2s
2025-11-15 19:56:23 - wget stderr:  10550K .......... .......... .......... .......... .......... 42% 8.02M 2s
2025-11-15 19:56:23 - wget stderr:  10600K .......... .......... .......... .......... .......... 42% 7.88M 2s
2025-11-15 19:56:23 - wget stderr:  10650K .......... .......... .......... .......... .......... 43% 4.15M 2s
2025-11-15 19:56:23 - wget stderr:  10700K .......... .......... .......... .......... .......... 43% 13.0M 2s
2025-11-15 19:56:23 - wget stderr:  10750K .......... .......... .......... .......... .......... 43%  126M 2s
2025-11-15 19:56:23 - wget stderr:  10800K .......... .......... .......... .......... .......... 43% 6.78M 2s
2025-11-15 19:56:23 - wget stderr:  10850K .......... .......... .......... .......... .......... 43% 11.7M 2s
2025-11-15 19:56:23 - wget stderr:  10900K .......... .......... .......... .......... .......... 44% 8.12M 2s
2025-11-15 19:56:23 - wget stderr:  10950K .......... .......... .......... .......... .......... 44% 6.05M 2s
2025-11-15 19:56:23 - wget stderr:  11000K .......... .......... .......... .......... .......... 44% 7.74M 2s
2025-11-15 19:56:23 - wget stderr:  11050K .......... .......... .......... .......... .......... 44% 10.7M 2s
2025-11-15 19:56:23 - wget stderr:  11100K .......... .......... .......... .......... .......... 44% 11.8M 2s
2025-11-15 19:56:23 - wget stderr:  11150K .......... .......... .......... .......... .......... 45% 9.28M 2s
2025-11-15 19:56:23 - wget stderr:  11200K .......... .......... .......... .......... .......... 45% 7.77M 2s
2025-11-15 19:56:23 - wget stderr:  11250K .......... .......... .......... .......... .......... 45% 9.83M 2s
2025-11-15 19:56:23 - wget stderr:  11300K .......... .......... .......... .......... .......... 45% 4.89M 2s
2025-11-15 19:56:23 - wget stderr:  11350K .......... .......... .......... .......... .......... 45% 24.2M 2s
2025-11-15 19:56:23 - wget stderr:  11400K .......... .......... .......... .......... .......... 46% 8.72M 2s
2025-11-15 19:56:23 - wget stderr:  11450K .......... .......... .......... .......... .......... 46% 8.85M 2s
2025-11-15 19:56:23 - wget stderr:  11500K .......... .......... .......... .......... .......... 46% 7.81M 2s
2025-11-15 19:56:23 - wget stderr:  11550K .......... .......... .......... .......... .......... 46% 7.77M 2s
2025-11-15 19:56:23 - wget stderr:  11600K .......... .......... .......... .......... .......... 46% 10.0M 2s
2025-11-15 19:56:23 - wget stderr:  11650K .......... .......... .......... .......... .......... 47% 7.88M 2s
2025-11-15 19:56:23 - wget stderr:  11700K .......... .......... .......... .......... .......... 47% 9.81M 2s
2025-11-15 19:56:23 - wget stderr:  11750K .......... .......... .......... .......... .......... 47% 8.41M 2s
2025-11-15 19:56:23 - wget stderr:  11800K .......... .......... .......... .......... .......... 47% 8.16M 2s
2025-11-15 19:56:23 - wget stderr:  11850K .......... .......... .......... .......... .......... 48% 6.09M 2s
2025-11-15 19:56:23 - wget stderr:  11900K .......... .......... .......... .......... .......... 48% 16.3M 2s
2025-11-15 19:56:23 - wget stderr:  11950K .......... .......... .......... .......... .......... 48% 8.39M 2s
2025-11-15 19:56:23 - wget stderr:  12000K .......... .......... .......... .......... .......... 48% 7.56M 2s
2025-11-15 19:56:23 - wget stderr:  12050K .......... .......... .......... .......... .......... 48% 10.1M 2s
2025-11-15 19:56:23 - wget stderr:  12100K .......... .......... .......... .......... .......... 49% 7.93M 2s
2025-11-15 19:56:23 - wget stderr:  12150K .......... .......... .......... .......... .......... 49% 6.84M 2s
2025-11-15 19:56:23 - wget stderr:  12200K .......... .......... .......... .......... .......... 49% 7.11M 2s
2025-11-15 19:56:23 - wget stderr:  12250K .......... .......... .......... .......... .......... 49% 14.5M 2s
2025-11-15 19:56:23 - wget stderr:  12300K .......... .......... .......... .......... .......... 49% 8.86M 2s
2025-11-15 19:56:23 - wget stderr:  12350K .......... .......... .......... .......... .......... 50% 8.02M 2s
2025-11-15 19:56:23 - wget stderr:  12400K .......... .......... .......... .......... .......... 50% 9.31M 2s
2025-11-15 19:56:23 - wget stderr:  12450K .......... .......... .......... .......... .......... 50% 8.60M 2s
2025-11-15 19:56:23 - wget stderr:  12500K .......... .......... .......... .......... .......... 50% 8.56M 2s
2025-11-15 19:56:23 - wget stderr:  12550K .......... .......... .......... .......... .......... 50% 5.82M 2s
2025-11-15 19:56:23 - wget stderr:  12600K .......... .......... .......... .......... .......... 51% 14.7M 2s
2025-11-15 19:56:23 - wget stderr:  12650K .......... .......... .......... .......... .......... 51% 8.71M 2s
2025-11-15 19:56:23 - wget stderr:  12700K .......... .......... .......... .......... .......... 51% 7.72M 2s
2025-11-15 19:56:23 - wget stderr:  12750K .......... .......... .......... .......... .......... 51% 9.41M 2s
2025-11-15 19:56:23 - wget stderr:  12800K .......... .......... .......... .......... .......... 51% 7.60M 2s
2025-11-15 19:56:23 - wget stderr:  12850K .......... .......... .......... .......... .......... 52% 9.12M 2s
2025-11-15 19:56:23 - wget stderr:  12900K .......... .......... .......... .......... .......... 52% 8.73M 2s
2025-11-15 19:56:23 - wget stderr:  12950K .......... .......... .......... .......... .......... 52% 7.08M 2s
2025-11-15 19:56:23 - wget stderr:  13000K .......... .......... .......... .......... .......... 52% 11.9M 2s
2025-11-15 19:56:23 - wget stderr:  13050K .......... .......... .......... .......... .......... 52% 6.70M 2s
2025-11-15 19:56:23 - wget stderr:  13100K .......... .......... .......... .......... .......... 53% 9.64M 2s
2025-11-15 19:56:23 - wget stderr:  13150K .......... .......... .......... .......... .......... 53% 9.34M 2s
2025-11-15 19:56:23 - wget stderr:  13200K .......... .......... .......... .......... .......... 53% 8.54M 1s
2025-11-15 19:56:23 - wget stderr:  13250K .......... .......... .......... .......... .......... 53% 5.89M 1s
2025-11-15 19:56:23 - wget stderr:  13300K .......... .......... .......... .......... .......... 53% 16.4M 1s
2025-11-15 19:56:23 - wget stderr:  13350K .......... .......... .......... .......... .......... 54% 7.98M 1s
2025-11-15 19:56:23 - wget stderr:  13400K .......... .......... .......... .......... .......... 54% 7.65M 1s
2025-11-15 19:56:23 - wget stderr:  13450K .......... .......... .......... .......... .......... 54% 11.0M 1s
2025-11-15 19:56:23 - wget stderr:  13500K .......... .......... .......... .......... .......... 54% 7.73M 1s
2025-11-15 19:56:23 - wget stderr:  13550K .......... .......... .......... .......... .......... 54% 8.22M 1s
2025-11-15 19:56:23 - wget stderr:  13600K .......... .......... .......... .......... .......... 55% 10.3M 1s
2025-11-15 19:56:23 - wget stderr:  13650K .......... .......... .......... .......... .......... 55% 7.84M 1s
2025-11-15 19:56:23 - wget stderr:  13700K .......... .......... .......... .......... .......... 55% 8.30M 1s
2025-11-15 19:56:23 - wget stderr:  13750K .......... .......... .......... .......... .......... 55% 7.91M 1s
2025-11-15 19:56:23 - wget stderr:  13800K .......... .......... .......... .......... .......... 55% 10.1M 1s
2025-11-15 19:56:23 - wget stderr:  13850K .......... .......... .......... .......... .......... 56% 8.04M 1s
2025-11-15 19:56:23 - wget stderr:  13900K .......... .......... .......... .......... .......... 56% 6.68M 1s
2025-11-15 19:56:23 - wget stderr:  13950K .......... .......... .......... .......... .......... 56% 9.97M 1s
2025-11-15 19:56:23 - wget stderr:  14000K .......... .......... .......... .......... .......... 56% 6.85M 1s
2025-11-15 19:56:23 - wget stderr:  14050K .......... .......... .......... .......... .......... 56% 14.1M 1s
2025-11-15 19:56:23 - wget stderr:  14100K .......... .......... .......... .......... .......... 57% 8.64M 1s
2025-11-15 19:56:24 - wget stderr:  14150K .......... .......... .......... .......... .......... 57% 7.35M 1s
2025-11-15 19:56:24 - wget stderr:  14200K .......... .......... .......... .......... .......... 57% 8.06M 1s
2025-11-15 19:56:24 - wget stderr:  14250K .......... .......... .......... .......... .......... 57% 11.9M 1s
2025-11-15 19:56:24 - wget stderr:  14300K .......... .......... .......... .......... .......... 57% 8.11M 1s
2025-11-15 19:56:24 - wget stderr:  14350K .......... .......... .......... .......... .......... 58% 8.65M 1s
2025-11-15 19:56:24 - wget stderr:  14400K .......... .......... .......... .......... .......... 58% 7.71M 1s
2025-11-15 19:56:24 - wget stderr:  14450K .......... .......... .......... .......... .......... 58% 8.61M 1s
2025-11-15 19:56:24 - wget stderr:  14500K .......... .......... .......... .......... .......... 58% 7.65M 1s
2025-11-15 19:56:24 - wget stderr:  14550K .......... .......... .......... .......... .......... 58% 7.79M 1s
2025-11-15 19:56:24 - wget stderr:  14600K .......... .......... .......... .......... .......... 59% 11.3M 1s
2025-11-15 19:56:24 - wget stderr:  14650K .......... .......... .......... .......... .......... 59% 5.54M 1s
2025-11-15 19:56:24 - wget stderr:  14700K .......... .......... .......... .......... .......... 59% 21.1M 1s
2025-11-15 19:56:24 - wget stderr:  14750K .......... .......... .......... .......... .......... 59% 8.03M 1s
2025-11-15 19:56:24 - wget stderr:  14800K .......... .......... .......... .......... .......... 59% 7.56M 1s
2025-11-15 19:56:24 - wget stderr:  14850K .......... .......... .......... .......... .......... 60% 9.93M 1s
2025-11-15 19:56:24 - wget stderr:  14900K .......... .......... .......... .......... .......... 60% 8.90M 1s
2025-11-15 19:56:24 - wget stderr:  14950K .......... .......... .......... .......... .......... 60% 8.25M 1s
2025-11-15 19:56:24 - wget stderr:  15000K .......... .......... .......... .......... .......... 60% 7.36M 1s
2025-11-15 19:56:24 - wget stderr:  15050K .......... .......... .......... .......... .......... 60% 10.1M 1s
2025-11-15 19:56:24 - wget stderr:  15100K .......... .......... .......... .......... .......... 61% 6.08M 1s
2025-11-15 19:56:24 - wget stderr:  15150K .......... .......... .......... .......... .......... 61% 6.83M 1s
2025-11-15 19:56:24 - wget stderr:  15200K .......... .......... .......... .......... .......... 61% 18.0M 1s
2025-11-15 19:56:24 - wget stderr:  15250K .......... .......... .......... .......... .......... 61% 10.4M 1s
2025-11-15 19:56:24 - wget stderr:  15300K .......... .......... .......... .......... .......... 61% 7.90M 1s
2025-11-15 19:56:24 - wget stderr:  15350K .......... .......... .......... .......... .......... 62% 7.74M 1s
2025-11-15 19:56:24 - wget stderr:  15400K .......... .......... .......... .......... .......... 62% 6.00M 1s
2025-11-15 19:56:24 - wget stderr:  15450K .......... .......... .......... .......... .......... 62% 7.73M 1s
2025-11-15 19:56:24 - wget stderr:  15500K .......... .......... .......... .......... .......... 62% 7.03M 1s
2025-11-15 19:56:24 - wget stderr:  15550K .......... .......... .......... .......... .......... 62% 13.8M 1s
2025-11-15 19:56:24 - wget stderr:  15600K .......... .......... .......... .......... .......... 63% 9.41M 1s
2025-11-15 19:56:24 - wget stderr:  15650K .......... .......... .......... .......... .......... 63% 13.4M 1s
2025-11-15 19:56:24 - wget stderr:  15700K .......... .......... .......... .......... .......... 63% 8.55M 1s
2025-11-15 19:56:24 - wget stderr:  15750K .......... .......... .......... .......... .......... 63% 8.01M 1s
2025-11-15 19:56:24 - wget stderr:  15800K .......... .......... .......... .......... .......... 63% 9.09M 1s
2025-11-15 19:56:24 - wget stderr:  15850K .......... .......... .......... .......... .......... 64% 7.92M 1s
2025-11-15 19:56:24 - wget stderr:  15900K .......... .......... .......... .......... .......... 64% 9.87M 1s
2025-11-15 19:56:24 - wget stderr:  15950K .......... .......... .......... .......... .......... 64% 8.25M 1s
2025-11-15 19:56:24 - wget stderr:  16000K .......... .......... .......... .......... .......... 64% 8.78M 1s
2025-11-15 19:56:24 - wget stderr:  16050K .......... .......... .......... .......... .......... 64% 8.12M 1s
2025-11-15 19:56:24 - wget stderr:  16100K .......... .......... .......... .......... .......... 65% 8.34M 1s
2025-11-15 19:56:24 - wget stderr:  16150K .......... .......... .......... .......... .......... 65% 8.11M 1s
2025-11-15 19:56:24 - wget stderr:  16200K .......... .......... .......... .......... .......... 65% 8.33M 1s
2025-11-15 19:56:24 - wget stderr:  16250K .......... .......... .......... .......... .......... 65% 9.69M 1s
2025-11-15 19:56:24 - wget stderr:  16300K .......... .......... .......... .......... .......... 65% 6.24M 1s
2025-11-15 19:56:24 - wget stderr:  16350K .......... .......... .......... .......... .......... 66% 11.8M 1s
2025-11-15 19:56:24 - wget stderr:  16400K .......... .......... .......... .......... .......... 66% 8.56M 1s
2025-11-15 19:56:24 - wget stderr:  16450K .......... .......... .......... .......... .......... 66% 6.79M 1s
2025-11-15 19:56:24 - wget stderr:  16500K .......... .......... .......... .......... .......... 66% 13.8M 1s
2025-11-15 19:56:24 - wget stderr:  16550K .......... .......... .......... .......... .......... 66% 6.30M 1s
2025-11-15 19:56:24 - wget stderr:  16600K .......... .......... .......... .......... .......... 67% 12.2M 1s
2025-11-15 19:56:24 - wget stderr:  16650K .......... .......... .......... .......... .......... 67% 5.46M 1s
2025-11-15 19:56:24 - wget stderr:  16700K .......... .......... .......... .......... .......... 67% 18.9M 1s
2025-11-15 19:56:24 - wget stderr:  16750K .......... .......... .......... .......... .......... 67% 8.55M 1s
2025-11-15 19:56:24 - wget stderr:  16800K .......... .......... .......... .......... .......... 67% 8.70M 1s
2025-11-15 19:56:24 - wget stderr:  16850K .......... .......... .......... .......... .......... 68% 8.55M 1s
2025-11-15 19:56:24 - wget stderr:  16900K .......... .......... .......... .......... .......... 68% 8.40M 1s
2025-11-15 19:56:24 - wget stderr:  16950K .......... .......... .......... .......... .......... 68% 8.18M 1s
2025-11-15 19:56:24 - wget stderr:  17000K .......... .......... .......... .......... .......... 68% 7.26M 1s
2025-11-15 19:56:24 - wget stderr:  17050K .......... .......... .......... .......... .......... 68% 11.0M 1s
2025-11-15 19:56:24 - wget stderr:  17100K .......... .......... .......... .......... .......... 69% 8.56M 1s
2025-11-15 19:56:24 - wget stderr:  17150K .......... .......... .......... .......... .......... 69% 7.66M 1s
2025-11-15 19:56:24 - wget stderr:  17200K .......... .......... .......... .......... .......... 69% 9.56M 1s
2025-11-15 19:56:24 - wget stderr:  17250K .......... .......... .......... .......... .......... 69% 8.43M 1s
2025-11-15 19:56:24 - wget stderr:  17300K .......... .......... .......... .......... .......... 69% 7.99M 1s
2025-11-15 19:56:24 - wget stderr:  17350K .......... .......... .......... .......... .......... 70% 9.48M 1s
2025-11-15 19:56:24 - wget stderr:  17400K .......... .......... .......... .......... .......... 70% 8.31M 1s
2025-11-15 19:56:24 - wget stderr:  17450K .......... .......... .......... .......... .......... 70% 8.76M 1s
2025-11-15 19:56:24 - wget stderr:  17500K .......... .......... .......... .......... .......... 70% 8.52M 1s
2025-11-15 19:56:24 - wget stderr:  17550K .......... .......... .......... .......... .......... 71% 5.96M 1s
2025-11-15 19:56:24 - wget stderr:  17600K .......... .......... .......... .......... .......... 71% 12.2M 1s
2025-11-15 19:56:24 - wget stderr:  17650K .......... .......... .......... .......... .......... 71% 8.86M 1s
2025-11-15 19:56:24 - wget stderr:  17700K .......... .......... .......... .......... .......... 71% 8.26M 1s
2025-11-15 19:56:24 - wget stderr:  17750K .......... .......... .......... .......... .......... 71% 9.04M 1s
2025-11-15 19:56:24 - wget stderr:  17800K .......... .......... .......... .......... .......... 72% 8.35M 1s
2025-11-15 19:56:24 - wget stderr:  17850K .......... .......... .......... .......... .......... 72% 8.26M 1s
2025-11-15 19:56:24 - wget stderr:  17900K .......... .......... .......... .......... .......... 72% 8.99M 1s
2025-11-15 19:56:24 - wget stderr:  17950K .......... .......... .......... .......... .......... 72% 8.85M 1s
2025-11-15 19:56:24 - wget stderr:  18000K .......... .......... .......... .......... .......... 72% 8.60M 1s
2025-11-15 19:56:24 - wget stderr:  18050K .......... .......... .......... .......... .......... 73% 8.68M 1s
2025-11-15 19:56:24 - wget stderr:  18100K .......... .......... .......... .......... .......... 73% 8.15M 1s
2025-11-15 19:56:24 - wget stderr:  18150K .......... .......... .......... .......... .......... 73% 6.36M 1s
2025-11-15 19:56:24 - wget stderr:  18200K .......... .......... .......... .......... .......... 73% 12.8M 1s
2025-11-15 19:56:24 - wget stderr:  18250K .......... .......... .......... .......... .......... 73% 9.33M 1s
2025-11-15 19:56:24 - wget stderr:  18300K .......... .......... .......... .......... .......... 74% 5.24M 1s
2025-11-15 19:56:24 - wget stderr:  18350K .......... .......... .......... .......... .......... 74% 16.1M 1s
2025-11-15 19:56:24 - wget stderr:  18400K .......... .......... .......... .......... .......... 74% 8.72M 1s
2025-11-15 19:56:24 - wget stderr:  18450K .......... .......... .......... .......... .......... 74% 7.27M 1s
2025-11-15 19:56:24 - wget stderr:  18500K .......... .......... .......... .......... .......... 74% 9.37M 1s
2025-11-15 19:56:24 - wget stderr:  18550K .......... .......... .......... .......... .......... 75% 8.72M 1s
2025-11-15 19:56:24 - wget stderr:  18600K .......... .......... .......... .......... .......... 75% 9.54M 1s
2025-11-15 19:56:24 - wget stderr:  18650K .......... .......... .......... .......... .......... 75% 8.00M 1s
2025-11-15 19:56:24 - wget stderr:  18700K .......... .......... .......... .......... .......... 75% 10.1M 1s
2025-11-15 19:56:24 - wget stderr:  18750K .......... .......... .......... .......... .......... 75% 8.47M 1s
2025-11-15 19:56:24 - wget stderr:  18800K .......... .......... .......... .......... .......... 76% 7.79M 1s
2025-11-15 19:56:24 - wget stderr:  18850K .......... .......... .......... .......... .......... 76% 6.30M 1s
2025-11-15 19:56:24 - wget stderr:  18900K .......... .......... .......... .......... .......... 76% 12.0M 1s
2025-11-15 19:56:24 - wget stderr:  18950K .......... .......... .......... .......... .......... 76% 8.78M 1s
2025-11-15 19:56:24 - wget stderr:  19000K .......... .......... .......... .......... .......... 76% 8.44M 1s
2025-11-15 19:56:24 - wget stderr:  19050K .......... .......... .......... .......... .......... 77% 9.20M 1s
2025-11-15 19:56:24 - wget stderr:  19100K .......... .......... .......... .......... .......... 77% 7.90M 1s
2025-11-15 19:56:24 - wget stderr:  19150K .......... .......... .......... .......... .......... 77% 9.98M 1s
2025-11-15 19:56:24 - wget stderr:  19200K .......... .......... .......... .......... .......... 77% 7.70M 1s
2025-11-15 19:56:24 - wget stderr:  19250K .......... .......... .......... .......... .......... 77% 8.74M 1s
2025-11-15 19:56:24 - wget stderr:  19300K .......... .......... .......... .......... .......... 78% 3.45M 1s
2025-11-15 19:56:24 - wget stderr:  19350K .......... .......... .......... .......... .......... 78%  144M 1s
2025-11-15 19:56:24 - wget stderr:  19400K .......... .......... .......... .......... .......... 78% 19.8M 1s
2025-11-15 19:56:24 - wget stderr:  19450K .......... .......... .......... .......... .......... 78% 7.86M 1s
2025-11-15 19:56:24 - wget stderr:  19500K .......... .......... .......... .......... .......... 78% 9.01M 1s
2025-11-15 19:56:24 - wget stderr:  19550K .......... .......... .......... .......... .......... 79% 8.68M 1s
2025-11-15 19:56:24 - wget stderr:  19600K .......... .......... .......... .......... .......... 79% 8.31M 1s
2025-11-15 19:56:24 - wget stderr:  19650K .......... .......... .......... .......... .......... 79% 7.76M 1s
2025-11-15 19:56:24 - wget stderr:  19700K .......... .......... .......... .......... .......... 79% 10.1M 1s
2025-11-15 19:56:24 - wget stderr:  19750K .......... .......... .......... .......... .......... 79% 6.36M 1s
2025-11-15 19:56:24 - wget stderr:  19800K .......... .......... .......... .......... .......... 80% 7.39M 1s
2025-11-15 19:56:24 - wget stderr:  19850K .......... .......... .......... .......... .......... 80% 7.53M 1s
2025-11-15 19:56:24 - wget stderr:  19900K .......... .......... .......... .......... .......... 80% 7.43M 1s
2025-11-15 19:56:24 - wget stderr:  19950K .......... .......... .......... .......... .......... 80% 17.0M 1s
2025-11-15 19:56:24 - wget stderr:  20000K .......... .......... .......... .......... .......... 80% 8.79M 1s
2025-11-15 19:56:24 - wget stderr:  20050K .......... .......... .......... .......... .......... 81% 10.5M 1s
2025-11-15 19:56:24 - wget stderr:  20100K .......... .......... .......... .......... .......... 81% 8.05M 1s
2025-11-15 19:56:24 - wget stderr:  20150K .......... .......... .......... .......... .......... 81% 9.17M 1s
2025-11-15 19:56:24 - wget stderr:  20200K .......... .......... .......... .......... .......... 81% 5.46M 1s
2025-11-15 19:56:24 - wget stderr:  20250K .......... .......... .......... .......... .......... 81% 8.91M 1s
2025-11-15 19:56:24 - wget stderr:  20300K .......... .......... .......... .......... .......... 82% 9.92M 1s
2025-11-15 19:56:24 - wget stderr:  20350K .......... .......... .......... .......... .......... 82% 12.5M 1s
2025-11-15 19:56:24 - wget stderr:  20400K .......... .......... .......... .......... .......... 82% 8.38M 1s
2025-11-15 19:56:24 - wget stderr:  20450K .......... .......... .......... .......... .......... 82% 10.2M 1s
2025-11-15 19:56:24 - wget stderr:  20500K .......... .......... .......... .......... .......... 82% 7.38M 1s
2025-11-15 19:56:24 - wget stderr:  20550K .......... .......... .......... .......... .......... 83% 9.07M 1s
2025-11-15 19:56:24 - wget stderr:  20600K .......... .......... .......... .......... .......... 83% 7.81M 1s
2025-11-15 19:56:24 - wget stderr:  20650K .......... .......... .......... .......... .......... 83% 8.90M 1s
2025-11-15 19:56:24 - wget stderr:  20700K .......... .......... .......... .......... .......... 83% 9.73M 1s
2025-11-15 19:56:24 - wget stderr:  20750K .......... .......... .......... .......... .......... 83% 8.32M 0s
2025-11-15 19:56:24 - wget stderr:  20800K .......... .......... .......... .......... .......... 84% 7.83M 0s
2025-11-15 19:56:24 - wget stderr:  20850K .......... .......... .......... .......... .......... 84% 8.42M 0s
2025-11-15 19:56:24 - wget stderr:  20900K .......... .......... .......... .......... .......... 84% 9.80M 0s
2025-11-15 19:56:24 - wget stderr:  20950K .......... .......... .......... .......... .......... 84% 8.07M 0s
2025-11-15 19:56:24 - wget stderr:  21000K .......... .......... .......... .......... .......... 84% 7.73M 0s
2025-11-15 19:56:24 - wget stderr:  21050K .......... .......... .......... .......... .......... 85% 9.75M 0s
2025-11-15 19:56:24 - wget stderr:  21100K .......... .......... .......... .......... .......... 85% 5.11M 0s
2025-11-15 19:56:24 - wget stderr:  21150K .......... .......... .......... .......... .......... 85% 22.2M 0s
2025-11-15 19:56:24 - wget stderr:  21200K .......... .......... .......... .......... .......... 85% 8.49M 0s
2025-11-15 19:56:24 - wget stderr:  21250K .......... .......... .......... .......... .......... 85% 8.20M 0s
2025-11-15 19:56:24 - wget stderr:  21300K .......... .......... .......... .......... .......... 86% 8.59M 0s
2025-11-15 19:56:24 - wget stderr:  21350K .......... .......... .......... .......... .......... 86% 9.79M 0s
2025-11-15 19:56:24 - wget stderr:  21400K .......... .......... .......... .......... .......... 86% 8.67M 0s
2025-11-15 19:56:24 - wget stderr:  21450K .......... .......... .......... .......... .......... 86% 7.24M 0s
2025-11-15 19:56:24 - wget stderr:  21500K .......... .......... .......... .......... .......... 86% 9.14M 0s
2025-11-15 19:56:24 - wget stderr:  21550K .......... .......... .......... .......... .......... 87% 8.40M 0s
2025-11-15 19:56:24 - wget stderr:  21600K .......... .......... .......... .......... .......... 87% 8.58M 0s
2025-11-15 19:56:24 - wget stderr:  21650K .......... .......... .......... .......... .......... 87% 6.45M 0s
2025-11-15 19:56:24 - wget stderr:  21700K .......... .......... .......... .......... .......... 87% 11.2M 0s
2025-11-15 19:56:24 - wget stderr:  21750K .......... .......... .......... .......... .......... 87% 9.59M 0s
2025-11-15 19:56:24 - wget stderr:  21800K .......... .......... .......... .......... .......... 88% 7.89M 0s
2025-11-15 19:56:24 - wget stderr:  21850K .......... .......... .......... .......... .......... 88% 10.1M 0s
2025-11-15 19:56:24 - wget stderr:  21900K .......... .......... .......... .......... .......... 88% 7.53M 0s
2025-11-15 19:56:24 - wget stderr:  21950K .......... .......... .......... .......... .......... 88% 8.81M 0s
2025-11-15 19:56:24 - wget stderr:  22000K .......... .......... .......... .......... .......... 88% 7.48M 0s
2025-11-15 19:56:24 - wget stderr:  22050K .......... .......... .......... .......... .......... 89% 9.66M 0s
2025-11-15 19:56:24 - wget stderr:  22100K .......... .......... .......... .......... .......... 89% 8.40M 0s
2025-11-15 19:56:24 - wget stderr:  22150K .......... .......... .......... .......... .......... 89% 7.76M 0s
2025-11-15 19:56:24 - wget stderr:  22200K .......... .......... .......... .......... .......... 89% 10.9M 0s
2025-11-15 19:56:24 - wget stderr:  22250K .......... .......... .......... .......... .......... 89% 7.48M 0s
2025-11-15 19:56:24 - wget stderr:  22300K .......... .......... .......... .......... .......... 90% 8.67M 0s
2025-11-15 19:56:24 - wget stderr:  22350K .......... .......... .......... .......... .......... 90% 7.76M 0s
2025-11-15 19:56:24 - wget stderr:  22400K .......... .......... .......... .......... .......... 90% 8.90M 0s
2025-11-15 19:56:24 - wget stderr:  22450K .......... .......... .......... .......... .......... 90% 9.22M 0s
2025-11-15 19:56:24 - wget stderr:  22500K .......... .......... .......... .......... .......... 90% 8.97M 0s
2025-11-15 19:56:24 - wget stderr:  22550K .......... .......... .......... .......... .......... 91% 7.28M 0s
2025-11-15 19:56:24 - wget stderr:  22600K .......... .......... .......... .......... .......... 91% 9.71M 0s
2025-11-15 19:56:24 - wget stderr:  22650K .......... .......... .......... .......... .......... 91% 8.85M 0s
2025-11-15 19:56:24 - wget stderr:  22700K .......... .......... .......... .......... .......... 91% 8.48M 0s
2025-11-15 19:56:24 - wget stderr:  22750K .......... .......... .......... .......... .......... 91% 7.84M 0s
2025-11-15 19:56:24 - wget stderr:  22800K .......... .......... .......... .......... .......... 92% 9.45M 0s
2025-11-15 19:56:24 - wget stderr:  22850K .......... .......... .......... .......... .......... 92% 8.26M 0s
2025-11-15 19:56:25 - wget stderr:  22900K .......... .......... .......... .......... .......... 92% 8.50M 0s
2025-11-15 19:56:25 - wget stderr:  22950K .......... .......... .......... .......... .......... 92% 9.29M 0s
2025-11-15 19:56:25 - wget stderr:  23000K .......... .......... .......... .......... .......... 92% 8.22M 0s
2025-11-15 19:56:25 - wget stderr:  23050K .......... .......... .......... .......... .......... 93% 7.81M 0s
2025-11-15 19:56:25 - wget stderr:  23100K .......... .......... .......... .......... .......... 93% 10.1M 0s
2025-11-15 19:56:25 - wget stderr:  23150K .......... .......... .......... .......... .......... 93% 6.73M 0s
2025-11-15 19:56:25 - wget stderr:  23200K .......... .......... .......... .......... .......... 93% 8.35M 0s
2025-11-15 19:56:25 - wget stderr:  23250K .......... .......... .......... .......... .......... 93% 9.77M 0s
2025-11-15 19:56:25 - wget stderr:  23300K .......... .......... .......... .......... .......... 94% 9.23M 0s
2025-11-15 19:56:25 - wget stderr:  23350K .......... .......... .......... .......... .......... 94% 7.71M 0s
2025-11-15 19:56:25 - wget stderr:  23400K .......... .......... .......... .......... .......... 94% 8.54M 0s
2025-11-15 19:56:25 - wget stderr:  23450K .......... .......... .......... .......... .......... 94% 8.16M 0s
2025-11-15 19:56:25 - wget stderr:  23500K .......... .......... .......... .......... .......... 95% 6.59M 0s
2025-11-15 19:56:25 - wget stderr:  23550K .......... .......... .......... .......... .......... 95% 12.2M 0s
2025-11-15 19:56:25 - wget stderr:  23600K .......... .......... .......... .......... .......... 95% 9.92M 0s
2025-11-15 19:56:25 - wget stderr:  23650K .......... .......... .......... .......... .......... 95% 9.05M 0s
2025-11-15 19:56:25 - wget stderr:  23700K .......... .......... .......... .......... .......... 95% 7.54M 0s
2025-11-15 19:56:25 - wget stderr:  23750K .......... .......... .......... .......... .......... 96% 9.50M 0s
2025-11-15 19:56:25 - wget stderr:  23800K .......... .......... .......... .......... .......... 96% 8.45M 0s
2025-11-15 19:56:25 - wget stderr:  23850K .......... .......... .......... .......... .......... 96% 8.54M 0s
2025-11-15 19:56:25 - wget stderr:  23900K .......... .......... .......... .......... .......... 96% 8.87M 0s
2025-11-15 19:56:25 - wget stderr:  23950K .......... .......... .......... .......... .......... 96% 8.33M 0s
2025-11-15 19:56:25 - wget stderr:  24000K .......... .......... .......... .......... .......... 97% 7.92M 0s
2025-11-15 19:56:25 - wget stderr:  24050K .......... .......... .......... .......... .......... 97% 8.45M 0s
2025-11-15 19:56:25 - wget stderr:  24100K .......... .......... .......... .......... .......... 97% 7.75M 0s
2025-11-15 19:56:25 - wget stderr:  24150K .......... .......... .......... .......... .......... 97% 9.48M 0s
2025-11-15 19:56:25 - wget stderr:  24200K .......... .......... .......... .......... .......... 97% 6.13M 0s
2025-11-15 19:56:25 - wget stderr:  24250K .......... .......... .......... .......... .......... 98% 6.48M 0s
2025-11-15 19:56:25 - wget stderr:  24300K .......... .......... .......... .......... .......... 98% 12.0M 0s
2025-11-15 19:56:25 - wget stderr:  24350K .......... .......... .......... .......... .......... 98% 12.4M 0s
2025-11-15 19:56:25 - wget stderr:  24400K .......... .......... .......... .......... .......... 98% 6.57M 0s
2025-11-15 19:56:25 - wget stderr:  24450K .......... .......... .......... .......... .......... 98% 10.3M 0s
2025-11-15 19:56:25 - wget stderr:  24500K .......... .......... .......... .......... .......... 99% 8.09M 0s
2025-11-15 19:56:25 - wget stderr:  24550K .......... .......... .......... .......... .......... 99% 12.1M 0s
2025-11-15 19:56:25 - wget stderr:  24600K .......... .......... .......... .......... .......... 99% 7.88M 0s
2025-11-15 19:56:25 - wget stderr:  24650K .......... .......... .......... .......... .......... 99% 4.64M 0s
2025-11-15 19:56:25 - wget stderr:  24700K .......... .......... .......... .......... .......... 99% 19.1M 0s
2025-11-15 19:56:25 - wget stderr:  24750K .......... .......... .......... .......              100% 12.7M=3.0s
2025-11-15 19:56:25 - wget stderr: 
2025-11-15 19:56:25 - wget stderr: 2025-11-15 19:56:25 (7.97 MB/s) - 'C:/Users/rdesktop1/AppData/Local/Temp/VCDownloads/vcredist2015_2017_2019_2022_x64.zip' saved [25382704/25382704]
2025-11-15 19:56:25 - wget stderr: 
2025-11-15 19:56:25 - Download and extraction complete.
2025-11-15 19:56:25 - Extraction complete.
2025-11-15 19:56:25 - Running installer: C:\Users\rdesktop1\AppData\Local\Temp\VCDownloads\vcredist2015_2017_2019_2022_x64\vcredist2015_2017_2019_2022_x64.exe /passive /norestart
2025-11-15 19:56:28 - Installer finished with code 0
2025-11-15 19:56:28 - Downloading ZIP from http://retrobat.ovh/repo/win64/prerequisites/vcredist2015_2017_2019_2022_x86.zip...
2025-11-15 19:56:28 - wget stderr: --2025-11-15 19:56:28--  http://retrobat.ovh/repo/win64/prerequisites/vcredist2015_2017_2019_2022_x86.zip
2025-11-15 19:56:28 - wget stderr: Resolving retrobat.ovh (retrobat.ovh)... 109.234.164.84
2025-11-15 19:56:29 - wget stderr: Connecting to retrobat.ovh (retrobat.ovh)|109.234.164.84|:80... connected.
2025-11-15 19:56:29 - wget stderr: HTTP request sent, awaiting response... 200 OK
2025-11-15 19:56:29 - wget stderr: Length: 13695134 (13M) [application/zip]
2025-11-15 19:56:29 - wget stderr: Saving to: 'C:/Users/rdesktop1/AppData/Local/Temp/VCDownloads/vcredist2015_2017_2019_2022_x86.zip'
2025-11-15 19:56:29 - wget stderr: 
2025-11-15 19:56:29 - wget stderr:      0K .......... .......... .......... .......... ..........  0%  802K 17s
2025-11-15 19:56:29 - wget stderr:     50K .......... .......... .......... .......... ..........  0% 1.64M 12s
2025-11-15 19:56:29 - wget stderr:    100K .......... .......... .......... .......... ..........  1% 6.70M 9s
2025-11-15 19:56:29 - wget stderr:    150K .......... .......... .......... .......... ..........  1% 10.3M 7s
2025-11-15 19:56:29 - wget stderr:    200K .......... .......... .......... .......... ..........  1% 1.94M 7s
2025-11-15 19:56:29 - wget stderr:    250K .......... .......... .......... .......... ..........  2% 6.29M 6s
2025-11-15 19:56:29 - wget stderr:    300K .......... .......... .......... .......... ..........  2% 9.80M 5s
2025-11-15 19:56:29 - wget stderr:    350K .......... .......... .......... .......... ..........  2% 9.00M 5s
2025-11-15 19:56:29 - wget stderr:    400K .......... .......... .......... .......... ..........  3% 5.30M 4s
2025-11-15 19:56:29 - wget stderr:    450K .......... .......... .......... .......... ..........  3% 8.83M 4s
2025-11-15 19:56:29 - wget stderr:    500K .......... .......... .......... .......... ..........  4% 8.15M 4s
2025-11-15 19:56:29 - wget stderr:    550K .......... .......... .......... .......... ..........  4% 8.90M 4s
2025-11-15 19:56:29 - wget stderr:    600K .......... .......... .......... .......... ..........  4% 6.64M 4s
2025-11-15 19:56:29 - wget stderr:    650K .......... .......... .......... .......... ..........  5% 6.28M 3s
2025-11-15 19:56:29 - wget stderr:    700K .......... .......... .......... .......... ..........  5% 7.01M 3s
2025-11-15 19:56:29 - wget stderr:    750K .......... .......... .......... .......... ..........  5% 9.49M 3s
2025-11-15 19:56:29 - wget stderr:    800K .......... .......... .......... .......... ..........  6% 9.25M 3s
2025-11-15 19:56:29 - wget stderr:    850K .......... .......... .......... .......... ..........  6% 10.2M 3s
2025-11-15 19:56:29 - wget stderr:    900K .......... .......... .......... .......... ..........  7% 8.76M 3s
2025-11-15 19:56:29 - wget stderr:    950K .......... .......... .......... .......... ..........  7% 7.76M 3s
2025-11-15 19:56:29 - wget stderr:   1000K .......... .......... .......... .......... ..........  7% 6.96M 3s
2025-11-15 19:56:29 - wget stderr:   1050K .......... .......... .......... .......... ..........  8% 9.65M 3s
2025-11-15 19:56:29 - wget stderr:   1100K .......... .......... .......... .......... ..........  8% 5.16M 3s
2025-11-15 19:56:29 - wget stderr:   1150K .......... .......... .......... .......... ..........  8% 37.2M 2s
2025-11-15 19:56:29 - wget stderr:   1200K .......... .......... .......... .......... ..........  9% 8.54M 2s
2025-11-15 19:56:29 - wget stderr:   1250K .......... .......... .......... .......... ..........  9% 8.55M 2s
2025-11-15 19:56:29 - wget stderr:   1300K .......... .......... .......... .......... .......... 10% 7.94M 2s
2025-11-15 19:56:29 - wget stderr:   1350K .......... .......... .......... .......... .......... 10% 9.03M 2s
2025-11-15 19:56:29 - wget stderr:   1400K .......... .......... .......... .......... .......... 10% 7.26M 2s
2025-11-15 19:56:29 - wget stderr:   1450K .......... .......... .......... .......... .......... 11% 10.6M 2s
2025-11-15 19:56:29 - wget stderr:   1500K .......... .......... .......... .......... .......... 11% 8.25M 2s
2025-11-15 19:56:29 - wget stderr:   1550K .......... .......... .......... .......... .......... 11% 8.16M 2s
2025-11-15 19:56:29 - wget stderr:   1600K .......... .......... .......... .......... .......... 12% 9.94M 2s
2025-11-15 19:56:29 - wget stderr:   1650K .......... .......... .......... .......... .......... 12% 7.76M 2s
2025-11-15 19:56:29 - wget stderr:   1700K .......... .......... .......... .......... .......... 13% 7.80M 2s
2025-11-15 19:56:29 - wget stderr:   1750K .......... .......... .......... .......... .......... 13% 10.4M 2s
2025-11-15 19:56:29 - wget stderr:   1800K .......... .......... .......... .......... .......... 13% 7.87M 2s
2025-11-15 19:56:29 - wget stderr:   1850K .......... .......... .......... .......... .......... 14% 8.39M 2s
2025-11-15 19:56:29 - wget stderr:   1900K .......... .......... .......... .......... .......... 14% 8.21M 2s
2025-11-15 19:56:29 - wget stderr:   1950K .......... .......... .......... .......... .......... 14% 4.64M 2s
2025-11-15 19:56:29 - wget stderr:   2000K .......... .......... .......... .......... .......... 15% 30.0M 2s
2025-11-15 19:56:29 - wget stderr:   2050K .......... .......... .......... .......... .......... 15% 10.2M 2s
2025-11-15 19:56:29 - wget stderr:   2100K .......... .......... .......... .......... .......... 16% 9.31M 2s
2025-11-15 19:56:29 - wget stderr:   2150K .......... .......... .......... .......... .......... 16% 8.45M 2s
2025-11-15 19:56:29 - wget stderr:   2200K .......... .......... .......... .......... .......... 16% 5.26M 2s
2025-11-15 19:56:29 - wget stderr:   2250K .......... .......... .......... .......... .......... 17% 17.7M 2s
2025-11-15 19:56:29 - wget stderr:   2300K .......... .......... .......... .......... .......... 17% 9.08M 2s
2025-11-15 19:56:29 - wget stderr:   2350K .......... .......... .......... .......... .......... 17% 8.18M 2s
2025-11-15 19:56:29 - wget stderr:   2400K .......... .......... .......... .......... .......... 18% 8.34M 2s
2025-11-15 19:56:29 - wget stderr:   2450K .......... .......... .......... .......... .......... 18% 5.66M 2s
2025-11-15 19:56:29 - wget stderr:   2500K .......... .......... .......... .......... .......... 19% 20.5M 2s
2025-11-15 19:56:29 - wget stderr:   2550K .......... .......... .......... .......... .......... 19% 8.10M 2s
2025-11-15 19:56:29 - wget stderr:   2600K .......... .......... .......... .......... .......... 19% 9.66M 2s
2025-11-15 19:56:29 - wget stderr:   2650K .......... .......... .......... .......... .......... 20% 7.65M 2s
2025-11-15 19:56:29 - wget stderr:   2700K .......... .......... .......... .......... .......... 20% 8.35M 2s
2025-11-15 19:56:29 - wget stderr:   2750K .......... .......... .......... .......... .......... 20% 9.06M 2s
2025-11-15 19:56:29 - wget stderr:   2800K .......... .......... .......... .......... .......... 21% 7.84M 2s
2025-11-15 19:56:29 - wget stderr:   2850K .......... .......... .......... .......... .......... 21% 8.05M 2s
2025-11-15 19:56:29 - wget stderr:   2900K .......... .......... .......... .......... .......... 22% 9.48M 2s
2025-11-15 19:56:29 - wget stderr:   2950K .......... .......... .......... .......... .......... 22% 8.92M 2s
2025-11-15 19:56:29 - wget stderr:   3000K .......... .......... .......... .......... .......... 22% 7.40M 2s
2025-11-15 19:56:29 - wget stderr:   3050K .......... .......... .......... .......... .......... 23% 9.21M 2s
2025-11-15 19:56:29 - wget stderr:   3100K .......... .......... .......... .......... .......... 23% 6.08M 2s
2025-11-15 19:56:29 - wget stderr:   3150K .......... .......... .......... .......... .......... 23% 17.1M 2s
2025-11-15 19:56:29 - wget stderr:   3200K .......... .......... .......... .......... .......... 24% 8.02M 1s
2025-11-15 19:56:29 - wget stderr:   3250K .......... .......... .......... .......... .......... 24% 7.87M 1s
2025-11-15 19:56:29 - wget stderr:   3300K .......... .......... .......... .......... .......... 25% 9.31M 1s
2025-11-15 19:56:29 - wget stderr:   3350K .......... .......... .......... .......... .......... 25% 7.77M 1s
2025-11-15 19:56:29 - wget stderr:   3400K .......... .......... .......... .......... .......... 25% 7.48M 1s
2025-11-15 19:56:29 - wget stderr:   3450K .......... .......... .......... .......... .......... 26% 9.60M 1s
2025-11-15 19:56:29 - wget stderr:   3500K .......... .......... .......... .......... .......... 26% 8.06M 1s
2025-11-15 19:56:29 - wget stderr:   3550K .......... .......... .......... .......... .......... 26% 8.53M 1s
2025-11-15 19:56:29 - wget stderr:   3600K .......... .......... .......... .......... .......... 27% 7.96M 1s
2025-11-15 19:56:29 - wget stderr:   3650K .......... .......... .......... .......... .......... 27% 9.25M 1s
2025-11-15 19:56:29 - wget stderr:   3700K .......... .......... .......... .......... .......... 28% 9.14M 1s
2025-11-15 19:56:29 - wget stderr:   3750K .......... .......... .......... .......... .......... 28% 8.84M 1s
2025-11-15 19:56:29 - wget stderr:   3800K .......... .......... .......... .......... .......... 28% 8.67M 1s
2025-11-15 19:56:29 - wget stderr:   3850K .......... .......... .......... .......... .......... 29% 4.32M 1s
2025-11-15 19:56:29 - wget stderr:   3900K .......... .......... .......... .......... .......... 29% 50.3M 1s
2025-11-15 19:56:29 - wget stderr:   3950K .......... .......... .......... .......... .......... 29% 6.23M 1s
2025-11-15 19:56:29 - wget stderr:   4000K .......... .......... .......... .......... .......... 30% 10.7M 1s
2025-11-15 19:56:29 - wget stderr:   4050K .......... .......... .......... .......... .......... 30% 8.65M 1s
2025-11-15 19:56:29 - wget stderr:   4100K .......... .......... .......... .......... .......... 31% 9.63M 1s
2025-11-15 19:56:29 - wget stderr:   4150K .......... .......... .......... .......... .......... 31%  940K 1s
2025-11-15 19:56:29 - wget stderr:   4200K .......... .......... .......... .......... .......... 31%  110M 1s
2025-11-15 19:56:29 - wget stderr:   4250K .......... .......... .......... .......... .......... 32%  237M 1s
2025-11-15 19:56:29 - wget stderr:   4300K .......... .......... .......... .......... .......... 32% 15.6M 1s
2025-11-15 19:56:29 - wget stderr:   4350K .......... .......... .......... .......... .......... 32%  294M 1s
2025-11-15 19:56:29 - wget stderr:   4400K .......... .......... .......... .......... .......... 33%  113M 1s
2025-11-15 19:56:29 - wget stderr:   4450K .......... .......... .......... .......... .......... 33% 18.7M 1s
2025-11-15 19:56:29 - wget stderr:   4500K .......... .......... .......... .......... .......... 34%  233M 1s
2025-11-15 19:56:29 - wget stderr:   4550K .......... .......... .......... .......... .......... 34% 69.5M 1s
2025-11-15 19:56:29 - wget stderr:   4600K .......... .......... .......... .......... .......... 34% 41.6M 1s
2025-11-15 19:56:29 - wget stderr:   4650K .......... .......... .......... .......... .......... 35%  177M 1s
2025-11-15 19:56:29 - wget stderr:   4700K .......... .......... .......... .......... .......... 35% 2.08M 1s
2025-11-15 19:56:29 - wget stderr:   4750K .......... .......... .......... .......... .......... 35% 8.76M 1s
2025-11-15 19:56:29 - wget stderr:   4800K .......... .......... .......... .......... .......... 36% 11.6M 1s
2025-11-15 19:56:29 - wget stderr:   4850K .......... .......... .......... .......... .......... 36% 7.85M 1s
2025-11-15 19:56:29 - wget stderr:   4900K .......... .......... .......... .......... .......... 37% 11.4M 1s
2025-11-15 19:56:29 - wget stderr:   4950K .......... .......... .......... .......... .......... 37% 8.13M 1s
2025-11-15 19:56:29 - wget stderr:   5000K .......... .......... .......... .......... .......... 37% 7.76M 1s
2025-11-15 19:56:29 - wget stderr:   5050K .......... .......... .......... .......... .......... 38% 8.64M 1s
2025-11-15 19:56:29 - wget stderr:   5100K .......... .......... .......... .......... .......... 38% 6.66M 1s
2025-11-15 19:56:29 - wget stderr:   5150K .......... .......... .......... .......... .......... 38% 12.9M 1s
2025-11-15 19:56:29 - wget stderr:   5200K .......... .......... .......... .......... .......... 39% 9.62M 1s
2025-11-15 19:56:29 - wget stderr:   5250K .......... .......... .......... .......... .......... 39% 6.22M 1s
2025-11-15 19:56:29 - wget stderr:   5300K .......... .......... .......... .......... .......... 40%  703K 1s
2025-11-15 19:56:29 - wget stderr:   5350K .......... .......... .......... .......... .......... 40% 97.0M 1s
2025-11-15 19:56:29 - wget stderr:   5400K .......... .......... .......... .......... .......... 40%  163M 1s
2025-11-15 19:56:29 - wget stderr:   5450K .......... .......... .......... .......... .......... 41%  135M 1s
2025-11-15 19:56:29 - wget stderr:   5500K .......... .......... .......... .......... .......... 41% 82.2M 1s
2025-11-15 19:56:29 - wget stderr:   5550K .......... .......... .......... .......... .......... 41% 68.4M 1s
2025-11-15 19:56:29 - wget stderr:   5600K .......... .......... .......... .......... .......... 42%  104M 1s
2025-11-15 19:56:29 - wget stderr:   5650K .......... .......... .......... .......... .......... 42%  160M 1s
2025-11-15 19:56:29 - wget stderr:   5700K .......... .......... .......... .......... .......... 42%  110M 1s
2025-11-15 19:56:29 - wget stderr:   5750K .......... .......... .......... .......... .......... 43%  216M 1s
2025-11-15 19:56:29 - wget stderr:   5800K .......... .......... .......... .......... .......... 43%  253M 1s
2025-11-15 19:56:29 - wget stderr:   5850K .......... .......... .......... .......... .......... 44%  125M 1s
2025-11-15 19:56:29 - wget stderr:   5900K .......... .......... .......... .......... .......... 44% 82.4M 1s
2025-11-15 19:56:29 - wget stderr:   5950K .......... .......... .......... .......... .......... 44% 19.1M 1s
2025-11-15 19:56:29 - wget stderr:   6000K .......... .......... .......... .......... .......... 45% 8.54M 1s
2025-11-15 19:56:29 - wget stderr:   6050K .......... .......... .......... .......... .......... 45% 8.12M 1s
2025-11-15 19:56:29 - wget stderr:   6100K .......... .......... .......... .......... .......... 45% 7.51M 1s
2025-11-15 19:56:29 - wget stderr:   6150K .......... .......... .......... .......... .......... 46% 9.53M 1s
2025-11-15 19:56:29 - wget stderr:   6200K .......... .......... .......... .......... .......... 46% 8.73M 1s
2025-11-15 19:56:29 - wget stderr:   6250K .......... .......... .......... .......... .......... 47% 7.69M 1s
2025-11-15 19:56:29 - wget stderr:   6300K .......... .......... .......... .......... .......... 47% 8.73M 1s
2025-11-15 19:56:29 - wget stderr:   6350K .......... .......... .......... .......... .......... 47% 10.2M 1s
2025-11-15 19:56:29 - wget stderr:   6400K .......... .......... .......... .......... .......... 48% 7.72M 1s
2025-11-15 19:56:29 - wget stderr:   6450K .......... .......... .......... .......... .......... 48% 9.22M 1s
2025-11-15 19:56:29 - wget stderr:   6500K .......... .......... .......... .......... .......... 48% 5.20M 1s
2025-11-15 19:56:29 - wget stderr:   6550K .......... .......... .......... .......... .......... 49% 13.1M 1s
2025-11-15 19:56:29 - wget stderr:   6600K .......... .......... .......... .......... .......... 49% 12.0M 1s
2025-11-15 19:56:29 - wget stderr:   6650K .......... .......... .......... .......... .......... 50% 6.54M 1s
2025-11-15 19:56:29 - wget stderr:   6700K .......... .......... .......... .......... .......... 50% 13.6M 1s
2025-11-15 19:56:29 - wget stderr:   6750K .......... .......... .......... .......... .......... 50% 7.08M 1s
2025-11-15 19:56:29 - wget stderr:   6800K .......... .......... .......... .......... .......... 51% 5.57M 1s
2025-11-15 19:56:29 - wget stderr:   6850K .......... .......... .......... .......... .......... 51% 29.8M 1s
2025-11-15 19:56:29 - wget stderr:   6900K .......... .......... .......... .......... .......... 51% 8.16M 1s
2025-11-15 19:56:29 - wget stderr:   6950K .......... .......... .......... .......... .......... 52% 8.06M 1s
2025-11-15 19:56:29 - wget stderr:   7000K .......... .......... .......... .......... .......... 52% 6.81M 1s
2025-11-15 19:56:29 - wget stderr:   7050K .......... .......... .......... .......... .......... 53% 10.6M 1s
2025-11-15 19:56:29 - wget stderr:   7100K .......... .......... .......... .......... .......... 53% 7.62M 1s
2025-11-15 19:56:29 - wget stderr:   7150K .......... .......... .......... .......... .......... 53% 9.78M 1s
2025-11-15 19:56:30 - wget stderr:   7200K .......... .......... .......... .......... .......... 54% 4.84M 1s
2025-11-15 19:56:30 - wget stderr:   7250K .......... .......... .......... .......... .......... 54% 6.90M 1s
2025-11-15 19:56:30 - wget stderr:   7300K .......... .......... .......... .......... .......... 54% 5.33M 1s
2025-11-15 19:56:30 - wget stderr:   7350K .......... .......... .......... .......... .......... 55% 11.9M 1s
2025-11-15 19:56:30 - wget stderr:   7400K .......... .......... .......... .......... .......... 55% 18.8M 1s
2025-11-15 19:56:30 - wget stderr:   7450K .......... .......... .......... .......... .......... 56% 12.8M 1s
2025-11-15 19:56:30 - wget stderr:   7500K .......... .......... .......... .......... .......... 56% 13.9M 1s
2025-11-15 19:56:30 - wget stderr:   7550K .......... .......... .......... .......... .......... 56% 9.16M 1s
2025-11-15 19:56:30 - wget stderr:   7600K .......... .......... .......... .......... .......... 57% 8.88M 1s
2025-11-15 19:56:30 - wget stderr:   7650K .......... .......... .......... .......... .......... 57% 8.09M 1s
2025-11-15 19:56:30 - wget stderr:   7700K .......... .......... .......... .......... .......... 57% 5.56M 1s
2025-11-15 19:56:30 - wget stderr:   7750K .......... .......... .......... .......... .......... 58% 21.2M 1s
2025-11-15 19:56:30 - wget stderr:   7800K .......... .......... .......... .......... .......... 58% 8.97M 1s
2025-11-15 19:56:30 - wget stderr:   7850K .......... .......... .......... .......... .......... 59% 8.18M 1s
2025-11-15 19:56:30 - wget stderr:   7900K .......... .......... .......... .......... .......... 59% 8.08M 1s
2025-11-15 19:56:30 - wget stderr:   7950K .......... .......... .......... .......... .......... 59% 7.70M 1s
2025-11-15 19:56:30 - wget stderr:   8000K .......... .......... .......... .......... .......... 60% 11.5M 1s
2025-11-15 19:56:30 - wget stderr:   8050K .......... .......... .......... .......... .......... 60% 8.26M 1s
2025-11-15 19:56:30 - wget stderr:   8100K .......... .......... .......... .......... .......... 60% 6.69M 1s
2025-11-15 19:56:30 - wget stderr:   8150K .......... .......... .......... .......... .......... 61% 10.3M 1s
2025-11-15 19:56:30 - wget stderr:   8200K .......... .......... .......... .......... .......... 61% 7.41M 1s
2025-11-15 19:56:30 - wget stderr:   8250K .......... .......... .......... .......... .......... 62% 10.6M 1s
2025-11-15 19:56:30 - wget stderr:   8300K .......... .......... .......... .......... .......... 62% 8.82M 1s
2025-11-15 19:56:30 - wget stderr:   8350K .......... .......... .......... .......... .......... 62% 6.92M 1s
2025-11-15 19:56:30 - wget stderr:   8400K .......... .......... .......... .......... .......... 63% 8.53M 1s
2025-11-15 19:56:30 - wget stderr:   8450K .......... .......... .......... .......... .......... 63% 6.45M 1s
2025-11-15 19:56:30 - wget stderr:   8500K .......... .......... .......... .......... .......... 63% 18.1M 1s
2025-11-15 19:56:30 - wget stderr:   8550K .......... .......... .......... .......... .......... 64% 8.22M 1s
2025-11-15 19:56:30 - wget stderr:   8600K .......... .......... .......... .......... .......... 64% 7.29M 1s
2025-11-15 19:56:30 - wget stderr:   8650K .......... .......... .......... .......... .......... 65% 4.16M 1s
2025-11-15 19:56:30 - wget stderr:   8700K .......... .......... .......... .......... .......... 65%  242M 1s
2025-11-15 19:56:30 - wget stderr:   8750K .......... .......... .......... .......... .......... 65% 9.26M 1s
2025-11-15 19:56:30 - wget stderr:   8800K .......... .......... .......... .......... .......... 66% 7.51M 1s
2025-11-15 19:56:30 - wget stderr:   8850K .......... .......... .......... .......... .......... 66% 6.80M 1s
2025-11-15 19:56:30 - wget stderr:   8900K .......... .......... .......... .......... .......... 66% 18.5M 1s
2025-11-15 19:56:30 - wget stderr:   8950K .......... .......... .......... .......... .......... 67% 8.77M 1s
2025-11-15 19:56:30 - wget stderr:   9000K .......... .......... .......... .......... .......... 67% 7.77M 1s
2025-11-15 19:56:30 - wget stderr:   9050K .......... .......... .......... .......... .......... 68% 8.87M 1s
2025-11-15 19:56:30 - wget stderr:   9100K .......... .......... .......... .......... .......... 68% 9.27M 1s
2025-11-15 19:56:30 - wget stderr:   9150K .......... .......... .......... .......... .......... 68% 4.39M 1s
2025-11-15 19:56:30 - wget stderr:   9200K .......... .......... .......... .......... .......... 69% 4.18M 1s
2025-11-15 19:56:30 - wget stderr:   9250K .......... .......... .......... .......... .......... 69%  319M 1s
2025-11-15 19:56:30 - wget stderr:   9300K .......... .......... .......... .......... .......... 69% 9.31M 1s
2025-11-15 19:56:30 - wget stderr:   9350K .......... .......... .......... .......... .......... 70% 21.9M 1s
2025-11-15 19:56:30 - wget stderr:   9400K .......... .......... .......... .......... .......... 70% 13.2M 1s
2025-11-15 19:56:30 - wget stderr:   9450K .......... .......... .......... .......... .......... 71% 7.00M 0s
2025-11-15 19:56:30 - wget stderr:   9500K .......... .......... .......... .......... .......... 71% 8.97M 0s
2025-11-15 19:56:30 - wget stderr:   9550K .......... .......... .......... .......... .......... 71% 9.44M 0s
2025-11-15 19:56:30 - wget stderr:   9600K .......... .......... .......... .......... .......... 72% 8.35M 0s
2025-11-15 19:56:30 - wget stderr:   9650K .......... .......... .......... .......... .......... 72% 7.74M 0s
2025-11-15 19:56:30 - wget stderr:   9700K .......... .......... .......... .......... .......... 72% 8.66M 0s
2025-11-15 19:56:30 - wget stderr:   9750K .......... .......... .......... .......... .......... 73% 6.96M 0s
2025-11-15 19:56:30 - wget stderr:   9800K .......... .......... .......... .......... .......... 73% 8.46M 0s
2025-11-15 19:56:30 - wget stderr:   9850K .......... .......... .......... .......... .......... 74% 13.0M 0s
2025-11-15 19:56:30 - wget stderr:   9900K .......... .......... .......... .......... .......... 74% 8.42M 0s
2025-11-15 19:56:30 - wget stderr:   9950K .......... .......... .......... .......... .......... 74% 8.55M 0s
2025-11-15 19:56:30 - wget stderr:  10000K .......... .......... .......... .......... .......... 75% 7.86M 0s
2025-11-15 19:56:30 - wget stderr:  10050K .......... .......... .......... .......... .......... 75% 5.25M 0s
2025-11-15 19:56:30 - wget stderr:  10100K .......... .......... .......... .......... .......... 75% 9.54M 0s
2025-11-15 19:56:30 - wget stderr:  10150K .......... .......... .......... .......... .......... 76% 14.3M 0s
2025-11-15 19:56:30 - wget stderr:  10200K .......... .......... .......... .......... .......... 76% 9.73M 0s
2025-11-15 19:56:30 - wget stderr:  10250K .......... .......... .......... .......... .......... 77% 6.10M 0s
2025-11-15 19:56:30 - wget stderr:  10300K .......... .......... .......... .......... .......... 77% 14.3M 0s
2025-11-15 19:56:30 - wget stderr:  10350K .......... .......... .......... .......... .......... 77% 9.57M 0s
2025-11-15 19:56:30 - wget stderr:  10400K .......... .......... .......... .......... .......... 78% 6.97M 0s
2025-11-15 19:56:30 - wget stderr:  10450K .......... .......... .......... .......... .......... 78% 9.39M 0s
2025-11-15 19:56:30 - wget stderr:  10500K .......... .......... .......... .......... .......... 78% 8.06M 0s
2025-11-15 19:56:30 - wget stderr:  10550K .......... .......... .......... .......... .......... 79% 9.46M 0s
2025-11-15 19:56:30 - wget stderr:  10600K .......... .......... .......... .......... .......... 79% 7.82M 0s
2025-11-15 19:56:30 - wget stderr:  10650K .......... .......... .......... .......... .......... 80% 8.75M 0s
2025-11-15 19:56:30 - wget stderr:  10700K .......... .......... .......... .......... .......... 80% 4.47M 0s
2025-11-15 19:56:30 - wget stderr:  10750K .......... .......... .......... .......... .......... 80% 22.1M 0s
2025-11-15 19:56:30 - wget stderr:  10800K .......... .......... .......... .......... .......... 81% 9.79M 0s
2025-11-15 19:56:30 - wget stderr:  10850K .......... .......... .......... .......... .......... 81% 10.9M 0s
2025-11-15 19:56:30 - wget stderr:  10900K .......... .......... .......... .......... .......... 81% 7.44M 0s
2025-11-15 19:56:30 - wget stderr:  10950K .......... .......... .......... .......... .......... 82% 9.97M 0s
2025-11-15 19:56:30 - wget stderr:  11000K .......... .......... .......... .......... .......... 82% 6.36M 0s
2025-11-15 19:56:30 - wget stderr:  11050K .......... .......... .......... .......... .......... 82% 12.3M 0s
2025-11-15 19:56:30 - wget stderr:  11100K .......... .......... .......... .......... .......... 83% 8.63M 0s
2025-11-15 19:56:30 - wget stderr:  11150K .......... .......... .......... .......... .......... 83% 8.50M 0s
2025-11-15 19:56:30 - wget stderr:  11200K .......... .......... .......... .......... .......... 84% 4.80M 0s
2025-11-15 19:56:30 - wget stderr:  11250K .......... .......... .......... .......... .......... 84% 27.2M 0s
2025-11-15 19:56:30 - wget stderr:  11300K .......... .......... .......... .......... .......... 84% 9.23M 0s
2025-11-15 19:56:30 - wget stderr:  11350K .......... .......... .......... .......... .......... 85% 7.72M 0s
2025-11-15 19:56:30 - wget stderr:  11400K .......... .......... .......... .......... .......... 85% 9.95M 0s
2025-11-15 19:56:30 - wget stderr:  11450K .......... .......... .......... .......... .......... 85% 8.05M 0s
2025-11-15 19:56:30 - wget stderr:  11500K .......... .......... .......... .......... .......... 86% 8.42M 0s
2025-11-15 19:56:30 - wget stderr:  11550K .......... .......... .......... .......... .......... 86% 7.49M 0s
2025-11-15 19:56:30 - wget stderr:  11600K .......... .......... .......... .......... .......... 87% 10.9M 0s
2025-11-15 19:56:30 - wget stderr:  11650K .......... .......... .......... .......... .......... 87% 8.82M 0s
2025-11-15 19:56:30 - wget stderr:  11700K .......... .......... .......... .......... .......... 87% 4.77M 0s
2025-11-15 19:56:30 - wget stderr:  11750K .......... .......... .......... .......... .......... 88% 9.34M 0s
2025-11-15 19:56:30 - wget stderr:  11800K .......... .......... .......... .......... .......... 88% 17.8M 0s
2025-11-15 19:56:30 - wget stderr:  11850K .......... .......... .......... .......... .......... 88% 6.65M 0s
2025-11-15 19:56:30 - wget stderr:  11900K .......... .......... .......... .......... .......... 89% 5.19M 0s
2025-11-15 19:56:30 - wget stderr:  11950K .......... .......... .......... .......... .......... 89% 9.95M 0s
2025-11-15 19:56:30 - wget stderr:  12000K .......... .......... .......... .......... .......... 90% 15.6M 0s
2025-11-15 19:56:30 - wget stderr:  12050K .......... .......... .......... .......... .......... 90% 15.1M 0s
2025-11-15 19:56:30 - wget stderr:  12100K .......... .......... .......... .......... .......... 90% 7.85M 0s
2025-11-15 19:56:30 - wget stderr:  12150K .......... .......... .......... .......... .......... 91% 3.73M 0s
2025-11-15 19:56:30 - wget stderr:  12200K .......... .......... .......... .......... .......... 91% 39.4M 0s
2025-11-15 19:56:30 - wget stderr:  12250K .......... .......... .......... .......... .......... 91% 14.7M 0s
2025-11-15 19:56:30 - wget stderr:  12300K .......... .......... .......... .......... .......... 92% 11.1M 0s
2025-11-15 19:56:30 - wget stderr:  12350K .......... .......... .......... .......... .......... 92% 8.86M 0s
2025-11-15 19:56:30 - wget stderr:  12400K .......... .......... .......... .......... .......... 93% 6.59M 0s
2025-11-15 19:56:30 - wget stderr:  12450K .......... .......... .......... .......... .......... 93% 7.03M 0s
2025-11-15 19:56:30 - wget stderr:  12500K .......... .......... .......... .......... .......... 93% 16.5M 0s
2025-11-15 19:56:30 - wget stderr:  12550K .......... .......... .......... .......... .......... 94% 7.61M 0s
2025-11-15 19:56:30 - wget stderr:  12600K .......... .......... .......... .......... .......... 94% 9.08M 0s
2025-11-15 19:56:30 - wget stderr:  12650K .......... .......... .......... .......... .......... 94% 5.25M 0s
2025-11-15 19:56:30 - wget stderr:  12700K .......... .......... .......... .......... .......... 95% 25.3M 0s
2025-11-15 19:56:30 - wget stderr:  12750K .......... .......... .......... .......... .......... 95% 2.98M 0s
2025-11-15 19:56:30 - wget stderr:  12800K .......... .......... .......... .......... .......... 96% 9.20M 0s
2025-11-15 19:56:30 - wget stderr:  12850K .......... .......... .......... .......... .......... 96% 17.4M 0s
2025-11-15 19:56:30 - wget stderr:  12900K .......... .......... .......... .......... .......... 96% 57.6M 0s
2025-11-15 19:56:30 - wget stderr:  12950K .......... .......... .......... .......... .......... 97% 8.15M 0s
2025-11-15 19:56:30 - wget stderr:  13000K .......... .......... .......... .......... .......... 97% 12.1M 0s
2025-11-15 19:56:30 - wget stderr:  13050K .......... .......... .......... .......... .......... 97% 9.41M 0s
2025-11-15 19:56:30 - wget stderr:  13100K .......... .......... .......... .......... .......... 98% 9.28M 0s
2025-11-15 19:56:30 - wget stderr:  13150K .......... .......... .......... .......... .......... 98% 5.71M 0s
2025-11-15 19:56:30 - wget stderr:  13200K .......... .......... .......... .......... .......... 99% 18.8M 0s
2025-11-15 19:56:30 - wget stderr:  13250K .......... .......... .......... .......... .......... 99% 7.09M 0s
2025-11-15 19:56:30 - wget stderr:  13300K .......... .......... .......... .......... .......... 99% 7.60M 0s
2025-11-15 19:56:30 - wget stderr:  13350K .......... .......... ....                            100% 24.0M=1.7s
2025-11-15 19:56:30 - wget stderr: 
2025-11-15 19:56:30 - wget stderr: 2025-11-15 19:56:30 (7.88 MB/s) - 'C:/Users/rdesktop1/AppData/Local/Temp/VCDownloads/vcredist2015_2017_2019_2022_x86.zip' saved [13695134/13695134]
2025-11-15 19:56:30 - wget stderr: 
2025-11-15 19:56:30 - Download and extraction complete.
2025-11-15 19:56:30 - Extraction complete.
2025-11-15 19:56:30 - Running installer: C:\Users\rdesktop1\AppData\Local\Temp\VCDownloads\vcredist2015_2017_2019_2022_x86\vcredist2015_2017_2019_2022_x86.exe /passive /norestart
2025-11-15 19:56:34 - Installer finished with code 0
2025-11-15 19:56:34 - Launching Dokany installer...
2025-11-15 19:56:34 - Downloading ZIP from http://retrobat.ovh/repo/win64/prerequisites/DokanSetup.zip...
2025-11-15 19:56:34 - wget stderr: --2025-11-15 19:56:34--  http://retrobat.ovh/repo/win64/prerequisites/DokanSetup.zip
2025-11-15 19:56:34 - wget stderr: Resolving retrobat.ovh (retrobat.ovh)... 109.234.164.84
2025-11-15 19:56:34 - wget stderr: Connecting to retrobat.ovh (retrobat.ovh)|109.234.164.84|:80... connected.
2025-11-15 19:56:34 - wget stderr: HTTP request sent, awaiting response... 200 OK
2025-11-15 19:56:34 - wget stderr: Length: 18639169 (18M) [application/zip]
2025-11-15 19:56:34 - wget stderr: Saving to: 'C:/Users/rdesktop1/AppData/Local/Temp/dokanyDownloads/DokanSetup.zip'
2025-11-15 19:56:34 - wget stderr: 
2025-11-15 19:56:34 - wget stderr:      0K .......... .......... .......... .......... ..........  0%  823K 22s
2025-11-15 19:56:34 - wget stderr:     50K .......... .......... .......... .......... ..........  0% 1.74M 16s
2025-11-15 19:56:34 - wget stderr:    100K .......... .......... .......... .......... ..........  0% 7.00M 12s
2025-11-15 19:56:34 - wget stderr:    150K .......... .......... .......... .......... ..........  1% 9.63M 9s
2025-11-15 19:56:34 - wget stderr:    200K .......... .......... .......... .......... ..........  1% 1.76M 9s
2025-11-15 19:56:34 - wget stderr:    250K .......... .......... .......... .......... ..........  1% 9.28M 8s
2025-11-15 19:56:34 - wget stderr:    300K .......... .......... .......... .......... ..........  1% 5.86M 7s
2025-11-15 19:56:34 - wget stderr:    350K .......... .......... .......... .......... ..........  2% 19.2M 6s
2025-11-15 19:56:34 - wget stderr:    400K .......... .......... .......... .......... ..........  2% 4.64M 6s
2025-11-15 19:56:34 - wget stderr:    450K .......... .......... .......... .......... ..........  2% 3.92M 6s
2025-11-15 19:56:34 - wget stderr:    500K .......... .......... .......... .......... ..........  3% 33.3M 5s
2025-11-15 19:56:34 - wget stderr:    550K .......... .......... .......... .......... ..........  3% 7.07M 5s
2025-11-15 19:56:34 - wget stderr:    600K .......... .......... .......... .......... ..........  3% 8.77M 5s
2025-11-15 19:56:34 - wget stderr:    650K .......... .......... .......... .......... ..........  3% 5.65M 5s
2025-11-15 19:56:34 - wget stderr:    700K .......... .......... .......... .......... ..........  4% 3.74M 5s
2025-11-15 19:56:34 - wget stderr:    750K .......... .......... .......... .......... ..........  4% 11.9M 5s
2025-11-15 19:56:34 - wget stderr:    800K .......... .......... .......... .......... ..........  4% 3.97M 4s
2025-11-15 19:56:34 - wget stderr:    850K .......... .......... .......... .......... ..........  4% 7.47M 4s
2025-11-15 19:56:34 - wget stderr:    900K .......... .......... .......... .......... ..........  5% 4.43M 4s
2025-11-15 19:56:34 - wget stderr:    950K .......... .......... .......... .......... ..........  5% 3.09M 4s
2025-11-15 19:56:34 - wget stderr:   1000K .......... .......... .......... .......... ..........  5% 9.98M 4s
2025-11-15 19:56:34 - wget stderr:   1050K .......... .......... .......... .......... ..........  6% 10.6M 4s
2025-11-15 19:56:34 - wget stderr:   1100K .......... .......... .......... .......... ..........  6% 8.22M 4s
2025-11-15 19:56:34 - wget stderr:   1150K .......... .......... .......... .......... ..........  6% 8.44M 4s
2025-11-15 19:56:34 - wget stderr:   1200K .......... .......... .......... .......... ..........  6% 8.17M 4s
2025-11-15 19:56:34 - wget stderr:   1250K .......... .......... .......... .......... ..........  7% 5.12M 4s
2025-11-15 19:56:34 - wget stderr:   1300K .......... .......... .......... .......... ..........  7% 12.2M 4s
2025-11-15 19:56:34 - wget stderr:   1350K .......... .......... .......... .......... ..........  7% 6.94M 4s
2025-11-15 19:56:34 - wget stderr:   1400K .......... .......... .......... .......... ..........  7% 7.61M 4s
2025-11-15 19:56:34 - wget stderr:   1450K .......... .......... .......... .......... ..........  8% 7.98M 3s
2025-11-15 19:56:34 - wget stderr:   1500K .......... .......... .......... .......... ..........  8% 9.47M 3s
2025-11-15 19:56:34 - wget stderr:   1550K .......... .......... .......... .......... ..........  8% 8.23M 3s
2025-11-15 19:56:34 - wget stderr:   1600K .......... .......... .......... .......... ..........  9% 6.67M 3s
2025-11-15 19:56:34 - wget stderr:   1650K .......... .......... .......... .......... ..........  9% 11.9M 3s
2025-11-15 19:56:34 - wget stderr:   1700K .......... .......... .......... .......... ..........  9% 8.18M 3s
2025-11-15 19:56:34 - wget stderr:   1750K .......... .......... .......... .......... ..........  9% 9.77M 3s
2025-11-15 19:56:34 - wget stderr:   1800K .......... .......... .......... .......... .......... 10% 7.91M 3s
2025-11-15 19:56:34 - wget stderr:   1850K .......... .......... .......... .......... .......... 10% 6.43M 3s
2025-11-15 19:56:34 - wget stderr:   1900K .......... .......... .......... .......... .......... 10% 14.4M 3s
2025-11-15 19:56:34 - wget stderr:   1950K .......... .......... .......... .......... .......... 10% 8.72M 3s
2025-11-15 19:56:34 - wget stderr:   2000K .......... .......... .......... .......... .......... 11% 7.97M 3s
2025-11-15 19:56:34 - wget stderr:   2050K .......... .......... .......... .......... .......... 11% 9.87M 3s
2025-11-15 19:56:34 - wget stderr:   2100K .......... .......... .......... .......... .......... 11% 8.20M 3s
2025-11-15 19:56:34 - wget stderr:   2150K .......... .......... .......... .......... .......... 12% 5.64M 3s
2025-11-15 19:56:34 - wget stderr:   2200K .......... .......... .......... .......... .......... 12% 12.7M 3s
2025-11-15 19:56:34 - wget stderr:   2250K .......... .......... .......... .......... .......... 12% 5.26M 3s
2025-11-15 19:56:34 - wget stderr:   2300K .......... .......... .......... .......... .......... 12% 40.0M 3s
2025-11-15 19:56:34 - wget stderr:   2350K .......... .......... .......... .......... .......... 13% 7.54M 3s
2025-11-15 19:56:34 - wget stderr:   2400K .......... .......... .......... .......... .......... 13% 7.74M 3s
2025-11-15 19:56:34 - wget stderr:   2450K .......... .......... .......... .......... .......... 13% 8.56M 3s
2025-11-15 19:56:34 - wget stderr:   2500K .......... .......... .......... .......... .......... 14% 4.02M 3s
2025-11-15 19:56:34 - wget stderr:   2550K .......... .......... .......... .......... .......... 14% 67.6M 3s
2025-11-15 19:56:34 - wget stderr:   2600K .......... .......... .......... .......... .......... 14% 14.5M 3s
2025-11-15 19:56:34 - wget stderr:   2650K .......... .......... .......... .......... .......... 14% 7.21M 3s
2025-11-15 19:56:34 - wget stderr:   2700K .......... .......... .......... .......... .......... 15% 9.74M 3s
2025-11-15 19:56:34 - wget stderr:   2750K .......... .......... .......... .......... .......... 15% 9.28M 3s
2025-11-15 19:56:34 - wget stderr:   2800K .......... .......... .......... .......... .......... 15% 6.46M 3s
2025-11-15 19:56:34 - wget stderr:   2850K .......... .......... .......... .......... .......... 15% 8.45M 3s
2025-11-15 19:56:34 - wget stderr:   2900K .......... .......... .......... .......... .......... 16% 5.70M 2s
2025-11-15 19:56:34 - wget stderr:   2950K .......... .......... .......... .......... .......... 16% 18.1M 2s
2025-11-15 19:56:34 - wget stderr:   3000K .......... .......... .......... .......... .......... 16% 11.3M 2s
2025-11-15 19:56:34 - wget stderr:   3050K .......... .......... .......... .......... .......... 17% 8.90M 2s
2025-11-15 19:56:34 - wget stderr:   3100K .......... .......... .......... .......... .......... 17% 8.73M 2s
2025-11-15 19:56:34 - wget stderr:   3150K .......... .......... .......... .......... .......... 17% 5.42M 2s
2025-11-15 19:56:34 - wget stderr:   3200K .......... .......... .......... .......... .......... 17% 8.39M 2s
2025-11-15 19:56:34 - wget stderr:   3250K .......... .......... .......... .......... .......... 18% 17.0M 2s
2025-11-15 19:56:34 - wget stderr:   3300K .......... .......... .......... .......... .......... 18% 7.96M 2s
2025-11-15 19:56:34 - wget stderr:   3350K .......... .......... .......... .......... .......... 18% 9.38M 2s
2025-11-15 19:56:34 - wget stderr:   3400K .......... .......... .......... .......... .......... 18% 8.66M 2s
2025-11-15 19:56:34 - wget stderr:   3450K .......... .......... .......... .......... .......... 19% 7.44M 2s
2025-11-15 19:56:34 - wget stderr:   3500K .......... .......... .......... .......... .......... 19% 9.54M 2s
2025-11-15 19:56:34 - wget stderr:   3550K .......... .......... .......... .......... .......... 19% 9.36M 2s
2025-11-15 19:56:34 - wget stderr:   3600K .......... .......... .......... .......... .......... 20% 7.69M 2s
2025-11-15 19:56:34 - wget stderr:   3650K .......... .......... .......... .......... .......... 20% 9.13M 2s
2025-11-15 19:56:34 - wget stderr:   3700K .......... .......... .......... .......... .......... 20% 7.70M 2s
2025-11-15 19:56:34 - wget stderr:   3750K .......... .......... .......... .......... .......... 20% 8.63M 2s
2025-11-15 19:56:34 - wget stderr:   3800K .......... .......... .......... .......... .......... 21% 8.37M 2s
2025-11-15 19:56:34 - wget stderr:   3850K .......... .......... .......... .......... .......... 21% 8.94M 2s
2025-11-15 19:56:34 - wget stderr:   3900K .......... .......... .......... .......... .......... 21% 9.65M 2s
2025-11-15 19:56:34 - wget stderr:   3950K .......... .......... .......... .......... .......... 21% 7.84M 2s
2025-11-15 19:56:34 - wget stderr:   4000K .......... .......... .......... .......... .......... 22% 6.16M 2s
2025-11-15 19:56:34 - wget stderr:   4050K .......... .......... .......... .......... .......... 22% 8.34M 2s
2025-11-15 19:56:34 - wget stderr:   4100K .......... .......... .......... .......... .......... 22% 14.9M 2s
2025-11-15 19:56:34 - wget stderr:   4150K .......... .......... .......... .......... .......... 23% 8.35M 2s
2025-11-15 19:56:34 - wget stderr:   4200K .......... .......... .......... .......... .......... 23% 8.63M 2s
2025-11-15 19:56:34 - wget stderr:   4250K .......... .......... .......... .......... .......... 23% 5.84M 2s
2025-11-15 19:56:34 - wget stderr:   4300K .......... .......... .......... .......... .......... 23% 17.9M 2s
2025-11-15 19:56:34 - wget stderr:   4350K .......... .......... .......... .......... .......... 24% 7.92M 2s
2025-11-15 19:56:34 - wget stderr:   4400K .......... .......... .......... .......... .......... 24% 8.29M 2s
2025-11-15 19:56:34 - wget stderr:   4450K .......... .......... .......... .......... .......... 24% 8.47M 2s
2025-11-15 19:56:34 - wget stderr:   4500K .......... .......... .......... .......... .......... 24% 9.18M 2s
2025-11-15 19:56:34 - wget stderr:   4550K .......... .......... .......... .......... .......... 25% 8.47M 2s
2025-11-15 19:56:34 - wget stderr:   4600K .......... .......... .......... .......... .......... 25% 5.38M 2s
2025-11-15 19:56:34 - wget stderr:   4650K .......... .......... .......... .......... .......... 25% 4.70M 2s
2025-11-15 19:56:34 - wget stderr:   4700K .......... .......... .......... .......... .......... 26% 94.4M 2s
2025-11-15 19:56:34 - wget stderr:   4750K .......... .......... .......... .......... .......... 26% 16.5M 2s
2025-11-15 19:56:34 - wget stderr:   4800K .......... .......... .......... .......... .......... 26% 7.73M 2s
2025-11-15 19:56:34 - wget stderr:   4850K .......... .......... .......... .......... .......... 26% 10.4M 2s
2025-11-15 19:56:34 - wget stderr:   4900K .......... .......... .......... .......... .......... 27% 6.64M 2s
2025-11-15 19:56:34 - wget stderr:   4950K .......... .......... .......... .......... .......... 27% 5.30M 2s
2025-11-15 19:56:34 - wget stderr:   5000K .......... .......... .......... .......... .......... 27% 64.8M 2s
2025-11-15 19:56:34 - wget stderr:   5050K .......... .......... .......... .......... .......... 28% 8.76M 2s
2025-11-15 19:56:34 - wget stderr:   5100K .......... .......... .......... .......... .......... 28% 7.11M 2s
2025-11-15 19:56:34 - wget stderr:   5150K .......... .......... .......... .......... .......... 28% 6.10M 2s
2025-11-15 19:56:34 - wget stderr:   5200K .......... .......... .......... .......... .......... 28% 19.1M 2s
2025-11-15 19:56:34 - wget stderr:   5250K .......... .......... .......... .......... .......... 29% 8.28M 2s
2025-11-15 19:56:34 - wget stderr:   5300K .......... .......... .......... .......... .......... 29% 8.19M 2s
2025-11-15 19:56:34 - wget stderr:   5350K .......... .......... .......... .......... .......... 29% 9.28M 2s
2025-11-15 19:56:34 - wget stderr:   5400K .......... .......... .......... .......... .......... 29% 8.33M 2s
2025-11-15 19:56:35 - wget stderr:   5450K .......... .......... .......... .......... .......... 30% 6.08M 2s
2025-11-15 19:56:35 - wget stderr:   5500K .......... .......... .......... .......... .......... 30% 11.5M 2s
2025-11-15 19:56:35 - wget stderr:   5550K .......... .......... .......... .......... .......... 30% 10.0M 2s
2025-11-15 19:56:35 - wget stderr:   5600K .......... .......... .......... .......... .......... 31% 7.99M 2s
2025-11-15 19:56:35 - wget stderr:   5650K .......... .......... .......... .......... .......... 31% 8.44M 2s
2025-11-15 19:56:35 - wget stderr:   5700K .......... .......... .......... .......... .......... 31% 7.94M 2s
2025-11-15 19:56:35 - wget stderr:   5750K .......... .......... .......... .......... .......... 31% 9.57M 2s
2025-11-15 19:56:35 - wget stderr:   5800K .......... .......... .......... .......... .......... 32% 6.52M 2s
2025-11-15 19:56:35 - wget stderr:   5850K .......... .......... .......... .......... .......... 32% 8.44M 2s
2025-11-15 19:56:35 - wget stderr:   5900K .......... .......... .......... .......... .......... 32% 9.14M 2s
2025-11-15 19:56:35 - wget stderr:   5950K .......... .......... .......... .......... .......... 32% 11.7M 2s
2025-11-15 19:56:35 - wget stderr:   6000K .......... .......... .......... .......... .......... 33% 7.22M 2s
2025-11-15 19:56:35 - wget stderr:   6050K .......... .......... .......... .......... .......... 33% 7.51M 2s
2025-11-15 19:56:35 - wget stderr:   6100K .......... .......... .......... .......... .......... 33% 10.2M 2s
2025-11-15 19:56:35 - wget stderr:   6150K .......... .......... .......... .......... .......... 34% 10.2M 2s
2025-11-15 19:56:35 - wget stderr:   6200K .......... .......... .......... .......... .......... 34% 8.76M 2s
2025-11-15 19:56:35 - wget stderr:   6250K .......... .......... .......... .......... .......... 34% 7.85M 2s
2025-11-15 19:56:35 - wget stderr:   6300K .......... .......... .......... .......... .......... 34% 5.31M 2s
2025-11-15 19:56:35 - wget stderr:   6350K .......... .......... .......... .......... .......... 35% 10.9M 2s
2025-11-15 19:56:35 - wget stderr:   6400K .......... .......... .......... .......... .......... 35% 14.2M 2s
2025-11-15 19:56:35 - wget stderr:   6450K .......... .......... .......... .......... .......... 35% 8.53M 2s
2025-11-15 19:56:35 - wget stderr:   6500K .......... .......... .......... .......... .......... 35% 6.80M 2s
2025-11-15 19:56:35 - wget stderr:   6550K .......... .......... .......... .......... .......... 36% 8.44M 2s
2025-11-15 19:56:35 - wget stderr:   6600K .......... .......... .......... .......... .......... 36% 12.2M 2s
2025-11-15 19:56:35 - wget stderr:   6650K .......... .......... .......... .......... .......... 36% 8.85M 2s
2025-11-15 19:56:35 - wget stderr:   6700K .......... .......... .......... .......... .......... 37% 7.02M 2s
2025-11-15 19:56:35 - wget stderr:   6750K .......... .......... .......... .......... .......... 37% 9.10M 2s
2025-11-15 19:56:35 - wget stderr:   6800K .......... .......... .......... .......... .......... 37% 9.65M 2s
2025-11-15 19:56:35 - wget stderr:   6850K .......... .......... .......... .......... .......... 37% 6.77M 2s
2025-11-15 19:56:35 - wget stderr:   6900K .......... .......... .......... .......... .......... 38% 8.02M 2s
2025-11-15 19:56:35 - wget stderr:   6950K .......... .......... .......... .......... .......... 38% 11.1M 2s
2025-11-15 19:56:35 - wget stderr:   7000K .......... .......... .......... .......... .......... 38% 7.29M 2s
2025-11-15 19:56:35 - wget stderr:   7050K .......... .......... .......... .......... .......... 39% 7.87M 1s
2025-11-15 19:56:35 - wget stderr:   7100K .......... .......... .......... .......... .......... 39% 8.63M 1s
2025-11-15 19:56:35 - wget stderr:   7150K .......... .......... .......... .......... .......... 39% 6.97M 1s
2025-11-15 19:56:35 - wget stderr:   7200K .......... .......... .......... .......... .......... 39% 8.95M 1s
2025-11-15 19:56:35 - wget stderr:   7250K .......... .......... .......... .......... .......... 40% 12.5M 1s
2025-11-15 19:56:35 - wget stderr:   7300K .......... .......... .......... .......... .......... 40% 7.68M 1s
2025-11-15 19:56:35 - wget stderr:   7350K .......... .......... .......... .......... .......... 40% 6.52M 1s
2025-11-15 19:56:35 - wget stderr:   7400K .......... .......... .......... .......... .......... 40% 13.9M 1s
2025-11-15 19:56:35 - wget stderr:   7450K .......... .......... .......... .......... .......... 41% 11.2M 1s
2025-11-15 19:56:35 - wget stderr:   7500K .......... .......... .......... .......... .......... 41% 8.09M 1s
2025-11-15 19:56:35 - wget stderr:   7550K .......... .......... .......... .......... .......... 41% 3.71M 1s
2025-11-15 19:56:35 - wget stderr:   7600K .......... .......... .......... .......... .......... 42%  142M 1s
2025-11-15 19:56:35 - wget stderr:   7650K .......... .......... .......... .......... .......... 42% 11.2M 1s
2025-11-15 19:56:35 - wget stderr:   7700K .......... .......... .......... .......... .......... 42% 9.69M 1s
2025-11-15 19:56:35 - wget stderr:   7750K .......... .......... .......... .......... .......... 42% 8.02M 1s
2025-11-15 19:56:35 - wget stderr:   7800K .......... .......... .......... .......... .......... 43% 9.40M 1s
2025-11-15 19:56:35 - wget stderr:   7850K .......... .......... .......... .......... .......... 43% 8.24M 1s
2025-11-15 19:56:35 - wget stderr:   7900K .......... .......... .......... .......... .......... 43% 8.69M 1s
2025-11-15 19:56:35 - wget stderr:   7950K .......... .......... .......... .......... .......... 43% 7.90M 1s
2025-11-15 19:56:35 - wget stderr:   8000K .......... .......... .......... .......... .......... 44% 8.41M 1s
2025-11-15 19:56:35 - wget stderr:   8050K .......... .......... .......... .......... .......... 44% 6.53M 1s
2025-11-15 19:56:35 - wget stderr:   8100K .......... .......... .......... .......... .......... 44% 11.7M 1s
2025-11-15 19:56:35 - wget stderr:   8150K .......... .......... .......... .......... .......... 45% 10.1M 1s
2025-11-15 19:56:35 - wget stderr:   8200K .......... .......... .......... .......... .......... 45% 7.63M 1s
2025-11-15 19:56:35 - wget stderr:   8250K .......... .......... .......... .......... .......... 45% 9.23M 1s
2025-11-15 19:56:35 - wget stderr:   8300K .......... .......... .......... .......... .......... 45% 7.62M 1s
2025-11-15 19:56:35 - wget stderr:   8350K .......... .......... .......... .......... .......... 46% 8.77M 1s
2025-11-15 19:56:35 - wget stderr:   8400K .......... .......... .......... .......... .......... 46% 9.94M 1s
2025-11-15 19:56:35 - wget stderr:   8450K .......... .......... .......... .......... .......... 46% 7.28M 1s
2025-11-15 19:56:35 - wget stderr:   8500K .......... .......... .......... .......... .......... 46% 5.56M 1s
2025-11-15 19:56:35 - wget stderr:   8550K .......... .......... .......... .......... .......... 47% 22.4M 1s
2025-11-15 19:56:35 - wget stderr:   8600K .......... .......... .......... .......... .......... 47% 7.91M 1s
2025-11-15 19:56:35 - wget stderr:   8650K .......... .......... .......... .......... .......... 47% 9.31M 1s
2025-11-15 19:56:35 - wget stderr:   8700K .......... .......... .......... .......... .......... 48% 9.14M 1s
2025-11-15 19:56:35 - wget stderr:   8750K .......... .......... .......... .......... .......... 48% 8.60M 1s
2025-11-15 19:56:35 - wget stderr:   8800K .......... .......... .......... .......... .......... 48% 8.05M 1s
2025-11-15 19:56:35 - wget stderr:   8850K .......... .......... .......... .......... .......... 48% 8.63M 1s
2025-11-15 19:56:35 - wget stderr:   8900K .......... .......... .......... .......... .......... 49% 8.79M 1s
2025-11-15 19:56:35 - wget stderr:   8950K .......... .......... .......... .......... .......... 49% 8.55M 1s
2025-11-15 19:56:35 - wget stderr:   9000K .......... .......... .......... .......... .......... 49% 8.70M 1s
2025-11-15 19:56:35 - wget stderr:   9050K .......... .......... .......... .......... .......... 49% 7.73M 1s
2025-11-15 19:56:35 - wget stderr:   9100K .......... .......... .......... .......... .......... 50% 8.58M 1s
2025-11-15 19:56:35 - wget stderr:   9150K .......... .......... .......... .......... .......... 50% 8.46M 1s
2025-11-15 19:56:35 - wget stderr:   9200K .......... .......... .......... .......... .......... 50% 8.27M 1s
2025-11-15 19:56:35 - wget stderr:   9250K .......... .......... .......... .......... .......... 51% 9.91M 1s
2025-11-15 19:56:35 - wget stderr:   9300K .......... .......... .......... .......... .......... 51% 5.88M 1s
2025-11-15 19:56:35 - wget stderr:   9350K .......... .......... .......... .......... .......... 51% 13.5M 1s
2025-11-15 19:56:35 - wget stderr:   9400K .......... .......... .......... .......... .......... 51% 6.18M 1s
2025-11-15 19:56:35 - wget stderr:   9450K .......... .......... .......... .......... .......... 52% 14.6M 1s
2025-11-15 19:56:35 - wget stderr:   9500K .......... .......... .......... .......... .......... 52% 7.86M 1s
2025-11-15 19:56:35 - wget stderr:   9550K .......... .......... .......... .......... .......... 52% 9.16M 1s
2025-11-15 19:56:35 - wget stderr:   9600K .......... .......... .......... .......... .......... 53% 7.02M 1s
2025-11-15 19:56:35 - wget stderr:   9650K .......... .......... .......... .......... .......... 53% 7.48M 1s
2025-11-15 19:56:35 - wget stderr:   9700K .......... .......... .......... .......... .......... 53% 14.0M 1s
2025-11-15 19:56:35 - wget stderr:   9750K .......... .......... .......... .......... .......... 53% 6.41M 1s
2025-11-15 19:56:35 - wget stderr:   9800K .......... .......... .......... .......... .......... 54% 8.30M 1s
2025-11-15 19:56:35 - wget stderr:   9850K .......... .......... .......... .......... .......... 54% 14.5M 1s
2025-11-15 19:56:35 - wget stderr:   9900K .......... .......... .......... .......... .......... 54% 7.76M 1s
2025-11-15 19:56:35 - wget stderr:   9950K .......... .......... .......... .......... .......... 54% 8.24M 1s
2025-11-15 19:56:35 - wget stderr:  10000K .......... .......... .......... .......... .......... 55% 8.82M 1s
2025-11-15 19:56:35 - wget stderr:  10050K .......... .......... .......... .......... .......... 55% 9.10M 1s
2025-11-15 19:56:35 - wget stderr:  10100K .......... .......... .......... .......... .......... 55% 8.67M 1s
2025-11-15 19:56:35 - wget stderr:  10150K .......... .......... .......... .......... .......... 56% 4.42M 1s
2025-11-15 19:56:35 - wget stderr:  10200K .......... .......... .......... .......... .......... 56% 21.5M 1s
2025-11-15 19:56:35 - wget stderr:  10250K .......... .......... .......... .......... .......... 56% 12.9M 1s
2025-11-15 19:56:35 - wget stderr:  10300K .......... .......... .......... .......... .......... 56% 6.28M 1s
2025-11-15 19:56:35 - wget stderr:  10350K .......... .......... .......... .......... .......... 57% 13.0M 1s
2025-11-15 19:56:35 - wget stderr:  10400K .......... .......... .......... .......... .......... 57% 7.81M 1s
2025-11-15 19:56:35 - wget stderr:  10450K .......... .......... .......... .......... .......... 57% 9.00M 1s
2025-11-15 19:56:35 - wget stderr:  10500K .......... .......... .......... .......... .......... 57% 7.67M 1s
2025-11-15 19:56:35 - wget stderr:  10550K .......... .......... .......... .......... .......... 58% 9.69M 1s
2025-11-15 19:56:35 - wget stderr:  10600K .......... .......... .......... .......... .......... 58% 7.66M 1s
2025-11-15 19:56:35 - wget stderr:  10650K .......... .......... .......... .......... .......... 58% 8.86M 1s
2025-11-15 19:56:35 - wget stderr:  10700K .......... .......... .......... .......... .......... 59% 8.60M 1s
2025-11-15 19:56:35 - wget stderr:  10750K .......... .......... .......... .......... .......... 59%  557K 1s
2025-11-15 19:56:35 - wget stderr:  10800K .......... .......... .......... .......... .......... 59% 7.17M 1s
2025-11-15 19:56:35 - wget stderr:  10850K .......... .......... .......... .......... .......... 59% 17.1M 1s
2025-11-15 19:56:35 - wget stderr:  10900K .......... .......... .......... .......... .......... 60% 14.5M 1s
2025-11-15 19:56:35 - wget stderr:  10950K .......... .......... .......... .......... .......... 60% 18.1M 1s
2025-11-15 19:56:35 - wget stderr:  11000K .......... .......... .......... .......... .......... 60% 31.2M 1s
2025-11-15 19:56:35 - wget stderr:  11050K .......... .......... .......... .......... .......... 60% 10.6M 1s
2025-11-15 19:56:35 - wget stderr:  11100K .......... .......... .......... .......... .......... 61% 17.1M 1s
2025-11-15 19:56:35 - wget stderr:  11150K .......... .......... .......... .......... .......... 61% 23.8M 1s
2025-11-15 19:56:35 - wget stderr:  11200K .......... .......... .......... .......... .......... 61%  415M 1s
2025-11-15 19:56:35 - wget stderr:  11250K .......... .......... .......... .......... .......... 62% 7.88M 1s
2025-11-15 19:56:35 - wget stderr:  11300K .......... .......... .......... .......... .......... 62% 52.9M 1s
2025-11-15 19:56:35 - wget stderr:  11350K .......... .......... .......... .......... .......... 62%  255M 1s
2025-11-15 19:56:35 - wget stderr:  11400K .......... .......... .......... .......... .......... 62%  303M 1s
2025-11-15 19:56:35 - wget stderr:  11450K .......... .......... .......... .......... .......... 63%  191M 1s
2025-11-15 19:56:35 - wget stderr:  11500K .......... .......... .......... .......... .......... 63%  175M 1s
2025-11-15 19:56:35 - wget stderr:  11550K .......... .......... .......... .......... .......... 63%  300M 1s
2025-11-15 19:56:35 - wget stderr:  11600K .......... .......... .......... .......... .......... 64%  266M 1s
2025-11-15 19:56:35 - wget stderr:  11650K .......... .......... .......... .......... .......... 64%  194M 1s
2025-11-15 19:56:35 - wget stderr:  11700K .......... .......... .......... .......... .......... 64%  243M 1s
2025-11-15 19:56:35 - wget stderr:  11750K .......... .......... .......... .......... .......... 64%  183M 1s
2025-11-15 19:56:35 - wget stderr:  11800K .......... .......... .......... .......... .......... 65%  112M 1s
2025-11-15 19:56:35 - wget stderr:  11850K .......... .......... .......... .......... .......... 65% 8.93M 1s
2025-11-15 19:56:35 - wget stderr:  11900K .......... .......... .......... .......... .......... 65% 7.39M 1s
2025-11-15 19:56:35 - wget stderr:  11950K .......... .......... .......... .......... .......... 65% 10.2M 1s
2025-11-15 19:56:35 - wget stderr:  12000K .......... .......... .......... .......... .......... 66% 9.05M 1s
2025-11-15 19:56:35 - wget stderr:  12050K .......... .......... .......... .......... .......... 66% 6.82M 1s
2025-11-15 19:56:35 - wget stderr:  12100K .......... .......... .......... .......... .......... 66% 8.50M 1s
2025-11-15 19:56:35 - wget stderr:  12150K .......... .......... .......... .......... .......... 67% 7.72M 1s
2025-11-15 19:56:35 - wget stderr:  12200K .......... .......... .......... .......... .......... 67% 11.2M 1s
2025-11-15 19:56:35 - wget stderr:  12250K .......... .......... .......... .......... .......... 67% 7.22M 1s
2025-11-15 19:56:35 - wget stderr:  12300K .......... .......... .......... .......... .......... 67% 8.25M 1s
2025-11-15 19:56:35 - wget stderr:  12350K .......... .......... .......... .......... .......... 68% 12.1M 1s
2025-11-15 19:56:35 - wget stderr:  12400K .......... .......... .......... .......... .......... 68% 7.78M 1s
2025-11-15 19:56:35 - wget stderr:  12450K .......... .......... .......... .......... .......... 68% 9.38M 1s
2025-11-15 19:56:35 - wget stderr:  12500K .......... .......... .......... .......... .......... 68% 8.35M 1s
2025-11-15 19:56:35 - wget stderr:  12550K .......... .......... .......... .......... .......... 69% 8.58M 1s
2025-11-15 19:56:35 - wget stderr:  12600K .......... .......... .......... .......... .......... 69% 7.90M 1s
2025-11-15 19:56:35 - wget stderr:  12650K .......... .......... .......... .......... .......... 69% 9.18M 1s
2025-11-15 19:56:35 - wget stderr:  12700K .......... .......... .......... .......... .......... 70% 6.88M 1s
2025-11-15 19:56:35 - wget stderr:  12750K .......... .......... .......... .......... .......... 70% 10.6M 1s
2025-11-15 19:56:35 - wget stderr:  12800K .......... .......... .......... .......... .......... 70% 6.25M 1s
2025-11-15 19:56:35 - wget stderr:  12850K .......... .......... .......... .......... .......... 70% 15.1M 1s
2025-11-15 19:56:35 - wget stderr:  12900K .......... .......... .......... .......... .......... 71% 8.70M 1s
2025-11-15 19:56:35 - wget stderr:  12950K .......... .......... .......... .......... .......... 71% 5.63M 1s
2025-11-15 19:56:35 - wget stderr:  13000K .......... .......... .......... .......... .......... 71% 9.50M 1s
2025-11-15 19:56:35 - wget stderr:  13050K .......... .......... .......... .......... .......... 71% 12.4M 1s
2025-11-15 19:56:35 - wget stderr:  13100K .......... .......... .......... .......... .......... 72% 5.68M 1s
2025-11-15 19:56:35 - wget stderr:  13150K .......... .......... .......... .......... .......... 72% 12.7M 1s
2025-11-15 19:56:35 - wget stderr:  13200K .......... .......... .......... .......... .......... 72% 5.58M 1s
2025-11-15 19:56:35 - wget stderr:  13250K .......... .......... .......... .......... .......... 73% 16.2M 1s
2025-11-15 19:56:35 - wget stderr:  13300K .......... .......... .......... .......... .......... 73% 9.74M 1s
2025-11-15 19:56:35 - wget stderr:  13350K .......... .......... .......... .......... .......... 73% 8.36M 1s
2025-11-15 19:56:35 - wget stderr:  13400K .......... .......... .......... .......... .......... 73% 7.76M 1s
2025-11-15 19:56:35 - wget stderr:  13450K .......... .......... .......... .......... .......... 74% 8.85M 1s
2025-11-15 19:56:35 - wget stderr:  13500K .......... .......... .......... .......... .......... 74% 8.35M 1s
2025-11-15 19:56:35 - wget stderr:  13550K .......... .......... .......... .......... .......... 74% 9.69M 1s
2025-11-15 19:56:35 - wget stderr:  13600K .......... .......... .......... .......... .......... 74% 6.83M 1s
2025-11-15 19:56:35 - wget stderr:  13650K .......... .......... .......... .......... .......... 75% 8.86M 1s
2025-11-15 19:56:35 - wget stderr:  13700K .......... .......... .......... .......... .......... 75% 12.4M 1s
2025-11-15 19:56:35 - wget stderr:  13750K .......... .......... .......... .......... .......... 75% 6.35M 1s
2025-11-15 19:56:35 - wget stderr:  13800K .......... .......... .......... .......... .......... 76% 8.67M 1s
2025-11-15 19:56:35 - wget stderr:  13850K .......... .......... .......... .......... .......... 76% 4.29M 1s
2025-11-15 19:56:35 - wget stderr:  13900K .......... .......... .......... .......... .......... 76%  339M 1s
2025-11-15 19:56:35 - wget stderr:  13950K .......... .......... .......... .......... .......... 76% 12.8M 1s
2025-11-15 19:56:35 - wget stderr:  14000K .......... .......... .......... .......... .......... 77% 6.14M 1s
2025-11-15 19:56:35 - wget stderr:  14050K .......... .......... .......... .......... .......... 77% 13.2M 1s
2025-11-15 19:56:35 - wget stderr:  14100K .......... .......... .......... .......... .......... 77% 4.91M 1s
2025-11-15 19:56:35 - wget stderr:  14150K .......... .......... .......... .......... .......... 78% 14.5M 0s
2025-11-15 19:56:36 - wget stderr:  14200K .......... .......... .......... .......... .......... 78% 9.25M 0s
2025-11-15 19:56:36 - wget stderr:  14250K .......... .......... .......... .......... .......... 78% 11.4M 0s
2025-11-15 19:56:36 - wget stderr:  14300K .......... .......... .......... .......... .......... 78% 7.20M 0s
2025-11-15 19:56:36 - wget stderr:  14350K .......... .......... .......... .......... .......... 79% 9.91M 0s
2025-11-15 19:56:36 - wget stderr:  14400K .......... .......... .......... .......... .......... 79% 7.93M 0s
2025-11-15 19:56:36 - wget stderr:  14450K .......... .......... .......... .......... .......... 79% 9.01M 0s
2025-11-15 19:56:36 - wget stderr:  14500K .......... .......... .......... .......... .......... 79% 4.14M 0s
2025-11-15 19:56:36 - wget stderr:  14550K .......... .......... .......... .......... .......... 80% 16.7M 0s
2025-11-15 19:56:36 - wget stderr:  14600K .......... .......... .......... .......... .......... 80% 14.4M 0s
2025-11-15 19:56:36 - wget stderr:  14650K .......... .......... .......... .......... .......... 80% 7.83M 0s
2025-11-15 19:56:36 - wget stderr:  14700K .......... .......... .......... .......... .......... 81% 12.1M 0s
2025-11-15 19:56:36 - wget stderr:  14750K .......... .......... .......... .......... .......... 81% 8.50M 0s
2025-11-15 19:56:36 - wget stderr:  14800K .......... .......... .......... .......... .......... 81% 8.77M 0s
2025-11-15 19:56:36 - wget stderr:  14850K .......... .......... .......... .......... .......... 81% 6.46M 0s
2025-11-15 19:56:36 - wget stderr:  14900K .......... .......... .......... .......... .......... 82% 8.98M 0s
2025-11-15 19:56:36 - wget stderr:  14950K .......... .......... .......... .......... .......... 82% 10.5M 0s
2025-11-15 19:56:36 - wget stderr:  15000K .......... .......... .......... .......... .......... 82% 6.74M 0s
2025-11-15 19:56:36 - wget stderr:  15050K .......... .......... .......... .......... .......... 82% 9.86M 0s
2025-11-15 19:56:36 - wget stderr:  15100K .......... .......... .......... .......... .......... 83% 7.80M 0s
2025-11-15 19:56:36 - wget stderr:  15150K .......... .......... .......... .......... .......... 83% 9.36M 0s
2025-11-15 19:56:36 - wget stderr:  15200K .......... .......... .......... .......... .......... 83% 9.59M 0s
2025-11-15 19:56:36 - wget stderr:  15250K .......... .......... .......... .......... .......... 84% 2.85M 0s
2025-11-15 19:56:36 - wget stderr:  15300K .......... .......... .......... .......... .......... 84%  157M 0s
2025-11-15 19:56:36 - wget stderr:  15350K .......... .......... .......... .......... .......... 84% 5.78M 0s
2025-11-15 19:56:36 - wget stderr:  15400K .......... .......... .......... .......... .......... 84% 24.1M 0s
2025-11-15 19:56:36 - wget stderr:  15450K .......... .......... .......... .......... .......... 85% 25.0M 0s
2025-11-15 19:56:36 - wget stderr:  15500K .......... .......... .......... .......... .......... 85% 6.91M 0s
2025-11-15 19:56:36 - wget stderr:  15550K .......... .......... .......... .......... .......... 85% 15.9M 0s
2025-11-15 19:56:36 - wget stderr:  15600K .......... .......... .......... .......... .......... 85% 7.20M 0s
2025-11-15 19:56:36 - wget stderr:  15650K .......... .......... .......... .......... .......... 86% 1.57M 0s
2025-11-15 19:56:36 - wget stderr:  15700K .......... .......... .......... .......... .......... 86% 21.8M 0s
2025-11-15 19:56:36 - wget stderr:  15750K .......... .......... .......... .......... .......... 86% 18.3M 0s
2025-11-15 19:56:36 - wget stderr:  15800K .......... .......... .......... .......... .......... 87% 22.8M 0s
2025-11-15 19:56:36 - wget stderr:  15850K .......... .......... .......... .......... .......... 87% 25.6M 0s
2025-11-15 19:56:36 - wget stderr:  15900K .......... .......... .......... .......... .......... 87% 29.7M 0s
2025-11-15 19:56:36 - wget stderr:  15950K .......... .......... .......... .......... .......... 87% 31.9M 0s
2025-11-15 19:56:36 - wget stderr:  16000K .......... .......... .......... .......... .......... 88% 22.0M 0s
2025-11-15 19:56:36 - wget stderr:  16050K .......... .......... .......... .......... .......... 88% 10.2M 0s
2025-11-15 19:56:36 - wget stderr:  16100K .......... .......... .......... .......... .......... 88% 4.30M 0s
2025-11-15 19:56:36 - wget stderr:  16150K .......... .......... .......... .......... .......... 88% 16.2M 0s
2025-11-15 19:56:36 - wget stderr:  16200K .......... .......... .......... .......... .......... 89% 12.1M 0s
2025-11-15 19:56:36 - wget stderr:  16250K .......... .......... .......... .......... .......... 89% 4.16M 0s
2025-11-15 19:56:36 - wget stderr:  16300K .......... .......... .......... .......... .......... 89%  295M 0s
2025-11-15 19:56:36 - wget stderr:  16350K .......... .......... .......... .......... .......... 90% 8.25M 0s
2025-11-15 19:56:36 - wget stderr:  16400K .......... .......... .......... .......... .......... 90% 9.44M 0s
2025-11-15 19:56:36 - wget stderr:  16450K .......... .......... .......... .......... .......... 90% 8.50M 0s
2025-11-15 19:56:36 - wget stderr:  16500K .......... .......... .......... .......... .......... 90% 6.49M 0s
2025-11-15 19:56:36 - wget stderr:  16550K .......... .......... .......... .......... .......... 91% 7.68M 0s
2025-11-15 19:56:36 - wget stderr:  16600K .......... .......... .......... .......... .......... 91% 18.8M 0s
2025-11-15 19:56:36 - wget stderr:  16650K .......... .......... .......... .......... .......... 91% 7.23M 0s
2025-11-15 19:56:36 - wget stderr:  16700K .......... .......... .......... .......... .......... 92% 9.68M 0s
2025-11-15 19:56:36 - wget stderr:  16750K .......... .......... .......... .......... .......... 92% 9.65M 0s
2025-11-15 19:56:36 - wget stderr:  16800K .......... .......... .......... .......... .......... 92% 7.95M 0s
2025-11-15 19:56:36 - wget stderr:  16850K .......... .......... .......... .......... .......... 92% 9.69M 0s
2025-11-15 19:56:36 - wget stderr:  16900K .......... .......... .......... .......... .......... 93% 8.56M 0s
2025-11-15 19:56:36 - wget stderr:  16950K .......... .......... .......... .......... .......... 93% 8.60M 0s
2025-11-15 19:56:36 - wget stderr:  17000K .......... .......... .......... .......... .......... 93% 8.07M 0s
2025-11-15 19:56:36 - wget stderr:  17050K .......... .......... .......... .......... .......... 93% 7.83M 0s
2025-11-15 19:56:36 - wget stderr:  17100K .......... .......... .......... .......... .......... 94% 9.83M 0s
2025-11-15 19:56:36 - wget stderr:  17150K .......... .......... .......... .......... .......... 94% 4.89M 0s
2025-11-15 19:56:36 - wget stderr:  17200K .......... .......... .......... .......... .......... 94% 8.97M 0s
2025-11-15 19:56:36 - wget stderr:  17250K .......... .......... .......... .......... .......... 95% 19.7M 0s
2025-11-15 19:56:36 - wget stderr:  17300K .......... .......... .......... .......... .......... 95% 10.5M 0s
2025-11-15 19:56:36 - wget stderr:  17350K .......... .......... .......... .......... .......... 95% 7.99M 0s
2025-11-15 19:56:36 - wget stderr:  17400K .......... .......... .......... .......... .......... 95% 5.92M 0s
2025-11-15 19:56:36 - wget stderr:  17450K .......... .......... .......... .......... .......... 96% 7.54M 0s
2025-11-15 19:56:36 - wget stderr:  17500K .......... .......... .......... .......... .......... 96% 14.1M 0s
2025-11-15 19:56:36 - wget stderr:  17550K .......... .......... .......... .......... .......... 96% 8.62M 0s
2025-11-15 19:56:36 - wget stderr:  17600K .......... .......... .......... .......... .......... 96% 8.16M 0s
2025-11-15 19:56:36 - wget stderr:  17650K .......... .......... .......... .......... .......... 97% 7.72M 0s
2025-11-15 19:56:36 - wget stderr:  17700K .......... .......... .......... .......... .......... 97% 12.6M 0s
2025-11-15 19:56:36 - wget stderr:  17750K .......... .......... .......... .......... .......... 97% 7.21M 0s
2025-11-15 19:56:36 - wget stderr:  17800K .......... .......... .......... .......... .......... 98% 10.8M 0s
2025-11-15 19:56:36 - wget stderr:  17850K .......... .......... .......... .......... .......... 98% 8.71M 0s
2025-11-15 19:56:36 - wget stderr:  17900K .......... .......... .......... .......... .......... 98% 7.62M 0s
2025-11-15 19:56:36 - wget stderr:  17950K .......... .......... .......... .......... .......... 98% 7.30M 0s
2025-11-15 19:56:36 - wget stderr:  18000K .......... .......... .......... .......... .......... 99% 11.7M 0s
2025-11-15 19:56:36 - wget stderr:  18050K .......... .......... .......... .......... .......... 99% 7.04M 0s
2025-11-15 19:56:36 - wget stderr:  18100K .......... .......... .......... .......... .......... 99% 10.2M 0s
2025-11-15 19:56:36 - wget stderr:  18150K .......... .......... .......... .......... .......... 99% 6.14M 0s
2025-11-15 19:56:36 - wget stderr:  18200K ..                                                    100% 44.1G=2.2s
2025-11-15 19:56:36 - wget stderr: 
2025-11-15 19:56:36 - wget stderr: 2025-11-15 19:56:36 (7.97 MB/s) - 'C:/Users/rdesktop1/AppData/Local/Temp/dokanyDownloads/DokanSetup.zip' saved [18639169/18639169]
2025-11-15 19:56:36 - wget stderr: 
2025-11-15 19:56:36 - Download and extraction complete.
2025-11-15 19:56:36 - Extraction complete.
2025-11-15 19:56:36 - Running installer: C:\Users\rdesktop1\AppData\Local\Temp\dokanyDownloads\DokanSetup\DokanSetup.exe /quiet
2025-11-15 20:02:02 - Installer finished with code 0
2025-11-15 20:02:05 - Showing Install screen.
2025-11-15 20:02:05 - Extracting zip content.
2025-11-15 20:02:05 - Extracting zip content in background...
2025-11-15 20:02:06 - Zip extraction completed.
2025-11-15 20:02:08 - [INFO] Creating installation folder.
2025-11-15 20:02:45 - Installation successful, showing finish screen.
2025-11-15 20:02:45 - Showing Finish screen.
2025-11-15 22:49:51 - Launched installed app: C:\RetroBat\RetroBat.exe
